{
    "parent": "item/generated",
    "textures": {
        "layer0": "item/golden_axe"
    },
    "overrides": [
        { "predicate": { "custom_model_data": 1000}, "model": "item/PLW-1992stock/TEST-clearancetesting" },
        { "predicate": { "custom_model_data": 1001}, "model": "item/PLW-vectron/HN_800" },
        { "predicate": { "custom_model_data": 1002}, "model": "item/PLW-vectron/panto_up" },
        { "predicate": { "custom_model_data": 1003}, "model": "item/PLW-vectron/panto_down" },
        { "predicate": { "custom_model_data": 1004}, "model": "item/golden_axe" },
        { "predicate": { "custom_model_data": 1005}, "model": "item/PLW-vectron/HN_170" },
        { "predicate": { "custom_model_data": 1006}, "model": "item/golden_axe" },
        { "predicate": { "custom_model_data": 2001}, "model": "item/PLW-IC-MkII/PLW-IC-MkII" },
        { "predicate": { "custom_model_data": 2002}, "model": "item/PLW-IC-MkII/PLW-IC-MkII_1st" },
        { "predicate": { "custom_model_data": 2003}, "model": "item/PLW-IC-MkII/PLW-IC-MkII_1stH" },
        { "predicate": { "custom_model_data": 2004}, "model": "item/PLW-IC-MkII/PLW-IC-MkII_b1" },
        { "predicate": { "custom_model_data": 2005}, "model": "item/PLW-IC-MkII/PLW-IC-MkII_b2" },
        { "predicate": { "custom_model_data": 2006}, "model": "item/golden_axe" },
        { "predicate": { "custom_model_data": 2101}, "model": "item/IC2/HN_IC2_A" },
        { "predicate": { "custom_model_data": 2102}, "model": "item/IC2/HN_IC2_B" },
        { "predicate": { "custom_model_data": 2103}, "model": "item/golden_axe" },
        { "predicate": { "custom_model_data": 10001}, "model": "item/PLW-cargo/HNC-hopper" },
        { "predicate": { "custom_model_data": 10002}, "model": "item/golden_axe" },
        { "predicate": { "custom_model_data": 20001}, "model": "item/PLW-class66/HN-66-a" },
        { "predicate": { "custom_model_data": 20002}, "model": "item/PLW-class66/HN-66-b" },
        { "predicate": { "custom_model_data": 20003}, "model": "item/PLW-class66/HN-66-m" },
        { "predicate": { "custom_model_data": 20004}, "model": "item/golden_axe" },
        { "predicate": { "custom_model_data": 30000}, "model": "item/HT-class378/class378" },
        { "predicate": { "custom_model_data": 30001}, "model": "item/HT-class378/class378-cab" },
        { "predicate": { "custom_model_data": 30002}, "model": "item/HT-class378/Door1" },
        { "predicate": { "custom_model_data": 30003}, "model": "item/HT-class378/Door2" },
        { "predicate": { "custom_model_data": 30004}, "model": "item/HT-class378/Ramp" },
        { "predicate": { "custom_model_data": 30005}, "model": "item/golden_axe" },
        { "predicate": { "custom_model_data": 30010}, "model": "item/BR484/BR484" },
        { "predicate": { "custom_model_data": 30011}, "model": "item/BR484/BR484F" },
        { "predicate": { "custom_model_data": 30012}, "model": "item/BR484/BR484P" },
        { "predicate": { "custom_model_data": 30013}, "model": "item/BR484/BR484B" },
        { "predicate": { "custom_model_data": 30014}, "model": "item/BR484/BR484C" },
        { "predicate": { "custom_model_data": 30015}, "model": "item/BR484/BR484Z" },
        { "predicate": { "custom_model_data": 30016}, "model": "item/golden_axe" },
        { "predicate": { "custom_model_data": 30101}, "model": "item/PLW-1992stock/PLW-C1992" },
        { "predicate": { "custom_model_data": 30102}, "model": "item/PLW-1992stock/PLW-C1992-cab" },
        { "predicate": { "custom_model_data": 30103}, "model": "item/PLW-1992stock/PLW-C1992-doorleft" },
        { "predicate": { "custom_model_data": 30104}, "model": "item/PLW-1992stock/PLW-C1992-doorright" },
        { "predicate": { "custom_model_data": 30105}, "model": "item/PLW-1992stock/PLW-C1992-M3map" },
        { "predicate": { "custom_model_data": 30106}, "model": "item/PLW-1992stock/PLW-C1992-M31map" },
        { "predicate": { "custom_model_data": 30107}, "model": "item/golden_axe" },
        { "predicate": { "custom_model_data": 30120}, "model": "item/HT-C6/HTC6" },
        { "predicate": { "custom_model_data": 30121}, "model": "item/golden_axe" },
        { "predicate": { "custom_model_data": 30200}, "model": "item/HT-Xstock/HT-X-F" },
        { "predicate": { "custom_model_data": 30201}, "model": "item/HT-Xstock/HT-X" },
        { "predicate": { "custom_model_data": 30202}, "model": "item/HT-Xstock/HT-X-AS" },
        { "predicate": { "custom_model_data": 30203}, "model": "item/HT-Xstock/HT-X-EX-door1L" },
        { "predicate": { "custom_model_data": 30204}, "model": "item/HT-Xstock/HT-X-EX-door1R" },
        { "predicate": { "custom_model_data": 30205}, "model": "item/HT-Xstock/HT-X-EX-door2L" },
        { "predicate": { "custom_model_data": 30206}, "model": "item/HT-Xstock/HT-X-EX-door2R" },
        { "predicate": { "custom_model_data": 30207}, "model": "item/HT-Xstock/HT-X-EX-doorsticker1L" },
        { "predicate": { "custom_model_data": 30208}, "model": "item/HT-Xstock/HT-X-EX-doorsticker1R" },
        { "predicate": { "custom_model_data": 30209}, "model": "item/HT-Xstock/HT-X-EX-doorsticker2L" },
        { "predicate": { "custom_model_data": 30210}, "model": "item/HT-Xstock/HT-X-EX-doorsticker2R" },
        { "predicate": { "custom_model_data": 30211}, "model": "item/HT-Xstock/HT-X-EX-frontlights" },
        { "predicate": { "custom_model_data": 30212}, "model": "item/HT-Xstock/HT-X-EX-rearlights" },
        { "predicate": { "custom_model_data": 30213}, "model": "item/HT-Xstock/HT-X-EX-markerF" },
        { "predicate": { "custom_model_data": 30214}, "model": "item/HT-Xstock/HT-X-EX-markerB" },
        { "predicate": { "custom_model_data": 30215}, "model": "item/HT-Xstock/HT-X-EX-ramp1" },
        { "predicate": { "custom_model_data": 30216}, "model": "item/HT-Xstock/HT-X-EX-ramp2" },
        { "predicate": { "custom_model_data": 30217}, "model": "item/HT-Xstock/HT-X-EX-infoscreen" },
        { "predicate": { "custom_model_data": 30218}, "model": "item/golden_axe" }

    ]
}