{
    "parent": "item/generated",
    "textures": {
        "layer0": "item/iron_nugget"
    },
    "overrides": [
        { "predicate": { "custom_model_data": 100}, "model": "item/unitnumbers/1-1" },
        { "predicate": { "custom_model_data": 101}, "model": "item/unitnumbers/1-2" },
        { "predicate": { "custom_model_data": 102}, "model": "item/unitnumbers/2-1" },
        { "predicate": { "custom_model_data": 103}, "model": "item/unitnumbers/2-2" },
        { "predicate": { "custom_model_data": 104}, "model": "item/iron_nugget" }

    ]
}