{
	"credit": "This model is made by Antlucl and Keonian_ for Harlon City Server only. It is strictly not permitted to modify or use this model for any other project. This model has been created using the Blockbench software.",
	"textures": {
		"0": "block/polished_deepslate",
		"3": "block/white_concrete",
		"4": "block/lime_concrete",
		"particle": "block/polished_deepslate"
	},
	"elements": [
		{
			"name": "Harlon City Server",
			"from": [1.63493, 16.84706, -0.45],
			"to": [2.13493, 17.04706, 3.15],
			"rotation": {"angle": -45, "axis": "z", "origin": [1.73493, 17.69706, 1.15]},
			"faces": {
				"north": {"uv": [15, 0, 16, 1], "texture": "#0"},
				"east": {"uv": [15, 0, 16, 1], "texture": "#0"},
				"south": {"uv": [15, 0, 16, 1], "texture": "#0"},
				"west": {"uv": [15, 0, 16, 1], "texture": "#0"},
				"up": {"uv": [15, 0, 16, 1], "texture": "#0"},
				"down": {"uv": [15, 0, 16, 1], "texture": "#0"}
			}
		},
		{
			"name": "Harlon City Server",
			"from": [1.63493, 16.04706, -0.65],
			"to": [2.13493, 17.04706, -0.45],
			"rotation": {"angle": -45, "axis": "z", "origin": [1.73493, 17.69706, -2.45]},
			"faces": {
				"north": {"uv": [15, 0, 16, 1], "texture": "#0"},
				"east": {"uv": [15, 0, 16, 1], "texture": "#0"},
				"south": {"uv": [15, 0, 16, 1], "texture": "#0"},
				"west": {"uv": [15, 0, 16, 1], "texture": "#0"},
				"up": {"uv": [15, 0, 16, 1], "texture": "#0"},
				"down": {"uv": [15, 0, 16, 1], "texture": "#0"}
			}
		},
		{
			"name": "Harlon City Server",
			"from": [1.63493, 16.04706, 3.15],
			"to": [2.13493, 17.04706, 3.35],
			"rotation": {"angle": -45, "axis": "z", "origin": [1.73493, 17.69706, 1.35]},
			"faces": {
				"north": {"uv": [15, 0, 16, 1], "texture": "#0"},
				"east": {"uv": [15, 0, 16, 1], "texture": "#0"},
				"south": {"uv": [15, 0, 16, 1], "texture": "#0"},
				"west": {"uv": [15, 0, 16, 1], "texture": "#0"},
				"up": {"uv": [15, 0, 16, 1], "texture": "#0"},
				"down": {"uv": [15, 0, 16, 1], "texture": "#0"}
			}
		},
		{
			"name": "Harlon City Server",
			"from": [0.97574, 15.30537, 3.15],
			"to": [1.47574, 16.60537, 3.35],
			"rotation": {"angle": -22.5, "axis": "z", "origin": [0.72574, 17.80537, 1.35]},
			"faces": {
				"north": {"uv": [15, 0, 16, 1], "texture": "#0"},
				"east": {"uv": [15, 0, 16, 1], "texture": "#0"},
				"south": {"uv": [15, 0, 16, 1], "texture": "#0"},
				"west": {"uv": [15, 0, 16, 1], "texture": "#0"},
				"up": {"uv": [15, 0, 16, 1], "texture": "#0"},
				"down": {"uv": [15, 0, 16, 1], "texture": "#0"}
			}
		},
		{
			"name": "Harlon City Server",
			"from": [0, 10.65, 3.15],
			"to": [0.5, 15.4, 3.35],
			"rotation": {"angle": 0, "axis": "y", "origin": [-0.5, -0.5, 7.35]},
			"faces": {
				"north": {"uv": [15, 0, 16, 1], "texture": "#0"},
				"east": {"uv": [15, 0, 16, 1], "texture": "#0"},
				"south": {"uv": [15, 0, 16, 1], "texture": "#0"},
				"west": {"uv": [15, 0, 16, 1], "texture": "#0"},
				"up": {"uv": [15, 0, 16, 1], "texture": "#0"},
				"down": {"uv": [15, 0, 16, 1], "texture": "#0"}
			}
		},
		{
			"name": "Harlon City Server",
			"from": [0, 10.65, -0.65],
			"to": [0.5, 15.4, -0.45],
			"rotation": {"angle": 0, "axis": "y", "origin": [-0.5, -0.5, 3.55]},
			"faces": {
				"north": {"uv": [15, 0, 16, 1], "texture": "#0"},
				"east": {"uv": [15, 0, 16, 1], "texture": "#0"},
				"south": {"uv": [15, 0, 16, 1], "texture": "#0"},
				"west": {"uv": [15, 0, 16, 1], "texture": "#0"},
				"up": {"uv": [15, 0, 16, 1], "texture": "#0"},
				"down": {"uv": [15, 0, 16, 1], "texture": "#0"}
			}
		},
		{
			"name": "Harlon City Server",
			"from": [0.97574, 15.30537, -0.65],
			"to": [1.47574, 16.60537, -0.45],
			"rotation": {"angle": -22.5, "axis": "z", "origin": [0.72574, 17.80537, -2.45]},
			"faces": {
				"north": {"uv": [15, 0, 16, 1], "texture": "#0"},
				"east": {"uv": [15, 0, 16, 1], "texture": "#0"},
				"south": {"uv": [15, 0, 16, 1], "texture": "#0"},
				"west": {"uv": [15, 0, 16, 1], "texture": "#0"},
				"up": {"uv": [15, 0, 16, 1], "texture": "#0"},
				"down": {"uv": [15, 0, 16, 1], "texture": "#0"}
			}
		},
		{
			"name": "Harlon City Server",
			"from": [0, 10.65, -0.45],
			"to": [0.5, 10.9, 3.15],
			"rotation": {"angle": 0, "axis": "y", "origin": [-0.5, -0.5, 7.15]},
			"faces": {
				"north": {"uv": [15, 0, 16, 1], "texture": "#0"},
				"east": {"uv": [15, 0, 16, 1], "texture": "#0"},
				"south": {"uv": [15, 0, 16, 1], "texture": "#0"},
				"west": {"uv": [15, 0, 16, 1], "texture": "#0"},
				"up": {"uv": [15, 0, 16, 1], "texture": "#0"},
				"down": {"uv": [15, 0, 16, 1], "texture": "#0"}
			}
		},
		{
			"name": "Harlon City Server",
			"from": [0, 6.9, -1.15],
			"to": [0.5, 10.65, 5.35],
			"rotation": {"angle": 0, "axis": "y", "origin": [0, -0.5, 19.85]},
			"faces": {
				"north": {"uv": [8, 0, 0, 6], "texture": "#4"},
				"east": {"uv": [8, 0, 0, 6], "texture": "#3"},
				"south": {"uv": [8, 0, 0, 6], "texture": "#4"},
				"west": {"uv": [8, 0, 0, 6], "texture": "#4"},
				"up": {"uv": [15, 1, 16, 0], "texture": "#0"},
				"down": {"uv": [0, 6, 8, 0], "texture": "#4"}
			}
		},
		{
			"name": "Harlon City Server",
			"from": [0, 4.9, -1.15],
			"to": [0.5, 6.9, 5.35],
			"rotation": {"angle": 0, "axis": "y", "origin": [0, -0.5, 19.85]},
			"faces": {
				"north": {"uv": [8, 0, 0, 6], "texture": "#4"},
				"east": {"uv": [15, 1, 7, 3], "texture": "#0"},
				"south": {"uv": [8, 0, 0, 6], "texture": "#4"},
				"west": {"uv": [8, 0, 0, 6], "texture": "#4"},
				"up": {"uv": [15, 1, 16, 0], "texture": "#0"},
				"down": {"uv": [0, 6, 8, 0], "texture": "#4"}
			}
		},
		{
			"name": "Harlon City Server",
			"from": [0, 10.65, 3.35],
			"to": [0.5, 15.4, 5.35],
			"rotation": {"angle": 0, "axis": "y", "origin": [-0.5, -0.5, 0.85]},
			"faces": {
				"north": {"uv": [16, 0, 15, 1], "texture": "#0"},
				"east": {"uv": [3, 0, 0, 5], "texture": "#3"},
				"south": {"uv": [3, 0, 0, 5], "texture": "#4"},
				"west": {"uv": [3, 0, 0, 5], "texture": "#4"},
				"up": {"uv": [0, 5, 3, 0], "texture": "#4"},
				"down": {"uv": [0, 5, 3, 0], "texture": "#4"}
			}
		},
		{
			"name": "Harlon City Server",
			"from": [0, 10.65, -1.15],
			"to": [0.5, 15.4, -0.65],
			"rotation": {"angle": 0, "axis": "y", "origin": [-0.5, -0.5, -5.15]},
			"faces": {
				"north": {"uv": [3, 0, 0, 5], "texture": "#4"},
				"east": {"uv": [3, 0, 0, 5], "texture": "#3"},
				"south": {"uv": [16, 0, 15, 1], "texture": "#0"},
				"west": {"uv": [3, 0, 0, 5], "texture": "#4"},
				"up": {"uv": [0, 5, 3, 0], "texture": "#4"},
				"down": {"uv": [0, 5, 3, 0], "texture": "#4"}
			}
		},
		{
			"name": "Harlon City Server",
			"from": [0.97574, 15.30537, -1.15],
			"to": [1.47574, 16.60537, -0.65],
			"rotation": {"angle": -22.5, "axis": "z", "origin": [0.72574, 17.80537, 0.85]},
			"faces": {
				"north": {"uv": [3, 0, 0, 1], "texture": "#4"},
				"east": {"uv": [3, 0, 0, 1], "texture": "#3"},
				"south": {"uv": [16, 0, 15, 1], "texture": "#0"},
				"west": {"uv": [3, 0, 0, 1], "texture": "#4"},
				"up": {"uv": [0, 1, 3, 0], "texture": "#4"},
				"down": {"uv": [0, 1, 3, 0], "texture": "#4"}
			}
		},
		{
			"name": "Harlon City Server",
			"from": [1.63493, 16.04706, -1.15],
			"to": [2.13493, 19.54706, -0.65],
			"rotation": {"angle": -45, "axis": "z", "origin": [1.73493, 17.69706, 0.85]},
			"faces": {
				"north": {"uv": [3, 0, 0, 3.5], "texture": "#4"},
				"east": {"uv": [3, 0, 0, 3.5], "texture": "#3"},
				"south": {"uv": [16, 0, 15, 1], "texture": "#0"},
				"west": {"uv": [3, 0, 0, 3.5], "texture": "#4"},
				"up": {"uv": [0, 3.5, 3, 0], "texture": "#4"},
				"down": {"uv": [0, 3.5, 3, 0], "texture": "#4"}
			}
		},
		{
			"name": "Harlon City Server",
			"from": [1.63493, 17.04706, -0.65],
			"to": [2.13493, 19.54706, 3.35],
			"rotation": {"angle": -45, "axis": "z", "origin": [1.73493, 17.69706, 6.85]},
			"faces": {
				"north": {"uv": [3, 0, 0, 3.5], "texture": "#4"},
				"east": {"uv": [3, 0, 0, 3.5], "texture": "#3"},
				"south": {"uv": [3, 0, 0, 3.5], "texture": "#4"},
				"west": {"uv": [3, 0, 0, 3.5], "texture": "#4"},
				"up": {"uv": [0, 3.5, 3, 0], "texture": "#4"},
				"down": {"uv": [15, 1, 16, 0], "texture": "#0"}
			}
		},
		{
			"name": "Harlon City Server",
			"from": [1.63493, 16.04706, 3.35],
			"to": [2.13493, 19.54706, 5.35],
			"rotation": {"angle": -45, "axis": "z", "origin": [1.73493, 17.69706, 6.85]},
			"faces": {
				"north": {"uv": [16, 0, 15, 1], "texture": "#0"},
				"east": {"uv": [3, 0, 0, 3.5], "texture": "#3"},
				"south": {"uv": [3, 0, 0, 3.5], "texture": "#4"},
				"west": {"uv": [3, 0, 0, 3.5], "texture": "#4"},
				"up": {"uv": [0, 3.5, 3, 0], "texture": "#4"},
				"down": {"uv": [0, 3.5, 3, 0], "texture": "#4"}
			}
		},
		{
			"name": "Harlon City Server",
			"from": [0.97574, 15.30537, 3.35],
			"to": [1.47574, 16.60537, 5.35],
			"rotation": {"angle": -22.5, "axis": "z", "origin": [0.72574, 17.80537, 6.85]},
			"faces": {
				"north": {"uv": [16, 0, 15, 1], "texture": "#0"},
				"east": {"uv": [3, 0, 0, 1], "texture": "#3"},
				"south": {"uv": [3, 0, 0, 1], "texture": "#4"},
				"west": {"uv": [3, 0, 0, 1], "texture": "#4"},
				"up": {"uv": [0, 1, 3, 0], "texture": "#4"},
				"down": {"uv": [0, 1, 3, 0], "texture": "#4"}
			}
		},
		{
			"name": "Harlon City Server",
			"from": [1.63493, 16.04706, -1.25],
			"to": [2.13493, 19.54706, -1.15],
			"rotation": {"angle": -45, "axis": "z", "origin": [1.73493, 17.69706, -3.15]},
			"faces": {
				"north": {"uv": [15, 0, 16, 1], "texture": "#0"},
				"east": {"uv": [15, 0, 16, 1], "texture": "#0"},
				"south": {"uv": [15, 0, 16, 1], "texture": "#0"},
				"west": {"uv": [15, 0, 16, 1], "texture": "#0"},
				"up": {"uv": [15, 0, 16, 1], "texture": "#0"},
				"down": {"uv": [15, 0, 16, 1], "texture": "#0"}
			}
		},
		{
			"name": "Harlon City Server",
			"from": [0.97574, 15.30537, -1.25],
			"to": [1.47574, 16.60537, -1.15],
			"rotation": {"angle": -22.5, "axis": "z", "origin": [0.72574, 17.80537, -3.15]},
			"faces": {
				"north": {"uv": [15, 0, 16, 1], "texture": "#0"},
				"east": {"uv": [15, 0, 16, 1], "texture": "#0"},
				"south": {"uv": [15, 0, 16, 1], "texture": "#0"},
				"west": {"uv": [15, 0, 16, 1], "texture": "#0"},
				"up": {"uv": [15, 0, 16, 1], "texture": "#0"},
				"down": {"uv": [15, 0, 16, 1], "texture": "#0"}
			}
		},
		{
			"name": "Harlon City Server",
			"from": [0, 4.9, -1.25],
			"to": [0.5, 15.4, -1.15],
			"rotation": {"angle": 0, "axis": "y", "origin": [-0.5, -0.5, 2.85]},
			"faces": {
				"north": {"uv": [15, 0, 16, 1], "texture": "#0"},
				"east": {"uv": [15, 0, 16, 1], "texture": "#0"},
				"south": {"uv": [15, 0, 16, 1], "texture": "#0"},
				"west": {"uv": [15, 0, 16, 1], "texture": "#0"},
				"up": {"uv": [15, 0, 16, 1], "texture": "#0"},
				"down": {"uv": [15, 0, 16, 1], "texture": "#0"}
			}
		}
	],
	"display": {
		"thirdperson_righthand": {
			"scale": [4, 4, 4]
		},
		"head": {
			"scale": [4, 4, 4]
		}
	},
	"groups": [
		{
			"name": "group",
			"origin": [0, 0, 0],
			"color": 0,
			"children": []
		},
		{
			"name": "Seats",
			"origin": [0, 0, 0],
			"color": 0,
			"children": []
		},
		{
			"name": "Windows",
			"origin": [1.73493, 17.69706, 29.35],
			"color": 0,
			"children": [0, 1, 2, 3, 4, 5, 6, 7]
		},
		{
			"name": "Windows",
			"origin": [1.73493, 17.69706, 29.35],
			"color": 0,
			"children": []
		},
		8,
		9,
		10,
		11,
		12,
		13,
		14,
		15,
		16,
		17,
		18,
		19,
		{
			"name": "Coupler",
			"origin": [-0.5, -0.5, 2.1],
			"color": 0,
			"children": []
		},
		{
			"name": "Lights",
			"origin": [8, 12.325, 15.85],
			"color": 0,
			"children": []
		},
		{
			"name": "Lights",
			"origin": [8, 12.325, 15.85],
			"color": 0,
			"children": []
		}
	]
}