{
	"credit": "This model is made by Antlucl and Keonian_ for Harlon City Server only. It is strictly not permitted to modify or use this model for any other project. This model has been created using the Blockbench software.",
	"textures": {
		"1": "block/iron_bars",
		"3": "block/polished_deepslate",
		"particle": "block/dripstone_block"
	},
	"elements": [
		{
			"name": "Harlon City Server",
			"from": [12.3, -15.4, 0],
			"to": [13.05, -15.15, 16],
			"faces": {
				"north": {"uv": [2, 0, 2.75, 0.25], "texture": "#1"},
				"east": {"uv": [2, 0, 4, 2], "texture": "#1"},
				"south": {"uv": [2, 0, 2.75, 0.25], "texture": "#1"},
				"west": {"uv": [2, 0, 4, 2], "texture": "#1"},
				"up": {"uv": [2, 0, 3.75, 16], "texture": "#1"},
				"down": {"uv": [2, 0, 3.75, 16], "texture": "#1"}
			}
		},
		{
			"name": "Harlon City Server",
			"from": [12.55, -15.15, 0],
			"to": [12.8, -14.45, 16],
			"faces": {
				"north": {"uv": [2, 2, 2.25, 2.65], "texture": "#1"},
				"east": {"uv": [2, 2, 9, 4], "texture": "#1"},
				"south": {"uv": [2, 2, 2.25, 2.65], "texture": "#1"},
				"west": {"uv": [2, 2, 9, 4], "texture": "#1"},
				"up": {"uv": [4, 2, 7, 3], "texture": "#1"},
				"down": {"uv": [2, 2, 9, 4], "texture": "#1"}
			}
		},
		{
			"name": "Harlon City Server",
			"from": [2.95, -15.4, 0],
			"to": [3.7, -15.15, 16],
			"faces": {
				"north": {"uv": [2, 0, 2.75, 0.25], "texture": "#1"},
				"east": {"uv": [2, 0, 4, 2], "texture": "#1"},
				"south": {"uv": [2, 0, 2.75, 0.25], "texture": "#1"},
				"west": {"uv": [2, 0, 4, 2], "texture": "#1"},
				"up": {"uv": [2, 0, 3.75, 16], "texture": "#1"},
				"down": {"uv": [2, 0, 3.75, 16], "texture": "#1"}
			}
		},
		{
			"name": "Harlon City Server",
			"from": [3.2, -15.15, 0],
			"to": [3.45, -14.45, 16],
			"faces": {
				"north": {"uv": [2, 2, 2.25, 2.65], "texture": "#1"},
				"east": {"uv": [2, 2, 9, 4], "texture": "#1"},
				"south": {"uv": [2, 2, 2.25, 2.65], "texture": "#1"},
				"west": {"uv": [2, 2, 9, 4], "texture": "#1"},
				"up": {"uv": [4, 2, 7, 3], "texture": "#1"},
				"down": {"uv": [2, 2, 9, 4], "texture": "#1"}
			}
		},
		{
			"name": "Harlon City Server",
			"from": [11, -16, 13],
			"to": [14.5, -15.4, 15],
			"faces": {
				"north": {"uv": [15.25, 12, 16, 13], "texture": "#3"},
				"east": {"uv": [15.25, 12, 16, 13], "texture": "#3"},
				"south": {"uv": [15.25, 12, 16, 13], "texture": "#3"},
				"west": {"uv": [15.25, 12, 16, 13], "texture": "#3"},
				"up": {"uv": [15.25, 12, 16, 13], "texture": "#3"},
				"down": {"uv": [15.25, 12, 16, 13], "texture": "#3"}
			}
		},
		{
			"name": "Harlon City Server",
			"from": [11, -16, 9],
			"to": [14.5, -15.4, 11],
			"faces": {
				"north": {"uv": [15.25, 7, 16, 8], "texture": "#3"},
				"east": {"uv": [15.25, 7, 16, 8], "texture": "#3"},
				"south": {"uv": [15.25, 7, 16, 8], "texture": "#3"},
				"west": {"uv": [15.25, 7, 16, 8], "texture": "#3"},
				"up": {"uv": [15.25, 7, 16, 8], "texture": "#3"},
				"down": {"uv": [15.25, 7, 16, 8], "texture": "#3"}
			}
		},
		{
			"name": "Harlon City Server",
			"from": [11, -16, 5],
			"to": [14.5, -15.4, 7],
			"faces": {
				"north": {"uv": [15.25, 3, 16, 4], "texture": "#3"},
				"east": {"uv": [15.25, 3, 16, 4], "texture": "#3"},
				"south": {"uv": [15.25, 3, 16, 4], "texture": "#3"},
				"west": {"uv": [15.25, 3, 16, 4], "texture": "#3"},
				"up": {"uv": [15.25, 3, 16, 4], "texture": "#3"},
				"down": {"uv": [15.25, 3, 16, 4], "texture": "#3"}
			}
		},
		{
			"name": "Harlon City Server",
			"from": [11, -16, 1],
			"to": [14.5, -15.4, 3],
			"faces": {
				"north": {"uv": [15.25, 0, 16, 1], "texture": "#3"},
				"east": {"uv": [15.25, 0, 16, 1], "texture": "#3"},
				"south": {"uv": [15.25, 0, 16, 1], "texture": "#3"},
				"west": {"uv": [15.25, 0, 16, 1], "texture": "#3"},
				"up": {"uv": [15.25, 0, 16, 1], "texture": "#3"},
				"down": {"uv": [15.25, 0, 16, 1], "texture": "#3"}
			}
		},
		{
			"name": "Harlon City Server",
			"from": [1.5, -16, 13],
			"to": [5.25, -15.4, 15],
			"faces": {
				"north": {"uv": [15.25, 12, 16, 13], "texture": "#3"},
				"east": {"uv": [15.25, 12, 16, 13], "texture": "#3"},
				"south": {"uv": [15.25, 12, 16, 13], "texture": "#3"},
				"west": {"uv": [15.25, 12, 16, 13], "texture": "#3"},
				"up": {"uv": [15.25, 12, 16, 13], "texture": "#3"},
				"down": {"uv": [15.25, 12, 16, 13], "texture": "#3"}
			}
		},
		{
			"name": "Harlon City Server",
			"from": [1.5, -16, 9],
			"to": [5.25, -15.4, 11],
			"faces": {
				"north": {"uv": [15.25, 7, 16, 8], "texture": "#3"},
				"east": {"uv": [15.25, 7, 16, 8], "texture": "#3"},
				"south": {"uv": [15.25, 7, 16, 8], "texture": "#3"},
				"west": {"uv": [15.25, 7, 16, 8], "texture": "#3"},
				"up": {"uv": [15.25, 7, 16, 8], "texture": "#3"},
				"down": {"uv": [15.25, 7, 16, 8], "texture": "#3"}
			}
		},
		{
			"name": "Harlon City Server",
			"from": [1.5, -16, 5],
			"to": [5.25, -15.4, 7],
			"faces": {
				"north": {"uv": [15.25, 3, 16, 4], "texture": "#3"},
				"east": {"uv": [15.25, 3, 16, 4], "texture": "#3"},
				"south": {"uv": [15.25, 3, 16, 4], "texture": "#3"},
				"west": {"uv": [15.25, 3, 16, 4], "texture": "#3"},
				"up": {"uv": [15.25, 3, 16, 4], "texture": "#3"},
				"down": {"uv": [15.25, 3, 16, 4], "texture": "#3"}
			}
		},
		{
			"name": "Harlon City Server",
			"from": [1.5, -16, 1],
			"to": [5.25, -15.4, 3],
			"faces": {
				"north": {"uv": [15.25, 0, 16, 1], "texture": "#3"},
				"east": {"uv": [15.25, 0, 16, 1], "texture": "#3"},
				"south": {"uv": [15.25, 0, 16, 1], "texture": "#3"},
				"west": {"uv": [15.25, 0, 16, 1], "texture": "#3"},
				"up": {"uv": [15.25, 0, 16, 1], "texture": "#3"},
				"down": {"uv": [15.25, 0, 16, 1], "texture": "#3"}
			}
		},
		{
			"name": "Harlon City Server",
			"from": [2.45, -15.4, 13.4],
			"to": [2.95, -15.25, 14.6],
			"faces": {
				"north": {"uv": [2, 0, 3, 1], "texture": "#1"},
				"east": {"uv": [2, 0, 3, 1], "texture": "#1"},
				"south": {"uv": [2, 0, 3, 1], "texture": "#1"},
				"west": {"uv": [2, 0, 3, 1], "texture": "#1"},
				"up": {"uv": [2, 0, 3, 1], "texture": "#1"},
				"down": {"uv": [2, 0, 3, 1], "texture": "#1"}
			}
		},
		{
			"name": "Harlon City Server",
			"from": [3.7, -15.4, 13.4],
			"to": [4.2, -15.25, 14.6],
			"faces": {
				"north": {"uv": [2, 0, 3, 1], "texture": "#1"},
				"east": {"uv": [2, 0, 3, 1], "texture": "#1"},
				"south": {"uv": [2, 0, 3, 1], "texture": "#1"},
				"west": {"uv": [2, 0, 3, 1], "texture": "#1"},
				"up": {"uv": [2, 0, 3, 1], "texture": "#1"},
				"down": {"uv": [2, 0, 3, 1], "texture": "#1"}
			}
		},
		{
			"name": "Harlon City Server",
			"from": [11.8, -15.4, 13.4],
			"to": [12.3, -15.25, 14.6],
			"faces": {
				"north": {"uv": [2, 0, 3, 1], "texture": "#1"},
				"east": {"uv": [2, 0, 3, 1], "texture": "#1"},
				"south": {"uv": [2, 0, 3, 1], "texture": "#1"},
				"west": {"uv": [2, 0, 3, 1], "texture": "#1"},
				"up": {"uv": [2, 0, 3, 1], "texture": "#1"},
				"down": {"uv": [2, 0, 3, 1], "texture": "#1"}
			}
		},
		{
			"name": "Harlon City Server",
			"from": [13.05, -15.4, 13.4],
			"to": [13.55, -15.25, 14.6],
			"faces": {
				"north": {"uv": [2, 0, 3, 1], "texture": "#1"},
				"east": {"uv": [2, 0, 3, 1], "texture": "#1"},
				"south": {"uv": [2, 0, 3, 1], "texture": "#1"},
				"west": {"uv": [2, 0, 3, 1], "texture": "#1"},
				"up": {"uv": [2, 0, 3, 1], "texture": "#1"},
				"down": {"uv": [2, 0, 3, 1], "texture": "#1"}
			}
		},
		{
			"name": "Harlon City Server",
			"from": [11.8, -15.4, 9.4],
			"to": [12.3, -15.25, 10.6],
			"faces": {
				"north": {"uv": [2, 0, 3, 1], "texture": "#1"},
				"east": {"uv": [2, 0, 3, 1], "texture": "#1"},
				"south": {"uv": [2, 0, 3, 1], "texture": "#1"},
				"west": {"uv": [2, 0, 3, 1], "texture": "#1"},
				"up": {"uv": [2, 0, 3, 1], "texture": "#1"},
				"down": {"uv": [2, 0, 3, 1], "texture": "#1"}
			}
		},
		{
			"name": "Harlon City Server",
			"from": [13.05, -15.4, 9.4],
			"to": [13.55, -15.25, 10.6],
			"faces": {
				"north": {"uv": [2, 0, 3, 1], "texture": "#1"},
				"east": {"uv": [2, 0, 3, 1], "texture": "#1"},
				"south": {"uv": [2, 0, 3, 1], "texture": "#1"},
				"west": {"uv": [2, 0, 3, 1], "texture": "#1"},
				"up": {"uv": [2, 0, 3, 1], "texture": "#1"},
				"down": {"uv": [2, 0, 3, 1], "texture": "#1"}
			}
		},
		{
			"name": "Harlon City Server",
			"from": [3.7, -15.4, 9.4],
			"to": [4.2, -15.25, 10.6],
			"faces": {
				"north": {"uv": [2, 0, 3, 1], "texture": "#1"},
				"east": {"uv": [2, 0, 3, 1], "texture": "#1"},
				"south": {"uv": [2, 0, 3, 1], "texture": "#1"},
				"west": {"uv": [2, 0, 3, 1], "texture": "#1"},
				"up": {"uv": [2, 0, 3, 1], "texture": "#1"},
				"down": {"uv": [2, 0, 3, 1], "texture": "#1"}
			}
		},
		{
			"name": "Harlon City Server",
			"from": [2.45, -15.4, 9.4],
			"to": [2.95, -15.25, 10.6],
			"faces": {
				"north": {"uv": [2, 0, 3, 1], "texture": "#1"},
				"east": {"uv": [2, 0, 3, 1], "texture": "#1"},
				"south": {"uv": [2, 0, 3, 1], "texture": "#1"},
				"west": {"uv": [2, 0, 3, 1], "texture": "#1"},
				"up": {"uv": [2, 0, 3, 1], "texture": "#1"},
				"down": {"uv": [2, 0, 3, 1], "texture": "#1"}
			}
		},
		{
			"name": "Harlon City Server",
			"from": [11.8, -15.4, 5.4],
			"to": [12.3, -15.25, 6.6],
			"faces": {
				"north": {"uv": [2, 0, 3, 1], "texture": "#1"},
				"east": {"uv": [2, 0, 3, 1], "texture": "#1"},
				"south": {"uv": [2, 0, 3, 1], "texture": "#1"},
				"west": {"uv": [2, 0, 3, 1], "texture": "#1"},
				"up": {"uv": [2, 0, 3, 1], "texture": "#1"},
				"down": {"uv": [2, 0, 3, 1], "texture": "#1"}
			}
		},
		{
			"name": "Harlon City Server",
			"from": [13.05, -15.4, 5.4],
			"to": [13.55, -15.25, 6.6],
			"faces": {
				"north": {"uv": [2, 0, 3, 1], "texture": "#1"},
				"east": {"uv": [2, 0, 3, 1], "texture": "#1"},
				"south": {"uv": [2, 0, 3, 1], "texture": "#1"},
				"west": {"uv": [2, 0, 3, 1], "texture": "#1"},
				"up": {"uv": [2, 0, 3, 1], "texture": "#1"},
				"down": {"uv": [2, 0, 3, 1], "texture": "#1"}
			}
		},
		{
			"name": "Harlon City Server",
			"from": [3.7, -15.4, 5.4],
			"to": [4.2, -15.25, 6.6],
			"faces": {
				"north": {"uv": [2, 0, 3, 1], "texture": "#1"},
				"east": {"uv": [2, 0, 3, 1], "texture": "#1"},
				"south": {"uv": [2, 0, 3, 1], "texture": "#1"},
				"west": {"uv": [2, 0, 3, 1], "texture": "#1"},
				"up": {"uv": [2, 0, 3, 1], "texture": "#1"},
				"down": {"uv": [2, 0, 3, 1], "texture": "#1"}
			}
		},
		{
			"name": "Harlon City Server",
			"from": [2.45, -15.4, 5.4],
			"to": [2.95, -15.25, 6.6],
			"faces": {
				"north": {"uv": [2, 0, 3, 1], "texture": "#1"},
				"east": {"uv": [2, 0, 3, 1], "texture": "#1"},
				"south": {"uv": [2, 0, 3, 1], "texture": "#1"},
				"west": {"uv": [2, 0, 3, 1], "texture": "#1"},
				"up": {"uv": [2, 0, 3, 1], "texture": "#1"},
				"down": {"uv": [2, 0, 3, 1], "texture": "#1"}
			}
		},
		{
			"name": "Harlon City Server",
			"from": [11.8, -15.4, 1.4],
			"to": [12.3, -15.25, 2.6],
			"faces": {
				"north": {"uv": [2, 0, 3, 1], "texture": "#1"},
				"east": {"uv": [2, 0, 3, 1], "texture": "#1"},
				"south": {"uv": [2, 0, 3, 1], "texture": "#1"},
				"west": {"uv": [2, 0, 3, 1], "texture": "#1"},
				"up": {"uv": [2, 0, 3, 1], "texture": "#1"},
				"down": {"uv": [2, 0, 3, 1], "texture": "#1"}
			}
		},
		{
			"name": "Harlon City Server",
			"from": [13.05, -15.4, 1.4],
			"to": [13.55, -15.25, 2.6],
			"faces": {
				"north": {"uv": [2, 0, 3, 1], "texture": "#1"},
				"east": {"uv": [2, 0, 3, 1], "texture": "#1"},
				"south": {"uv": [2, 0, 3, 1], "texture": "#1"},
				"west": {"uv": [2, 0, 3, 1], "texture": "#1"},
				"up": {"uv": [2, 0, 3, 1], "texture": "#1"},
				"down": {"uv": [2, 0, 3, 1], "texture": "#1"}
			}
		},
		{
			"name": "Harlon City Server",
			"from": [3.7, -15.4, 1.4],
			"to": [4.2, -15.25, 2.6],
			"faces": {
				"north": {"uv": [2, 0, 3, 1], "texture": "#1"},
				"east": {"uv": [2, 0, 3, 1], "texture": "#1"},
				"south": {"uv": [2, 0, 3, 1], "texture": "#1"},
				"west": {"uv": [2, 0, 3, 1], "texture": "#1"},
				"up": {"uv": [2, 0, 3, 1], "texture": "#1"},
				"down": {"uv": [2, 0, 3, 1], "texture": "#1"}
			}
		},
		{
			"name": "Harlon City Server",
			"from": [2.45, -15.4, 1.4],
			"to": [2.95, -15.25, 2.6],
			"faces": {
				"north": {"uv": [2, 0, 3, 1], "texture": "#1"},
				"east": {"uv": [2, 0, 3, 1], "texture": "#1"},
				"south": {"uv": [2, 0, 3, 1], "texture": "#1"},
				"west": {"uv": [2, 0, 3, 1], "texture": "#1"},
				"up": {"uv": [2, 0, 3, 1], "texture": "#1"},
				"down": {"uv": [2, 0, 3, 1], "texture": "#1"}
			}
		}
	],
	"display": {
		"thirdperson_righthand": {
			"scale": [4, 4, 4]
		},
		"head": {
			"scale": [4, 4, 4]
		}
	},
	"groups": [
		{
			"name": "Rail",
			"origin": [0, 0, 0],
			"color": 0,
			"children": [0, 1, 2, 3]
		},
		{
			"name": "Sleepers",
			"origin": [0, 0, 0],
			"color": 0,
			"children": [
				4,
				5,
				6,
				7,
				8,
				9,
				10,
				11,
				{
					"name": "Joiners",
					"origin": [0, 0, 0],
					"color": 0,
					"children": [12, 13, 14, 15, 16, 17, 18, 19, 20, 21, 22, 23, 24, 25, 26, 27]
				}
			]
		},
		{
			"name": "OHL",
			"origin": [0, 0, 0],
			"color": 0,
			"children": []
		}
	]
}