{
	"credit": "Made with Blockbench",
	"textures": {
		"4": "block/red_concrete",
		"5": "block/white_concrete"
	},
	"elements": [
		{
			"name": "Harlon City Server",
			"from": [12.3, -14.45, 3],
			"to": [13.2, -13.55, 13],
			"faces": {
				"north": {"uv": [16, 3, 10, 4], "texture": "#4"},
				"east": {"uv": [16, 3, 10, 4], "texture": "#4"},
				"south": {"uv": [16, 3, 10, 4], "texture": "#4"},
				"west": {"uv": [16, 3, 10, 4], "texture": "#4"},
				"up": {"uv": [16, 3, 10, 4], "texture": "#4"},
				"down": {"uv": [16, 3, 10, 4], "texture": "#4"}
			}
		},
		{
			"name": "Harlon City Server",
			"from": [7.05, -10.2, 3.5],
			"to": [8.95, -8.8, 12],
			"faces": {
				"north": {"uv": [16, 3, 10, 4], "texture": "#4"},
				"east": {"uv": [16, 3, 10, 4], "texture": "#4"},
				"south": {"uv": [16, 3, 10, 4], "texture": "#4"},
				"west": {"uv": [16, 3, 10, 4], "texture": "#4"},
				"up": {"uv": [16, 3, 10, 4], "texture": "#4"},
				"down": {"uv": [16, 3, 10, 4], "texture": "#4"}
			}
		},
		{
			"name": "Harlon City Server",
			"from": [3.8, -10.45, 2],
			"to": [12.2, -8.3, 3.5],
			"faces": {
				"north": {"uv": [16, 3, 10, 4], "texture": "#4"},
				"east": {"uv": [16, 3, 10, 4], "texture": "#4"},
				"south": {"uv": [16, 3, 10, 4], "texture": "#4"},
				"west": {"uv": [16, 3, 10, 4], "texture": "#4"},
				"up": {"uv": [16, 3, 10, 4], "texture": "#4"},
				"down": {"uv": [16, 3, 10, 4], "texture": "#4"}
			}
		},
		{
			"name": "Harlon City Server",
			"from": [10.05, -8.95, 1.5],
			"to": [12.2, -8.3, 2],
			"faces": {
				"north": {"uv": [16, 3, 10, 4], "texture": "#4"},
				"east": {"uv": [16, 3, 10, 4], "texture": "#4"},
				"south": {"uv": [16, 3, 10, 4], "texture": "#4"},
				"west": {"uv": [16, 3, 10, 4], "texture": "#4"},
				"up": {"uv": [16, 3, 10, 4], "texture": "#4"},
				"down": {"uv": [16, 3, 10, 4], "texture": "#4"}
			}
		},
		{
			"name": "Harlon City Server",
			"from": [10.05, -10.25, 1.5],
			"to": [12.2, -9.6, 2],
			"faces": {
				"north": {"uv": [16, 3, 10, 4], "texture": "#4"},
				"east": {"uv": [16, 3, 10, 4], "texture": "#4"},
				"south": {"uv": [16, 3, 10, 4], "texture": "#4"},
				"west": {"uv": [16, 3, 10, 4], "texture": "#4"},
				"up": {"uv": [16, 3, 10, 4], "texture": "#4"},
				"down": {"uv": [16, 3, 10, 4], "texture": "#4"}
			}
		},
		{
			"name": "Harlon City Server",
			"from": [10.05, -9.6, 1.5],
			"to": [12.2, -8.95, 2],
			"faces": {
				"north": {"uv": [16, 3, 10, 4], "texture": "#5"},
				"east": {"uv": [16, 3, 10, 4], "texture": "#5"},
				"south": {"uv": [16, 3, 10, 4], "texture": "#5"},
				"west": {"uv": [16, 3, 10, 4], "texture": "#5"},
				"up": {"uv": [16, 3, 10, 4], "texture": "#5"},
				"down": {"uv": [16, 3, 10, 4], "texture": "#5"}
			}
		},
		{
			"name": "Harlon City Server",
			"from": [5.95, -9.6, 1.99],
			"to": [10.05, -8.95, 2],
			"faces": {
				"north": {"uv": [16, 3, 10, 4], "texture": "#5"},
				"east": {"uv": [16, 3, 10, 4], "texture": "#5"},
				"south": {"uv": [16, 3, 10, 4], "texture": "#5"},
				"west": {"uv": [16, 3, 10, 4], "texture": "#5"},
				"up": {"uv": [16, 3, 10, 4], "texture": "#5"},
				"down": {"uv": [16, 3, 10, 4], "texture": "#5"}
			}
		},
		{
			"name": "Harlon City Server",
			"from": [3.8, -8.95, 1.5],
			"to": [5.95, -8.3, 2],
			"faces": {
				"north": {"uv": [16, 3, 10, 4], "texture": "#4"},
				"east": {"uv": [16, 3, 10, 4], "texture": "#4"},
				"south": {"uv": [16, 3, 10, 4], "texture": "#4"},
				"west": {"uv": [16, 3, 10, 4], "texture": "#4"},
				"up": {"uv": [16, 3, 10, 4], "texture": "#4"},
				"down": {"uv": [16, 3, 10, 4], "texture": "#4"}
			}
		},
		{
			"name": "Harlon City Server",
			"from": [3.8, -9.6, 1.5],
			"to": [5.95, -8.95, 2],
			"faces": {
				"north": {"uv": [16, 3, 10, 4], "texture": "#5"},
				"east": {"uv": [16, 3, 10, 4], "texture": "#5"},
				"south": {"uv": [16, 3, 10, 4], "texture": "#5"},
				"west": {"uv": [16, 3, 10, 4], "texture": "#5"},
				"up": {"uv": [16, 3, 10, 4], "texture": "#5"},
				"down": {"uv": [16, 3, 10, 4], "texture": "#5"}
			}
		},
		{
			"name": "Harlon City Server",
			"from": [3.8, -10.25, 1.5],
			"to": [5.95, -9.6, 2],
			"faces": {
				"north": {"uv": [16, 3, 10, 4], "texture": "#4"},
				"east": {"uv": [16, 3, 10, 4], "texture": "#4"},
				"south": {"uv": [16, 3, 10, 4], "texture": "#4"},
				"west": {"uv": [16, 3, 10, 4], "texture": "#4"},
				"up": {"uv": [16, 3, 10, 4], "texture": "#4"},
				"down": {"uv": [16, 3, 10, 4], "texture": "#4"}
			}
		},
		{
			"name": "Harlon City Server",
			"from": [12.1136, -14, 10.5],
			"to": [13.0136, -8.1, 12],
			"rotation": {"angle": 45, "axis": "z", "origin": [12.5636, -13.55, 8]},
			"faces": {
				"north": {"uv": [16, 3, 10, 4], "texture": "#4"},
				"east": {"uv": [16, 3, 10, 4], "texture": "#4"},
				"south": {"uv": [16, 3, 10, 4], "texture": "#4"},
				"west": {"uv": [16, 3, 10, 4], "texture": "#4"},
				"up": {"uv": [16, 3, 10, 4], "texture": "#4"},
				"down": {"uv": [16, 3, 10, 4], "texture": "#4"}
			}
		},
		{
			"name": "Harlon City Server",
			"from": [2.9864, -14, 10.5],
			"to": [3.8864, -8.1, 12],
			"rotation": {"angle": -45, "axis": "z", "origin": [3.4364, -13.55, 8]},
			"faces": {
				"north": {"uv": [10, 3, 16, 4], "texture": "#4"},
				"east": {"uv": [10, 3, 16, 4], "texture": "#4"},
				"south": {"uv": [10, 3, 16, 4], "texture": "#4"},
				"west": {"uv": [10, 3, 16, 4], "texture": "#4"},
				"up": {"uv": [10, 3, 16, 4], "texture": "#4"},
				"down": {"uv": [10, 3, 16, 4], "texture": "#4"}
			}
		},
		{
			"name": "Harlon City Server",
			"from": [2.9864, -14, 4],
			"to": [3.8864, -8.1, 5.5],
			"rotation": {"angle": -45, "axis": "z", "origin": [3.4364, -13.55, 8]},
			"faces": {
				"north": {"uv": [10, 3, 16, 4], "texture": "#4"},
				"east": {"uv": [10, 3, 16, 4], "texture": "#4"},
				"south": {"uv": [10, 3, 16, 4], "texture": "#4"},
				"west": {"uv": [10, 3, 16, 4], "texture": "#4"},
				"up": {"uv": [10, 3, 16, 4], "texture": "#4"},
				"down": {"uv": [10, 3, 16, 4], "texture": "#4"}
			}
		},
		{
			"name": "Harlon City Server",
			"from": [12.1136, -14, 4],
			"to": [13.0136, -8.1, 5.5],
			"rotation": {"angle": 45, "axis": "z", "origin": [12.5636, -13.55, 8]},
			"faces": {
				"north": {"uv": [16, 3, 10, 4], "texture": "#4"},
				"east": {"uv": [16, 3, 10, 4], "texture": "#4"},
				"south": {"uv": [16, 3, 10, 4], "texture": "#4"},
				"west": {"uv": [16, 3, 10, 4], "texture": "#4"},
				"up": {"uv": [16, 3, 10, 4], "texture": "#4"},
				"down": {"uv": [16, 3, 10, 4], "texture": "#4"}
			}
		},
		{
			"name": "Harlon City Server",
			"from": [2.9, -14.45, 3],
			"to": [3.8, -13.55, 13],
			"faces": {
				"north": {"uv": [16, 3, 10, 4], "texture": "#4"},
				"east": {"uv": [16, 3, 10, 4], "texture": "#4"},
				"south": {"uv": [16, 3, 10, 4], "texture": "#4"},
				"west": {"uv": [16, 3, 10, 4], "texture": "#4"},
				"up": {"uv": [16, 3, 10, 4], "texture": "#4"},
				"down": {"uv": [16, 3, 10, 4], "texture": "#4"}
			}
		},
		{
			"name": "Harlon City Server",
			"from": [3.8, -14.45, 11],
			"to": [12.3, -13.55, 12],
			"faces": {
				"north": {"uv": [16, 3, 10, 4], "texture": "#4"},
				"east": {"uv": [16, 3, 10, 4], "texture": "#4"},
				"south": {"uv": [16, 3, 10, 4], "texture": "#4"},
				"west": {"uv": [16, 3, 10, 4], "texture": "#4"},
				"up": {"uv": [16, 3, 10, 4], "texture": "#4"},
				"down": {"uv": [16, 3, 10, 4], "texture": "#4"}
			}
		},
		{
			"name": "Harlon City Server",
			"from": [3.8, -14.45, 4],
			"to": [12.3, -13.55, 5],
			"faces": {
				"north": {"uv": [16, 3, 10, 4], "texture": "#4"},
				"east": {"uv": [16, 3, 10, 4], "texture": "#4"},
				"south": {"uv": [16, 3, 10, 4], "texture": "#4"},
				"west": {"uv": [16, 3, 10, 4], "texture": "#4"},
				"up": {"uv": [16, 3, 10, 4], "texture": "#4"},
				"down": {"uv": [16, 3, 10, 4], "texture": "#4"}
			}
		}
	],
	"display": {
		"thirdperson_righthand": {
			"scale": [4, 4, 4]
		},
		"head": {
			"scale": [4, 4, 4]
		}
	},
	"groups": [
		{
			"name": "Buffer",
			"origin": [0, 0, 0],
			"color": 0,
			"children": [0, 1, 2, 3, 4, 5, 6, 7, 8, 9, 10, 11, 12, 13, 14, 15, 16]
		}
	]
}