{
	"credit": "Made with Blockbench",
	"textures": {
		"301": "block/gray_wool",
		"314": "block/hay_block_top",
		"particle": "block/acacia_door_bottom"
	},
	"elements": [
		{
			"from": [3.75, 1, 5],
			"to": [12.25, 1.25, 11],
			"rotation": {"angle": 0, "axis": "y", "origin": [-3.5, -4, 8]},
			"faces": {
				"north": {"uv": [0, 0, 6, 0.25], "texture": "#301"},
				"east": {"uv": [0, 0, 6, 0.25], "texture": "#301"},
				"south": {"uv": [0, 0, 6, 0.25], "texture": "#301"},
				"west": {"uv": [0, 0, 6, 0.25], "texture": "#301"},
				"up": {"uv": [0, 0, 8.5, 6], "texture": "#314"},
				"down": {"uv": [0, 0, 8.5, 6], "texture": "#301"}
			}
		},
		{
			"from": [12.25, 1.25, 5],
			"to": [14.25, 15.25, 11],
			"rotation": {"angle": 0, "axis": "y", "origin": [7, 9, 8]},
			"faces": {
				"north": {"uv": [6, 0, 0, 14], "texture": "#301"},
				"east": {"uv": [6, 0, 0, 14], "texture": "#301"},
				"south": {"uv": [6, 0, 0, 14], "texture": "#301"},
				"west": {"uv": [6, 0, 0, 14], "texture": "#301"},
				"up": {"uv": [2, 0, 0, 6], "texture": "#301"},
				"down": {"uv": [2, 0, 0, 6], "texture": "#301"}
			}
		},
		{
			"from": [3.75, 14, 5],
			"to": [12.25, 15.75, 11],
			"rotation": {"angle": 0, "axis": "y", "origin": [-3.5, 9, 8]},
			"faces": {
				"north": {"uv": [6, 0, 0, 1.75], "texture": "#301"},
				"east": {"uv": [6, 0, 0, 1.75], "texture": "#301"},
				"south": {"uv": [6, 0, 0, 1.75], "texture": "#301"},
				"west": {"uv": [6, 0, 0, 1.75], "texture": "#301"},
				"up": {"uv": [8.5, 0, 0, 6], "texture": "#301"},
				"down": {"uv": [8.5, 0, 0, 6], "texture": "#301"}
			}
		},
		{
			"from": [1.75, 1.25, 5],
			"to": [3.75, 15.25, 11],
			"rotation": {"angle": 0, "axis": "y", "origin": [-3.5, 9, 8]},
			"faces": {
				"north": {"uv": [6, 0, 0, 14], "texture": "#301"},
				"east": {"uv": [6, 0, 0, 14], "texture": "#301"},
				"south": {"uv": [6, 0, 0, 14], "texture": "#301"},
				"west": {"uv": [6, 0, 0, 14], "texture": "#301"},
				"up": {"uv": [2, 0, 0, 6], "texture": "#301"},
				"down": {"uv": [2, 0, 0, 6], "texture": "#301"}
			}
		}
	],
	"display": {
		"head": {
			"scale": [4, 4, 4]
		}
	}
}