{
  "hockey.arena.johnsonpark.puck-hit": {
    "category": "master",
    "sounds": [
      "custom/hockey/arena/johnsonpark/puck/stick/stick-1",
      "custom/hockey/arena/johnsonpark/puck/stick/stick-2",
      "custom/hockey/arena/johnsonpark/puck/stick/stick-3"
    ]
  },

  "hockey.arena.johnsonpark.puck-hit.lodestone": {
    "category": "master",
    "sounds": [
      "custom/hockey/arena/johnsonpark/puck/stick/stick-1",
      "custom/hockey/arena/johnsonpark/puck/stick/stick-2",
      "custom/hockey/arena/johnsonpark/puck/stick/stick-3"
    ]
  },

  "hockey.arena.johnsonpark.countdown": {
    "category": "master",
    "sounds": [
      "custom/hockey/arena/johnsonpark/countdown"
    ]
  },
  "hockey.arena.johnsonpark.countdown-go": {
    "category": "master",
    "sounds": [
      "custom/hockey/arena/johnsonpark/countdown-go"
    ]
  },

  "hockey.arena.johnsonpark.one-minute": {
    "category": "master",
    "sounds": [
      "custom/hockey/arena/johnsonpark/one-minute"
    ]
  },

  "hockey.arena.johnsonpark.30-seconds": {
    "category": "master",
    "sounds": [
      "custom/hockey/arena/johnsonpark/30-seconds"
    ]
  },
  "hockey.arena.johnsonpark.10-seconds-part": {
    "category": "master",
    "sounds": [
      "custom/hockey/arena/johnsonpark/10-seconds-part"
    ]
  },

  "hockey.arena.johnsonpark.crowd": {
    "category": "master",
    "sounds": [
      "custom/hockey/arena/johnsonpark/crowd/crowd-1",
      "custom/hockey/arena/johnsonpark/crowd/crowd-2",
      "custom/hockey/arena/johnsonpark/crowd/crowd-3"
    ]
  },

  "hockey.arena.johnsonpark.goal": {
    "category": "master",
    "sounds": [
      "custom/hockey/arena/johnsonpark/goal/goal-1",
      "custom/hockey/arena/johnsonpark/goal/goal-2",
      "custom/hockey/arena/johnsonpark/goal/goal-3",
      "custom/hockey/arena/johnsonpark/goal/goal-4"
    ]
  },
  "hockey.arena.johnsonpark.overtime-goal": {
    "category": "master",
    "sounds": [
      "custom/hockey/arena/johnsonpark/goal/goal-1",
      "custom/hockey/arena/johnsonpark/goal/goal-2",
      "custom/hockey/arena/johnsonpark/goal/goal-3",
      "custom/hockey/arena/johnsonpark/goal/goal-4"
    ]
  },

  "hockey.arena.johnsonpark.defense": {
    "category": "master",
    "sounds": [
      "custom/hockey/arena/johnsonpark/defense/defense-1",
      "custom/hockey/arena/johnsonpark/defense/defense-2",
      "custom/hockey/arena/johnsonpark/defense/defense-3",
      "custom/hockey/arena/johnsonpark/defense/defense-5"
    ]
  },
  "hockey.arena.johnsonpark.epic-defense": {
    "category": "master",
    "sounds": [
      "custom/hockey/arena/johnsonpark/defense/defense-4",
      "custom/hockey/arena/johnsonpark/defense/defense-6"
    ]
  },

  "hockey.arena.johnsonpark.game-over": {
    "category": "master",
    "sounds": [
      "custom/hockey/arena/johnsonpark/game-over/game-over-1",
      "custom/hockey/arena/johnsonpark/game-over/game-over-2"
    ]
  },

  "hockey.arena.johnsonpark.faceoff": {
    "category": "master",
    "sounds": [
      "custom/hockey/arena/johnsonpark/faceoff"
    ]
  },

  "hockey.arena.johnsonpark.period-over": {
    "category": "master",
    "sounds": [
      "custom/hockey/arena/johnsonpark/period-over"
    ]
  },

  "hockey.arena.johnsonpark.period-warn": {
    "category": "master",
    "sounds": [
      "custom/hockey/arena/johnsonpark/period-warn"
    ]
  },

  "hockey.arena.johnsonpark.send-off": {
    "category": "master",
    "sounds": [
      "custom/hockey/arena/johnsonpark/send-off"
    ]
  },

  "hockey.arena.johnsonpark.overtime": {
    "category": "master",
    "sounds": [
      "custom/hockey/arena/johnsonpark/overtime"
    ]
  },
  "hockey.arena.johnsonpark.overtime-warn": {
    "category": "master",
    "sounds": [
      "custom/hockey/arena/johnsonpark/overtime-warn"
    ]
  },
  "hockey.arena.johnsonpark.countdown.overtime": {
    "category": "master",
    "sounds": [
      "custom/hockey/arena/johnsonpark/countdown/overtime"
    ]
  },
  "hockey.arena.johnsonpark.countdown-go.overtime": {
    "category": "master",
    "sounds": [
      "custom/hockey/arena/johnsonpark/countdown-go/overtime"
    ]
  }
}
