{
	"credit": "Made with Blockbench",
	"textures": {
		"0": "block/netherite_block",
		"particle": "block/netherite_block"
	},
	"elements": [
		{
			"name": "Harlon City Server",
			"from": [7, 28.25, -6],
			"to": [7.5, 30.25, -4],
			"rotation": {"angle": 0, "axis": "y", "origin": [5, 0.25, -6]},
			"faces": {
				"north": {"uv": [0, 0, 16, 16], "texture": "#0"},
				"east": {"uv": [0, 0, 16, 16], "texture": "#0"},
				"south": {"uv": [0, 0, 16, 16], "texture": "#0"},
				"west": {"uv": [0, 0, 16, 16], "texture": "#0"},
				"up": {"uv": [0, 0, 16, 16], "texture": "#0"},
				"down": {"uv": [0, 0, 16, 16], "texture": "#0"}
			}
		},
		{
			"name": "Harlon City Server",
			"from": [7.5, 28.5, -5.75],
			"to": [8.5, 30, -4.25],
			"rotation": {"angle": 0, "axis": "y", "origin": [7, 0.25, -6]},
			"faces": {
				"north": {"uv": [0, 0, 1, 1.5], "texture": "#0"},
				"east": {"uv": [0, 0, 1, 1.5], "texture": "#0"},
				"south": {"uv": [0, 0, 1, 1.5], "texture": "#0"},
				"west": {"uv": [0, 0, 1, 1.5], "texture": "#0"},
				"up": {"uv": [0, 0, 1, 1.5], "texture": "#0"},
				"down": {"uv": [0, 0, 1, 1.5], "texture": "#0"}
			}
		},
		{
			"name": "Harlon City Server",
			"from": [7.75, 22.5, -4.5],
			"to": [8.25, 28.5, -4.25],
			"rotation": {"angle": 0, "axis": "y", "origin": [7, -2.25, -6]},
			"faces": {
				"north": {"uv": [0, 0, 1, 1.5], "texture": "#0"},
				"east": {"uv": [0, 0, 1, 1.5], "texture": "#0"},
				"south": {"uv": [0, 0, 1, 1.5], "texture": "#0"},
				"west": {"uv": [0, 0, 1, 1.5], "texture": "#0"},
				"up": {"uv": [0, 0, 1, 1.5], "texture": "#0"},
				"down": {"uv": [0, 0, 1, 1.5], "texture": "#0"}
			}
		},
		{
			"name": "Harlon City Server",
			"from": [7.5, 22.25, -4.55],
			"to": [8.5, 23.25, -4.05],
			"rotation": {"angle": 0, "axis": "y", "origin": [7, 1, -5.85]},
			"faces": {
				"north": {"uv": [0, 0, 16, 16], "texture": "#0"},
				"east": {"uv": [0, 0, 1, 1.5], "texture": "#0"},
				"south": {"uv": [0, 0, 16, 16], "texture": "#0"},
				"west": {"uv": [0, 0, 1, 1.5], "texture": "#0"},
				"up": {"uv": [0, 0, 1, 1.5], "texture": "#0"},
				"down": {"uv": [0, 0, 1, 1.5], "texture": "#0"}
			}
		},
		{
			"name": "Harlon City Server",
			"from": [6.5, 24, 4.25],
			"to": [9.5, 24.75, 8.75],
			"rotation": {"angle": 0, "axis": "y", "origin": [7, -4.25, 7]},
			"faces": {
				"north": {"uv": [0, 0, 1, 1.5], "texture": "#0"},
				"east": {"uv": [0, 0, 1, 1.5], "texture": "#0"},
				"south": {"uv": [0, 0, 1, 1.5], "texture": "#0"},
				"west": {"uv": [0, 0, 1, 1.5], "texture": "#0"},
				"up": {"uv": [0, 0, 1, 1.5], "texture": "#0"},
				"down": {"uv": [0, 0, 1, 1.5], "texture": "#0"}
			}
		},
		{
			"name": "Harlon City Server",
			"from": [7.5, 28.65, -4.45],
			"to": [8.5, 29.15, 8.05],
			"rotation": {"angle": 22.5, "axis": "x", "origin": [8, 29.15, -3.7]},
			"faces": {
				"north": {"uv": [0, 0, 1, 1.5], "texture": "#0"},
				"east": {"uv": [0, 0, 1, 1.5], "texture": "#0"},
				"south": {"uv": [0, 0, 1, 1.5], "texture": "#0"},
				"west": {"uv": [0, 0, 1, 1.5], "texture": "#0"},
				"up": {"uv": [0, 0, 1, 1.5], "texture": "#0"},
				"down": {"uv": [0, 0, 1, 1.5], "texture": "#0"}
			}
		},
		{
			"name": "Harlon City Server",
			"from": [8.5, 28.25, -6],
			"to": [9, 30.25, -4],
			"rotation": {"angle": 0, "axis": "y", "origin": [6.5, 0.25, -6]},
			"faces": {
				"north": {"uv": [0, 0, 16, 16], "texture": "#0"},
				"east": {"uv": [0, 0, 16, 16], "texture": "#0"},
				"south": {"uv": [0, 0, 16, 16], "texture": "#0"},
				"west": {"uv": [0, 0, 16, 16], "texture": "#0"},
				"up": {"uv": [0, 0, 16, 16], "texture": "#0"},
				"down": {"uv": [0, 0, 16, 16], "texture": "#0"}
			}
		}
	],
	"display": {
		"head": {
			"scale": [4, 4, 4]
		}
	},
	"groups": [
		{
			"name": "Trolley pole",
			"origin": [6.5, 0.25, -4],
			"color": 0,
			"children": [0, 1, 2, 3, 4, 5, 6]
		}
	]
}