{
    "providers": [
        {
            "type": "bitmap",
            "file": "minecraft:font/m1c.png",
            "ascent": 8,
            "height": 10,
            "chars": [
                "\uEff1"
            ]
        },
        {
            "type": "bitmap",
            "file": "minecraft:font/m2c.png",
            "ascent": 8,
            "height": 10,
            "chars": [
                "\uEff2"
            ]
        },
        {
            "type": "bitmap",
            "file": "minecraft:font/m3c.png",
            "ascent": 8,
            "height": 10,
            "chars": [
                "\uEff3"
            ]
        },
        {
            "type": "bitmap",
            "file": "minecraft:font/m11c.png",
            "ascent": 8,
            "height": 10,
            "chars": [
                "\uEff4"
            ]
        },
        {
            "type": "bitmap",
            "file": "minecraft:font/c1c.png",
            "ascent": 8,
            "height": 10,
            "chars": [
                "\uEff5"
            ]
        },
        {
            "type": "bitmap",
            "file": "minecraft:font/c2c.png",
            "ascent": 8,
            "height": 10,
            "chars": [
                "\uEff6"
            ]
        },
        {
            "type": "bitmap",
            "file": "minecraft:font/c11c.png",
            "ascent": 8,
            "height": 10,
            "chars": [
                "\uEff7"
            ]
        },
        {
            "type": "bitmap",
            "file": "minecraft:font/c1a.png",
            "ascent": 7,
            "height": 8,
            "chars": [
                "\uEff8"
            ]
        },
        {
            "type": "bitmap",
            "file": "minecraft:font/c2a.png",
            "ascent": 7,
            "height": 8,
            "chars": [
                "\uEff9"
            ]
        },
        {
            "type": "bitmap",
            "file": "minecraft:font/c11a.png",
            "ascent": 7,
            "height": 8,
            "chars": [
                "\uEffa"
            ]
        },
        {
            "type": "bitmap",
            "file": "minecraft:font/c1b.png",
            "ascent": 7,
            "height": 8,
            "chars": [
                "\uEffb"
            ]
        },
        {
            "type": "bitmap",
            "file": "minecraft:font/c2b.png",
            "ascent": 7,
            "height": 8,
            "chars": [
                "\uEffc"
            ]
        },
        {
            "type": "bitmap",
            "file": "minecraft:font/c11b.png",
            "ascent": 7,
            "height": 8,
            "chars": [
                "\uEffd"
            ]
        },
        {
            "type": "bitmap",
            "file": "minecraft:font/m1a.png",
            "ascent": 7,
            "height": 8,
            "chars": [
                "\uEffe"
            ]
        },
        {
            "type": "bitmap",
            "file": "minecraft:font/m3a.png",
            "ascent": 7,
            "height": 8,
            "chars": [
                "\uEfff"
            ]
        },
        {
            "type": "bitmap",
            "file": "minecraft:font/m2a.png",
            "ascent": 7,
            "height": 8,
            "chars": [
                "\uF000"
            ]
        },
        {
            "type": "bitmap",
            "file": "minecraft:font/m11a.png",
            "ascent": 7,
            "height": 8,
            "chars": [
                "\uF001"
            ]
        },
        {
            "type": "bitmap",
            "file": "minecraft:font/m1b.png",
            "ascent": 7,
            "height": 8,
            "chars": [
                "\uF002"
            ]
        },
        {
            "type": "bitmap",
            "file": "minecraft:font/m11b.png",
            "ascent": 7,
            "height": 8,
            "chars": [
                "\uF003"
            ]
        },
        {
            "type": "bitmap",
            "file": "minecraft:font/m2b.png",
            "ascent": 7,
            "height": 8,
            "chars": [
                "\uF004"
            ]
        },
        {
            "type": "bitmap",
            "file": "minecraft:font/m3b.png",
            "ascent": 7,
            "height": 8,
            "chars": [
                "\uF005"
            ]
        },
        {
            "type": "bitmap",
            "file": "minecraft:font/m31c.png",
            "ascent": 8,
            "height": 10,
            "chars": [
                "\uF006"
            ]
        },
        {
            "type": "bitmap",
            "file": "minecraft:font/m31a.png",
            "ascent": 7,
            "height": 8,
            "chars": [
                "\uF007"
            ]
        },
        {
            "type": "bitmap",
            "file": "minecraft:font/m31b.png",
            "ascent": 7,
            "height": 8,
            "chars": [
                "\uF008"
            ]
        },
        {
            "type": "bitmap",
            "file": "minecraft:font/point.png",
            "ascent": 7,
            "height": 8,
            "chars": [
                "\uF009"
            ]
        },
        {
            "type": "bitmap",
            "file": "minecraft:font/empty.png",
            "ascent": 7,
            "height": 8,
            "chars": [
                "\uEff0"
            ]
        },
        {
            "type": "bitmap",
            "file": "minecraft:font/bay.png",
            "ascent": 7,
            "height": 8,
            "chars": [
                "\uEfef"
            ]
        },
        {
            "type": "bitmap",
            "file": "minecraft:font/staffChat.png",
            "ascent": 8,
            "height": 10,
            "chars": [
                "\uEfee"
            ]
        },
        {
            "type": "bitmap",
            "file": "minecraft:font/builderChat.png",
            "ascent": 8,
            "height": 10,
            "chars": [
                "\uEfed"
            ]
        },
        {
            "type": "bitmap",
            "file": "minecraft:font/central.png",
            "ascent": 7,
            "height": 8,
            "chars": [
                "\uEfec"
            ]
        },
        {
            "type": "bitmap",
            "file": "minecraft:font/r19.png",
            "ascent": 8,
            "height": 10,
            "chars": [
                "\uEfeb"
            ]
        },
        {
            "type": "bitmap",
            "file": "minecraft:font/r.png",
            "ascent": 8,
            "height": 10,
            "chars": [
                "\uEfea"
            ]
        },
        {
            "type": "bitmap",
            "file": "minecraft:font/r1.png",
            "ascent": 8,
            "height": 10,
            "chars": [
                "\uEfe9"
            ]
        },
        {
            "type": "bitmap",
            "file": "minecraft:font/r2.png",
            "ascent": 8,
            "height": 10,
            "chars": [
                "\uEfe8"
            ]
        },
        {
            "type": "bitmap",
            "file": "minecraft:font/rx2.png",
            "ascent": 8,
            "height": 10,
            "chars": [
                "\uEfe7"
            ]
        },
        {
            "type": "bitmap",
            "file": "minecraft:font/r3.png",
            "ascent": 8,
            "height": 10,
            "chars": [
                "\uEfe6"
            ]
        },
        {
            "type": "bitmap",
            "file": "minecraft:font/rx3.png",
            "ascent": 8,
            "height": 10,
            "chars": [
                "\uEfe5"
            ]
        },
        {
            "type": "bitmap",
            "file": "minecraft:font/r4.png",
            "ascent": 8,
            "height": 10,
            "chars": [
                "\uEfe4"
            ]
        },
        {
            "type": "bitmap",
            "file": "minecraft:font/rx4.png",
            "ascent": 8,
            "height": 10,
            "chars": [
                "\uEfe3"
            ]
        },
        {
            "type": "bitmap",
            "file": "minecraft:font/r5.png",
            "ascent": 8,
            "height": 10,
            "chars": [
                "\uEfe2"
            ]
        },
        {
            "type": "bitmap",
            "file": "minecraft:font/rx5.png",
            "ascent": 8,
            "height": 10,
            "chars": [
                "\uEfe1"
            ]
        },
        {
            "type": "bitmap",
            "file": "minecraft:font/r6.png",
            "ascent": 8,
            "height": 10,
            "chars": [
                "\uEfe0"
            ]
        },
        {
            "type": "bitmap",
            "file": "minecraft:font/rx6.png",
            "ascent": 8,
            "height": 10,
            "chars": [
                "\uEfdf"
            ]
        },
        {
            "type": "bitmap",
            "file": "minecraft:font/r7.png",
            "ascent": 8,
            "height": 10,
            "chars": [
                "\uEfde"
            ]
        },
        {
            "type": "bitmap",
            "file": "minecraft:font/rx7.png",
            "ascent": 8,
            "height": 10,
            "chars": [
                "\uEfdd"
            ]
        },
        {
            "type": "bitmap",
            "file": "minecraft:font/r8.png",
            "ascent": 8,
            "height": 10,
            "chars": [
                "\uEfdc"
            ]
        },
        {
            "type": "bitmap",
            "file": "minecraft:font/r9.png",
            "ascent": 8,
            "height": 10,
            "chars": [
                "\uEfdb"
            ]
        },
        {
            "type": "bitmap",
            "file": "minecraft:font/rx9.png",
            "ascent": 8,
            "height": 10,
            "chars": [
                "\uEfda"
            ]
        },
        {
            "type": "bitmap",
            "file": "minecraft:font/r10.png",
            "ascent": 8,
            "height": 10,
            "chars": [
                "\uEfd9"
            ]
        },
        {
            "type": "bitmap",
            "file": "minecraft:font/r11.png",
            "ascent": 8,
            "height": 10,
            "chars": [
                "\uEfd8"
            ]
        },
        {
            "type": "bitmap",
            "file": "minecraft:font/r12.png",
            "ascent": 8,
            "height": 10,
            "chars": [
                "\uEfd7"
            ]
        },
        {
            "type": "bitmap",
            "file": "minecraft:font/rx12.png",
            "ascent": 8,
            "height": 10,
            "chars": [
                "\uEfd6"
            ]
        },
        {
            "type": "bitmap",
            "file": "minecraft:font/r13.png",
            "ascent": 8,
            "height": 10,
            "chars": [
                "\uEfd5"
            ]
        },
        {
            "type": "bitmap",
            "file": "minecraft:font/r14.png",
            "ascent": 8,
            "height": 10,
            "chars": [
                "\uEfd4"
            ]
        },
        {
            "type": "bitmap",
            "file": "minecraft:font/r15.png",
            "ascent": 8,
            "height": 10,
            "chars": [
                "\uEfd3"
            ]
        },
        {
            "type": "bitmap",
            "file": "minecraft:font/rx15.png",
            "ascent": 8,
            "height": 10,
            "chars": [
                "\uEfd2"
            ]
        },
        {
            "type": "bitmap",
            "file": "minecraft:font/r16.png",
            "ascent": 8,
            "height": 10,
            "chars": [
                "\uEfd1"
            ]
        },
        {
            "type": "bitmap",
            "file": "minecraft:font/rx17.png",
            "ascent": 8,
            "height": 10,
            "chars": [
                "\uEfd0"
            ]
        },
        {
            "type": "bitmap",
            "file": "minecraft:font/r18.png",
            "ascent": 8,
            "height": 10,
            "chars": [
                "\uEfcf"
            ]
        },
        {
            "type": "bitmap",
            "file": "minecraft:font/r20.png",
            "ascent": 8,
            "height": 10,
            "chars": [
                "\uEfce"
            ]
        },
        {
            "type": "bitmap",
            "file": "minecraft:font/rx20.png",
            "ascent": 8,
            "height": 10,
            "chars": [
                "\uEfcd"
            ]
        },
        {
            "type": "bitmap",
            "file": "minecraft:font/r21.png",
            "ascent": 8,
            "height": 10,
            "chars": [
                "\uEfcc"
            ]
        },
        {
            "type": "bitmap",
            "file": "minecraft:font/rx21.png",
            "ascent": 8,
            "height": 10,
            "chars": [
                "\uEfcb"
            ]
        },
        {
            "type": "bitmap",
            "file": "minecraft:font/r22.png",
            "ascent": 8,
            "height": 10,
            "chars": [
                "\uEfca"
            ]
        },
        {
            "type": "bitmap",
            "file": "minecraft:font/rx22.png",
            "ascent": 8,
            "height": 10,
            "chars": [
                "\uEfc9"
            ]
        },
        {
            "type": "bitmap",
            "file": "minecraft:font/r23.png",
            "ascent": 8,
            "height": 10,
            "chars": [
                "\uEfc8"
            ]
        },
        {
            "type": "bitmap",
            "file": "minecraft:font/rx24.png",
            "ascent": 8,
            "height": 10,
            "chars": [
                "\uEfc7"
            ]
        },
        {
            "type": "bitmap",
            "file": "minecraft:font/r25.png",
            "ascent": 8,
            "height": 10,
            "chars": [
                "\uEfc6"
            ]
        },
        {
            "type": "bitmap",
            "file": "minecraft:font/r31.png",
            "ascent": 8,
            "height": 10,
            "chars": [
                "\uEfc5"
            ]
        },
        {
            "type": "bitmap",
            "file": "minecraft:font/r41.png",
            "ascent": 8,
            "height": 10,
            "chars": [
                "\uEfc4"
            ]
        },
        {
            "type": "bitmap",
            "file": "minecraft:font/rx41.png",
            "ascent": 8,
            "height": 10,
            "chars": [
                "\uEfc3"
            ]
        },
        {
            "type": "bitmap",
            "file": "minecraft:font/r42.png",
            "ascent": 8,
            "height": 10,
            "chars": [
                "\uEfc2"
            ]
        },
        {
            "type": "bitmap",
            "file": "minecraft:font/rx42.png",
            "ascent": 8,
            "height": 10,
            "chars": [
                "\uEfc1"
            ]
        },
        {
            "type": "bitmap",
            "file": "minecraft:font/r51.png",
            "ascent": 8,
            "height": 10,
            "chars": [
                "\uEfc0"
            ]
        },
        {
            "type": "bitmap",
            "file": "minecraft:font/r52.png",
            "ascent": 8,
            "height": 10,
            "chars": [
                "\uEfbf"
            ]
        },
        {
            "type": "bitmap",
            "file": "minecraft:font/r53.png",
            "ascent": 8,
            "height": 10,
            "chars": [
                "\uEfbe"
            ]
        },
        {
            "type": "bitmap",
            "file": "minecraft:font/rx53.png",
            "ascent": 8,
            "height": 10,
            "chars": [
                "\uEfbd"
            ]
        },
        {
            "type": "bitmap",
            "file": "minecraft:font/r54.png",
            "ascent": 8,
            "height": 10,
            "chars": [
                "\uEfbc"
            ]
        },
        {
            "type": "bitmap",
            "file": "minecraft:font/rx54.png",
            "ascent": 8,
            "height": 10,
            "chars": [
                "\uEfbb"
            ]
        },
        {
            "type": "bitmap",
            "file": "minecraft:font/r59.png",
            "ascent": 8,
            "height": 10,
            "chars": [
                "\uEfba"
            ]
        },
        {
            "type": "bitmap",
            "file": "minecraft:font/r60.png",
            "ascent": 8,
            "height": 10,
            "chars": [
                "\uEfb9"
            ]
        },
        {
            "type": "bitmap",
            "file": "minecraft:font/r62.png",
            "ascent": 8,
            "height": 10,
            "chars": [
                "\uEfb8"
            ]
        },
        {
            "type": "bitmap",
            "file": "minecraft:font/r71.png",
            "ascent": 8,
            "height": 10,
            "chars": [
                "\uEfb7"
            ]
        },
        {
            "type": "bitmap",
            "file": "minecraft:font/rx71.png",
            "ascent": 8,
            "height": 10,
            "chars": [
                "\uEfb6"
            ]
        },
        {
            "type": "bitmap",
            "file": "minecraft:font/r81.png",
            "ascent": 8,
            "height": 10,
            "chars": [
                "\uEfb5"
            ]
        },
        {
            "type": "bitmap",
            "file": "minecraft:font/rx81.png",
            "ascent": 8,
            "height": 10,
            "chars": [
                "\uEfb4"
            ]
        },
        {
            "type": "bitmap",
            "file": "minecraft:font/n.png",
            "ascent": 8,
            "height": 10,
            "chars": [
                "\uEfb3"
            ]
        },
        {
            "type": "bitmap",
            "file": "minecraft:font/rx.png",
            "ascent": 8,
            "height": 10,
            "chars": [
                "\uEfb2"
            ]
        },
        {
            "type": "bitmap",
            "file": "minecraft:font/e.png",
            "ascent": 8,
            "height": 10,
            "chars": [
                "\uEfb1"
            ]
        },
        {
            "type": "bitmap",
            "file": "minecraft:font/ic.png",
            "ascent": 8,
            "height": 10,
            "chars": [
                "\uEfb0"
            ]
        },
        {
            "type": "bitmap",
            "file": "minecraft:font/icx1.png",
            "ascent": 8,
            "height": 10,
            "chars": [
                "\uEfaf"
            ]
        },
        {
            "type": "bitmap",
            "file": "minecraft:font/icx2.png",
            "ascent": 8,
            "height": 10,
            "chars": [
                "\uEfae"
            ]
        },
        {
            "type": "bitmap",
            "file": "minecraft:font/ic3.png",
            "ascent": 8,
            "height": 10,
            "chars": [
                "\uEfad"
            ]
        },
        {
            "type": "bitmap",
            "file": "minecraft:font/ic4.png",
            "ascent": 8,
            "height": 10,
            "chars": [
                "\uEfac"
            ]
        },
        {
            "type": "bitmap",
            "file": "minecraft:font/ic5.png",
            "ascent": 8,
            "height": 10,
            "chars": [
                "\uEfab"
            ]
        },
        {
            "type": "bitmap",
            "file": "minecraft:font/ic6.png",
            "ascent": 8,
            "height": 10,
            "chars": [
                "\uEfaa"
            ]
        },
        {
            "type": "bitmap",
            "file": "minecraft:font/ic7.png",
            "ascent": 8,
            "height": 10,
            "chars": [
                "\uEfa9"
            ]
        },
        {
            "type": "bitmap",
            "file": "minecraft:font/ic8.png",
            "ascent": 8,
            "height": 10,
            "chars": [
                "\uEfa8"
            ]
        },
        {
            "type": "bitmap",
            "file": "minecraft:font/ic9.png",
            "ascent": 8,
            "height": 10,
            "chars": [
                "\uEfa7"
            ]
        },
        {
            "type": "bitmap",
            "file": "minecraft:font/ic40.png",
            "ascent": 8,
            "height": 10,
            "chars": [
                "\uEfa6"
            ]
        },
        {
            "type": "bitmap",
            "file": "minecraft:font/icx.png",
            "ascent": 8,
            "height": 10,
            "chars": [
                "\uEfa5"
            ]
        },
        {
            "type": "bitmap",
            "file": "minecraft:font/icx4.png",
            "ascent": 8,
            "height": 10,
            "chars": [
                "\uEfa4"
            ]
        },
        {
            "type": "bitmap",
            "file": "minecraft:font/icx3.png",
            "ascent": 8,
            "height": 10,
            "chars": [
                "\uEfa3"
            ]
        },
        {
            "type": "bitmap",
            "file": "minecraft:font/icx8.png",
            "ascent": 8,
            "height": 10,
            "chars": [
                "\uEfa2"
            ]
        }
    ]
}