{
    "textures": {
		"0": "item/hockey/custom/stick",
		"1": "item/hockey/custom/knob"
	},
    "elements": [
		{
			"from": [3, 4, 8],
			"to": [5, 19, 10],
			"rotation": {"angle": 22.5, "axis": "z", "origin": [8, 12, 9]},
			"faces": {
				"north": {"uv": [0, 0, 2, 15], "texture": "#0"},
				"east": {"uv": [2, 0, 4, 15], "texture": "#0"},
				"south": {"uv": [4, 0, 6, 15], "texture": "#0"},
				"west": {"uv": [6, 0, 8, 15], "texture": "#0"},
				"up": {"uv": [10, 10, 8, 8], "texture": "#0"},
				"down": {"uv": [10, 10, 8, 12], "texture": "#0"}
			}
		},
		{
			"from": [7.85628, 1.28133, 8],
			"to": [12.85628, 3.28133, 10],
			"rotation": {"angle": 0, "axis": "z", "origin": [3.35628, 1.78133, 8.5]},
			"faces": {
				"north": {"uv": [8, 0, 13, 2], "texture": "#0"},
				"east": {"uv": [10, 8, 12, 10], "texture": "#0"},
				"south": {"uv": [8, 2, 13, 4], "texture": "#0"},
				"west": {"uv": [10, 10, 12, 12], "texture": "#0"},
				"up": {"uv": [13, 6, 8, 4], "texture": "#0"},
				"down": {"uv": [13, 6, 8, 8], "texture": "#0"}
			}
		},
		{
			"from": [2.07811, 6.16001, 8],
			"to": [4.07811, 8.16001, 10],
			"rotation": {"angle": -45, "axis": "z", "origin": [0.07811, -0.83999, 0]},
			"faces": {
				"north": {"uv": [8, 12, 10, 14], "texture": "#0"},
				"east": {"uv": [12, 8, 14, 10], "texture": "#0"},
				"south": {"uv": [10, 12, 12, 14], "texture": "#0"},
				"west": {"uv": [12, 10, 14, 12], "texture": "#0"},
				"up": {"uv": [14, 14, 12, 12], "texture": "#0"},
				"down": {"uv": [15, 0, 13, 2], "texture": "#0"}
			}
		},
		{
			"from": [12.62688, 1.43461, 8],
			"to": [13.62688, 2.43461, 10],
			"rotation": {"angle": 22.5, "axis": "z", "origin": [13.12688, 1.93461, 9]},
			"faces": {
				"north": {"uv": [0, 15, 1, 16], "texture": "#0"},
				"east": {"uv": [13, 2, 15, 3], "texture": "#0"},
				"south": {"uv": [15, 0, 16, 1], "texture": "#0"},
				"west": {"uv": [13, 3, 15, 4], "texture": "#0"},
				"up": {"uv": [14, 6, 13, 4], "texture": "#0"},
				"down": {"uv": [14, 6, 13, 8], "texture": "#0"}
			}
		},
		{
			"from": [13.57306, 1.16402, 8],
			"to": [14.57306, 2.16402, 10],
			"rotation": {"angle": 45, "axis": "z", "origin": [13.07306, 1.66402, 9]},
			"faces": {
				"north": {"uv": [1, 15, 2, 16], "texture": "#0"},
				"east": {"uv": [14, 4, 16, 5], "texture": "#0"},
				"south": {"uv": [15, 1, 16, 2], "texture": "#0"},
				"west": {"uv": [14, 5, 16, 6], "texture": "#0"},
				"up": {"uv": [15, 8, 14, 6], "texture": "#0"},
				"down": {"uv": [9, 14, 8, 16], "texture": "#0"}
			}
		},
		{
			"from": [15.11364, -2.16841, 8],
			"to": [16.11364, -1.16841, 10],
			"rotation": {"angle": 45, "axis": "z", "origin": [9.61364, -1.66841, 9]},
			"faces": {
				"north": {"uv": [2, 15, 3, 16], "texture": "#0"},
				"east": {"uv": [14, 8, 16, 9], "texture": "#0"},
				"south": {"uv": [15, 2, 16, 3], "texture": "#0"},
				"west": {"uv": [9, 14, 11, 15], "texture": "#0"},
				"up": {"uv": [15, 11, 14, 9], "texture": "#0"},
				"down": {"uv": [12, 14, 11, 16], "texture": "#0"}
			}
		},
		{
			"from": [12.85628, 2.28133, 8],
			"to": [13.85628, 3.28133, 10],
			"rotation": {"angle": 0, "axis": "z", "origin": [-0.14372, 0.28133, 0]},
			"faces": {
				"north": {"uv": [3, 15, 4, 16], "texture": "#0"},
				"east": {"uv": [14, 11, 16, 12], "texture": "#0"},
				"south": {"uv": [15, 3, 16, 4], "texture": "#0"},
				"west": {"uv": [12, 14, 14, 15], "texture": "#0"},
				"up": {"uv": [15, 14, 14, 12], "texture": "#0"},
				"down": {"uv": [15, 14, 14, 16], "texture": "#0"}
			}
		},
		{
			"from": [7.125, 17, 7.75],
			"to": [9.625, 18, 10.25],
			"rotation": {"angle": 22.5, "axis": "z", "origin": [7.25, 0.5, 8.25]},
			"faces": {
				"north": {"uv": [3, 0, 5.5, 1], "texture": "#1"},
				"east": {"uv": [3, 1, 5.5, 2], "texture": "#1"},
				"south": {"uv": [3, 2, 5.5, 3], "texture": "#1"},
				"west": {"uv": [3, 3, 5.5, 4], "texture": "#1"},
				"up": {"uv": [2.5, 2.5, 0, 0], "texture": "#1"},
				"down": {"uv": [2.5, 3, 0, 5.5], "texture": "#1"}
			}
		}
	],
	"display": {
		"thirdperson_righthand": {
			"rotation": [79, 90, 1],
			"translation": [-0.75, 1, -7.75],
			"scale": [0.82, 0.95, 0.54]
		},
		"thirdperson_lefthand": {
			"rotation": [79, -90, 1],
			"translation": [0.75, 1, -7.75],
			"scale": [0.82, 0.95, 0.54]
		},
		"firstperson_righthand": {
			"rotation": [41, 90, 0],
			"translation": [-5.5, 0.5, -2.5],
			"scale": [0.82, 0.95, 0.54]
		},
		"firstperson_lefthand": {
			"rotation": [41, -90, 0],
			"translation": [-5.5, 0.5, -2.5],
			"scale": [0.82, 0.95, 0.54]
		},
		"ground": {
			"translation": [0, 4.75, 0],
			"scale": [0.82, 0.95, 0.54]
		},
		"gui": {
			"rotation": [0, -180, 0],
			"translation": [0.5, -1.25, 0],
			"scale": [0.82, 0.95, 0.54]
		},
		"fixed": {
			"translation": [0, 0, -2.75],
			"scale": [0.82, 0.95, 0.54]
		}
	},
	"groups": [
		{
			"name": "group",
			"origin": [-0.14372, 0.28133, 0],
			"color": 0,
			"children": [0, 1, 2, 3, 4, 5, 6]
		},
		7
	]
}
