{
	"credit": "This model is made by Antlucl and Keonian_ for Harlon City Server only. It is strictly not permitted to modify or use this model for any other project. This model has been created using the Blockbench software.",
	"textures": {
		"0": "block/polished_deepslate",
		"3": "block/white_concrete",
		"4": "block/lime_concrete",
		"particle": "block/polished_deepslate"
	},
	"elements": [
		{
			"name": "Harlon City Server",
			"from": [0.97574, 15.30537, 25.35],
			"to": [1.47574, 16.60537, 27.35],
			"rotation": {"angle": -22.5, "axis": "z", "origin": [0.72574, 17.80537, 23.85]},
			"faces": {
				"north": {"uv": [0, 0, 3, 1], "texture": "#4"},
				"east": {"uv": [0, 0, 3, 1], "texture": "#3"},
				"south": {"uv": [15, 0, 16, 1], "texture": "#0"},
				"west": {"uv": [0, 0, 3, 1], "texture": "#4"},
				"up": {"uv": [0, 0, 3, 1], "texture": "#4"},
				"down": {"uv": [0, 0, 3, 1], "texture": "#4"}
			}
		},
		{
			"name": "Harlon City Server",
			"from": [1.63493, 16.04706, 25.35],
			"to": [2.13493, 19.54706, 27.35],
			"rotation": {"angle": -45, "axis": "z", "origin": [1.73493, 17.69706, 23.85]},
			"faces": {
				"north": {"uv": [0, 0, 3, 3.5], "texture": "#4"},
				"east": {"uv": [0, 0, 3, 3.5], "texture": "#3"},
				"south": {"uv": [15, 0, 16, 1], "texture": "#0"},
				"west": {"uv": [0, 0, 3, 3.5], "texture": "#4"},
				"up": {"uv": [0, 0, 3, 3.5], "texture": "#4"},
				"down": {"uv": [0, 0, 3, 3.5], "texture": "#4"}
			}
		},
		{
			"name": "Harlon City Server",
			"from": [1.63493, 17.04706, 27.35],
			"to": [2.13493, 19.54706, 31.35],
			"rotation": {"angle": -45, "axis": "z", "origin": [1.73493, 17.69706, 23.85]},
			"faces": {
				"north": {"uv": [0, 0, 3, 3.5], "texture": "#4"},
				"east": {"uv": [0, 0, 3, 3.5], "texture": "#3"},
				"south": {"uv": [0, 0, 3, 3.5], "texture": "#4"},
				"west": {"uv": [0, 0, 3, 3.5], "texture": "#4"},
				"up": {"uv": [0, 0, 3, 3.5], "texture": "#4"},
				"down": {"uv": [15, 0, 16, 1], "texture": "#0"}
			}
		},
		{
			"name": "Harlon City Server",
			"from": [0, 10.65, 25.35],
			"to": [0.5, 15.4, 27.35],
			"rotation": {"angle": 0, "axis": "y", "origin": [-0.5, -0.5, 29.85]},
			"faces": {
				"north": {"uv": [0, 0, 3, 5], "texture": "#4"},
				"east": {"uv": [0, 0, 3, 5], "texture": "#3"},
				"south": {"uv": [15, 0, 16, 1], "texture": "#0"},
				"west": {"uv": [0, 0, 3, 5], "texture": "#4"},
				"up": {"uv": [0, 0, 3, 5], "texture": "#4"},
				"down": {"uv": [0, 0, 3, 5], "texture": "#4"}
			}
		},
		{
			"name": "Harlon City Server",
			"from": [0, 10.65, 31.35],
			"to": [0.5, 15.4, 31.85],
			"rotation": {"angle": 0, "axis": "y", "origin": [-0.5, -0.5, 35.85]},
			"faces": {
				"north": {"uv": [15, 0, 16, 1], "texture": "#0"},
				"east": {"uv": [0, 0, 3, 5], "texture": "#3"},
				"south": {"uv": [0, 0, 3, 5], "texture": "#4"},
				"west": {"uv": [0, 0, 3, 5], "texture": "#4"},
				"up": {"uv": [0, 0, 3, 5], "texture": "#4"},
				"down": {"uv": [0, 0, 3, 5], "texture": "#4"}
			}
		},
		{
			"name": "Harlon City Server",
			"from": [0.97574, 15.30537, 31.35],
			"to": [1.47574, 16.60537, 31.85],
			"rotation": {"angle": -22.5, "axis": "z", "origin": [0.72574, 17.80537, 29.85]},
			"faces": {
				"north": {"uv": [15, 0, 16, 1], "texture": "#0"},
				"east": {"uv": [0, 0, 3, 1], "texture": "#3"},
				"south": {"uv": [0, 0, 3, 1], "texture": "#4"},
				"west": {"uv": [0, 0, 3, 1], "texture": "#4"},
				"up": {"uv": [0, 0, 3, 1], "texture": "#4"},
				"down": {"uv": [0, 0, 3, 1], "texture": "#4"}
			}
		},
		{
			"name": "Harlon City Server",
			"from": [1.63493, 16.04706, 31.35],
			"to": [2.13493, 19.54706, 31.85],
			"rotation": {"angle": -45, "axis": "z", "origin": [1.73493, 17.69706, 29.85]},
			"faces": {
				"north": {"uv": [15, 0, 16, 1], "texture": "#0"},
				"east": {"uv": [0, 0, 3, 3.5], "texture": "#3"},
				"south": {"uv": [0, 0, 3, 3.5], "texture": "#4"},
				"west": {"uv": [0, 0, 3, 3.5], "texture": "#4"},
				"up": {"uv": [0, 0, 3, 3.5], "texture": "#4"},
				"down": {"uv": [0, 0, 3, 3.5], "texture": "#4"}
			}
		},
		{
			"name": "Harlon City Server",
			"from": [1.63493, 16.84706, 27.55],
			"to": [2.13493, 17.04706, 31.15],
			"rotation": {"angle": -45, "axis": "z", "origin": [1.73493, 17.69706, 29.15]},
			"faces": {
				"north": {"uv": [15, 0, 16, 1], "texture": "#0"},
				"east": {"uv": [15, 0, 16, 1], "texture": "#0"},
				"south": {"uv": [15, 0, 16, 1], "texture": "#0"},
				"west": {"uv": [15, 0, 16, 1], "texture": "#0"},
				"up": {"uv": [15, 0, 16, 1], "texture": "#0"},
				"down": {"uv": [15, 0, 16, 1], "texture": "#0"}
			}
		},
		{
			"name": "Harlon City Server",
			"from": [1.63493, 16.04706, 27.35],
			"to": [2.13493, 17.04706, 27.55],
			"rotation": {"angle": -45, "axis": "z", "origin": [1.73493, 17.69706, 25.55]},
			"faces": {
				"north": {"uv": [15, 0, 16, 1], "texture": "#0"},
				"east": {"uv": [15, 0, 16, 1], "texture": "#0"},
				"south": {"uv": [15, 0, 16, 1], "texture": "#0"},
				"west": {"uv": [15, 0, 16, 1], "texture": "#0"},
				"up": {"uv": [15, 0, 16, 1], "texture": "#0"},
				"down": {"uv": [15, 0, 16, 1], "texture": "#0"}
			}
		},
		{
			"name": "Harlon City Server",
			"from": [0.97574, 15.30537, 27.35],
			"to": [1.47574, 16.60537, 27.55],
			"rotation": {"angle": -22.5, "axis": "z", "origin": [0.72574, 17.80537, 25.55]},
			"faces": {
				"north": {"uv": [15, 0, 16, 1], "texture": "#0"},
				"east": {"uv": [15, 0, 16, 1], "texture": "#0"},
				"south": {"uv": [15, 0, 16, 1], "texture": "#0"},
				"west": {"uv": [15, 0, 16, 1], "texture": "#0"},
				"up": {"uv": [15, 0, 16, 1], "texture": "#0"},
				"down": {"uv": [15, 0, 16, 1], "texture": "#0"}
			}
		},
		{
			"name": "Harlon City Server",
			"from": [0, 10.65, 27.35],
			"to": [0.5, 15.4, 27.55],
			"rotation": {"angle": 0, "axis": "y", "origin": [-0.5, -0.5, 31.55]},
			"faces": {
				"north": {"uv": [15, 0, 16, 1], "texture": "#0"},
				"east": {"uv": [15, 0, 16, 1], "texture": "#0"},
				"south": {"uv": [15, 0, 16, 1], "texture": "#0"},
				"west": {"uv": [15, 0, 16, 1], "texture": "#0"},
				"up": {"uv": [15, 0, 16, 1], "texture": "#0"},
				"down": {"uv": [15, 0, 16, 1], "texture": "#0"}
			}
		},
		{
			"name": "Harlon City Server",
			"from": [0, 10.65, 27.55],
			"to": [0.5, 10.9, 31.15],
			"rotation": {"angle": 0, "axis": "y", "origin": [-0.5, -0.5, 35.15]},
			"faces": {
				"north": {"uv": [15, 0, 16, 1], "texture": "#0"},
				"east": {"uv": [15, 0, 16, 1], "texture": "#0"},
				"south": {"uv": [15, 0, 16, 1], "texture": "#0"},
				"west": {"uv": [15, 0, 16, 1], "texture": "#0"},
				"up": {"uv": [15, 0, 16, 1], "texture": "#0"},
				"down": {"uv": [15, 0, 16, 1], "texture": "#0"}
			}
		},
		{
			"name": "Harlon City Server",
			"from": [0, 10.65, 31.15],
			"to": [0.5, 15.4, 31.35],
			"rotation": {"angle": 0, "axis": "y", "origin": [-0.5, -0.5, 35.35]},
			"faces": {
				"north": {"uv": [15, 0, 16, 1], "texture": "#0"},
				"east": {"uv": [15, 0, 16, 1], "texture": "#0"},
				"south": {"uv": [15, 0, 16, 1], "texture": "#0"},
				"west": {"uv": [15, 0, 16, 1], "texture": "#0"},
				"up": {"uv": [15, 0, 16, 1], "texture": "#0"},
				"down": {"uv": [15, 0, 16, 1], "texture": "#0"}
			}
		},
		{
			"name": "Harlon City Server",
			"from": [0.97574, 15.30537, 31.15],
			"to": [1.47574, 16.60537, 31.35],
			"rotation": {"angle": -22.5, "axis": "z", "origin": [0.72574, 17.80537, 29.35]},
			"faces": {
				"north": {"uv": [15, 0, 16, 1], "texture": "#0"},
				"east": {"uv": [15, 0, 16, 1], "texture": "#0"},
				"south": {"uv": [15, 0, 16, 1], "texture": "#0"},
				"west": {"uv": [15, 0, 16, 1], "texture": "#0"},
				"up": {"uv": [15, 0, 16, 1], "texture": "#0"},
				"down": {"uv": [15, 0, 16, 1], "texture": "#0"}
			}
		},
		{
			"name": "Harlon City Server",
			"from": [1.63493, 16.04706, 31.15],
			"to": [2.13493, 17.04706, 31.35],
			"rotation": {"angle": -45, "axis": "z", "origin": [1.73493, 17.69706, 29.35]},
			"faces": {
				"north": {"uv": [15, 0, 16, 1], "texture": "#0"},
				"east": {"uv": [15, 0, 16, 1], "texture": "#0"},
				"south": {"uv": [15, 0, 16, 1], "texture": "#0"},
				"west": {"uv": [15, 0, 16, 1], "texture": "#0"},
				"up": {"uv": [15, 0, 16, 1], "texture": "#0"},
				"down": {"uv": [15, 0, 16, 1], "texture": "#0"}
			}
		},
		{
			"name": "Harlon City Server",
			"from": [0, 4.9, 25.35],
			"to": [0.5, 6.9, 31.85],
			"rotation": {"angle": 0, "axis": "y", "origin": [0, -0.5, 10.85]},
			"faces": {
				"north": {"uv": [0, 0, 8, 6], "texture": "#4"},
				"east": {"uv": [7, 1, 15, 3], "texture": "#0"},
				"south": {"uv": [0, 0, 8, 6], "texture": "#4"},
				"west": {"uv": [0, 0, 8, 6], "texture": "#4"},
				"up": {"uv": [15, 0, 16, 1], "texture": "#0"},
				"down": {"uv": [0, 0, 8, 6], "texture": "#4"}
			}
		},
		{
			"name": "Harlon City Server",
			"from": [0, 6.9, 25.35],
			"to": [0.5, 10.65, 31.85],
			"rotation": {"angle": 0, "axis": "y", "origin": [0, -0.5, 10.85]},
			"faces": {
				"north": {"uv": [0, 0, 8, 6], "texture": "#4"},
				"east": {"uv": [0, 0, 8, 6], "texture": "#3"},
				"south": {"uv": [0, 0, 8, 6], "texture": "#4"},
				"west": {"uv": [0, 0, 8, 6], "texture": "#4"},
				"up": {"uv": [15, 0, 16, 1], "texture": "#0"},
				"down": {"uv": [0, 0, 8, 6], "texture": "#4"}
			}
		},
		{
			"name": "Harlon City Server",
			"from": [0, 4.9, 31.85],
			"to": [0.5, 15.4, 31.95],
			"rotation": {"angle": 0, "axis": "y", "origin": [-0.5, -0.5, 35.95]},
			"faces": {
				"north": {"uv": [15, 0, 16, 1], "texture": "#0"},
				"east": {"uv": [15, 0, 16, 1], "texture": "#0"},
				"south": {"uv": [15, 0, 16, 1], "texture": "#0"},
				"west": {"uv": [15, 0, 16, 1], "texture": "#0"},
				"up": {"uv": [15, 0, 16, 1], "texture": "#0"},
				"down": {"uv": [15, 0, 16, 1], "texture": "#0"}
			}
		},
		{
			"name": "Harlon City Server",
			"from": [0.97574, 15.30537, 31.85],
			"to": [1.47574, 16.60537, 31.95],
			"rotation": {"angle": -22.5, "axis": "z", "origin": [0.72574, 17.80537, 29.95]},
			"faces": {
				"north": {"uv": [15, 0, 16, 1], "texture": "#0"},
				"east": {"uv": [15, 0, 16, 1], "texture": "#0"},
				"south": {"uv": [15, 0, 16, 1], "texture": "#0"},
				"west": {"uv": [15, 0, 16, 1], "texture": "#0"},
				"up": {"uv": [15, 0, 16, 1], "texture": "#0"},
				"down": {"uv": [15, 0, 16, 1], "texture": "#0"}
			}
		},
		{
			"name": "Harlon City Server",
			"from": [1.63493, 16.04706, 31.85],
			"to": [2.13493, 19.54706, 31.95],
			"rotation": {"angle": -45, "axis": "z", "origin": [1.73493, 17.69706, 29.95]},
			"faces": {
				"north": {"uv": [15, 0, 16, 1], "texture": "#0"},
				"east": {"uv": [15, 0, 16, 1], "texture": "#0"},
				"south": {"uv": [15, 0, 16, 1], "texture": "#0"},
				"west": {"uv": [15, 0, 16, 1], "texture": "#0"},
				"up": {"uv": [15, 0, 16, 1], "texture": "#0"},
				"down": {"uv": [15, 0, 16, 1], "texture": "#0"}
			}
		}
	],
	"display": {
		"thirdperson_righthand": {
			"scale": [4, 4, 4]
		},
		"head": {
			"scale": [4, 4, 4]
		}
	},
	"groups": [
		{
			"name": "group",
			"origin": [0, 0, 0],
			"color": 0,
			"children": []
		},
		{
			"name": "Seats",
			"origin": [0, 0, 0],
			"color": 0,
			"children": []
		},
		0,
		1,
		2,
		3,
		4,
		5,
		6,
		{
			"name": "Windows",
			"origin": [1.73493, 17.69706, 29.35],
			"color": 0,
			"children": [7, 8, 9, 10, 11, 12, 13, 14]
		},
		{
			"name": "Windows",
			"origin": [1.73493, 17.69706, 29.35],
			"color": 0,
			"children": []
		},
		15,
		16,
		17,
		18,
		19,
		{
			"name": "Coupler",
			"origin": [-0.5, -0.5, 2.1],
			"color": 0,
			"children": []
		},
		{
			"name": "Lights",
			"origin": [8, 12.325, 15.85],
			"color": 0,
			"children": []
		},
		{
			"name": "Lights",
			"origin": [8, 12.325, 15.85],
			"color": 0,
			"children": []
		}
	]
}