{
    "parent": "item/generated",
    "textures": {
        "layer0": "item/gold_nugget"
    },
    "overrides": [
        { "predicate": { "custom_model_data": 2601}, "model": "item/HT-dest/HT-26pf1" },
        { "predicate": { "custom_model_data": 2602}, "model": "item/HT-dest/HT-26pf2" },
        { "predicate": { "custom_model_data": 2603}, "model": "item/HT-dest/HT-26pf3" },
        { "predicate": { "custom_model_data": 2611}, "model": "item/HT-dest/HT-26ta1" },
        { "predicate": { "custom_model_data": 2612}, "model": "item/HT-dest/HT-26ta2" },
        { "predicate": { "custom_model_data": 2613}, "model": "item/HT-dest/HT-26ta3" },
        { "predicate": { "custom_model_data": 2614}, "model": "item/HT-dest/HT-26ta4" }
    ]
}