{
	"parent": "minecraft:item/handheld",
	"textures": {
		"layer0": "minecraft:items/gold_pickaxe"
	},
	"overrides": [
		{ "predicate": {"damaged": 0, "damage": 0}, "model": "item/golden_pickaxe"},
		{ "_cmd_": "give @p minecraft:golden_pickaxe 1 1 {Unbreakable:1}","predicate": {"damaged": 0, "damage": 0.030303030303030304}, "model": "item/HT-dest/HT-26pf1"},
		{ "_cmd_": "give @p minecraft:golden_pickaxe 1 2 {Unbreakable:1}","predicate": {"damaged": 0, "damage": 0.06060606060606061}, "model": "minecraft:item/golden_pickaxe"},
		{ "_cmd_": "give @p minecraft:golden_pickaxe 1 3 {Unbreakable:1}","predicate": {"damaged": 0, "damage": 0.09090909090909091}, "model": "minecraft:item/golden_pickaxe"},
		{ "_cmd_": "give @p minecraft:golden_pickaxe 1 4 {Unbreakable:1}","predicate": {"damaged": 0, "damage": 0.12121212121212122}, "model": "minecraft:item/golden_pickaxe"},
		{ "_cmd_": "give @p minecraft:golden_pickaxe 1 5 {Unbreakable:1}","predicate": {"damaged": 0, "damage": 0.15151515151515152}, "model": "minecraft:item/golden_pickaxe"},
		{ "_cmd_": "give @p minecraft:golden_pickaxe 1 6 {Unbreakable:1}","predicate": {"damaged": 0, "damage": 0.18181818181818182}, "model": "minecraft:item/golden_pickaxe"},
		{ "_cmd_": "give @p minecraft:golden_pickaxe 1 7 {Unbreakable:1}","predicate": {"damaged": 0, "damage": 0.21212121212121213}, "model": "item/HLtrains/HTM21"},
		{ "_cmd_": "give @p minecraft:golden_pickaxe 1 8 {Unbreakable:1}","predicate": {"damaged": 0, "damage": 0.24242424242424243}, "model": "item/HLtrains/HTM21-B"},
		{ "_cmd_": "give @p minecraft:golden_pickaxe 1 9 {Unbreakable:1}","predicate": {"damaged": 0, "damage": 0.2727272727272727}, "model": "item/HLtrains/PLW_V_Class_test_coach"},
		{ "_cmd_": "give @p minecraft:golden_pickaxe 1 10 {Unbreakable:1}","predicate": {"damaged": 0, "damage": 0.30303030303030304}, "model": "item/HLtrains/HTC6"},
		{ "_cmd_": "give @p minecraft:golden_pickaxe 1 11 {Unbreakable:1}","predicate": {"damaged": 0, "damage": 0.33333333333333337}, "model": "item/HLtrains/base_chassis"},
		{ "_cmd_": "give @p minecraft:golden_pickaxe 1 12 {Unbreakable:1}","predicate": {"damaged": 0, "damage": 0.36363636363636365}, "model": "item/HLtrains/HT-CommuterCab"},
		{ "_cmd_": "give @p minecraft:golden_pickaxe 1 13 {Unbreakable:1}","predicate": {"damaged": 0, "damage": 0.3939393939393939}, "model": "item/HLtrains/HT-CommuterCar"},
		{ "_cmd_": "give @p minecraft:golden_pickaxe 1 14 {Unbreakable:1}","predicate": {"damaged": 0, "damage": 0.42424242424242425}, "model": "minecraft:item/golden_pickaxe"},
		{ "_cmd_": "give @p minecraft:golden_pickaxe 1 15 {Unbreakable:1}","predicate": {"damaged": 0, "damage": 0.4545454545454546}, "model": "item/HLtrains/HTbus"},
		{ "_cmd_": "give @p minecraft:golden_pickaxe 1 16 {Unbreakable:1}","predicate": {"damaged": 0, "damage": 0.48484848484848486}, "model": "item/HLtrains/HTbusbendyfront"},
		{ "_cmd_": "give @p minecraft:golden_pickaxe 1 17 {Unbreakable:1}","predicate": {"damaged": 0, "damage": 0.5151515151515151}, "model": "item/HLtrains/HTbusbendyback"},
		{ "_cmd_": "give @p minecraft:golden_pickaxe 1 18 {Unbreakable:1}","predicate": {"damaged": 0, "damage": 0.5454545454545454}, "model": "item/HLtrains/HTbusbendybit"},
		{ "_cmd_": "give @p minecraft:golden_pickaxe 1 19 {Unbreakable:1}","predicate": {"damaged": 0, "damage": 0.5757575757575758}, "model": "item/HLtrains/busdoors.obj"},
		{ "_cmd_": "give @p minecraft:golden_pickaxe 1 20 {Unbreakable:1}","predicate": {"damaged": 0, "damage": 0.6060606060606061}, "model": "item/HLtrains/pstock_model"},
		{ "_cmd_": "give @p minecraft:golden_pickaxe 1 21 {Unbreakable:1}","predicate": {"damaged": 0, "damage": 0.6363636363636364}, "model": "item/HLtrains/pstock_model_cab"},
		{ "_cmd_": "give @p minecraft:golden_pickaxe 1 22 {Unbreakable:1}","predicate": {"damaged": 0, "damage": 0.6666666666666667}, "model": "item/HLtrains/HTtouristbusFRONT"},
		{ "_cmd_": "give @p minecraft:golden_pickaxe 1 23 {Unbreakable:1}","predicate": {"damaged": 0, "damage": 0.696969696969697}, "model": "item/HLtrains/HTtouristbusBACK"},
		{ "_cmd_": "give @p minecraft:golden_pickaxe 1 24 {Unbreakable:1}","predicate": {"damaged": 0, "damage": 0.7272727272727273}, "model": "item/HLtrains/freight-wagon"},
		{ "_cmd_": "give @p minecraft:golden_pickaxe 1 25 {Unbreakable:1}","predicate": {"damaged": 0, "damage": 0.7575757575757576}, "model": "item/HLtrains/PLW_E_class_part1"},
		{ "_cmd_": "give @p minecraft:golden_pickaxe 1 26 {Unbreakable:1}","predicate": {"damaged": 0, "damage": 0.7878787878787878}, "model": "item/HLtrains/PLW_E_class_part2"},
		{ "_cmd_": "give @p minecraft:golden_pickaxe 1 27 {Unbreakable:1}","predicate": {"damaged": 0, "damage": 0.8181818181818182}, "model": "item/HLtrains/HTchristmasC6"},
		{ "_cmd_": "give @p minecraft:golden_pickaxe 1 28 {Unbreakable:1}","predicate": {"damaged": 0, "damage": 0.8484848484848485}, "model": "item/HLtrains/HN_800"},
		{ "_cmd_": "give @p minecraft:golden_pickaxe 1 29 {Unbreakable:1}","predicate": {"damaged": 0, "damage": 0.8787878787878788}, "model": "item/HLtrains/OLbus"},
		{ "_cmd_": "give @p minecraft:golden_pickaxe 1 30 {Unbreakable:1}","predicate": {"damaged": 0, "damage": 0.9090909090909092}, "model": "item/HLtrains/OLbusBACK"},
		{ "_cmd_": "give @p minecraft:golden_pickaxe 1 31 {Unbreakable:1}","predicate": {"damaged": 0, "damage": 0.9393939393939394}, "model": "minecraft:item/golden_pickaxe"},
		{ "_cmd_": "give @p minecraft:golden_pickaxe 1 32 {Unbreakable:1}","predicate": {"damaged": 0, "damage": 0.9696969696969697}, "model": "minecraft:item/golden_pickaxe"},
		{ "predicate": {"damaged": 1, "damage": 0}, "model": "item/golden_pickaxe"}
	]
}
