{
	"credit": "Made by Antlucl using Blockbench",
	"textures": {
		"0": "block/dripstone_block",
		"1": "block/iron_bars",
		"3": "block/polished_deepslate",
		"particle": "block/dripstone_block"
	},
	"elements": [
		{
			"name": "Harlon City Server",
			"from": [12.3, -15.3, 0],
			"to": [13.05, -15.05, 16],
			"rotation": {"angle": 0, "axis": "y", "origin": [0, -15.9, 0]},
			"faces": {
				"north": {"uv": [2, 0, 2.75, 0.25], "texture": "#1"},
				"east": {"uv": [2, 0, 4, 2], "texture": "#1"},
				"south": {"uv": [2, 0, 2.75, 0.25], "texture": "#1"},
				"west": {"uv": [2, 0, 4, 2], "texture": "#1"},
				"up": {"uv": [2, 0, 3.75, 16], "texture": "#1"},
				"down": {"uv": [2, 0, 3.75, 16], "texture": "#1"}
			}
		},
		{
			"name": "Harlon City Server",
			"from": [12.55, -15.05, 0],
			"to": [12.8, -14.35, 16],
			"rotation": {"angle": 0, "axis": "y", "origin": [0, -15.9, 0]},
			"faces": {
				"north": {"uv": [2, 2, 2.25, 2.65], "texture": "#1"},
				"east": {"uv": [2, 2, 9, 4], "texture": "#1"},
				"south": {"uv": [2, 2, 2.25, 2.65], "texture": "#1"},
				"west": {"uv": [2, 2, 9, 4], "texture": "#1"},
				"up": {"uv": [4, 2, 7, 3], "texture": "#1"},
				"down": {"uv": [2, 2, 9, 4], "texture": "#1"}
			}
		},
		{
			"name": "Harlon City Server",
			"from": [2.95, -15.3, 0],
			"to": [3.7, -15.05, 16],
			"rotation": {"angle": 0, "axis": "y", "origin": [0, -15.9, 0]},
			"faces": {
				"north": {"uv": [2, 0, 2.75, 0.25], "texture": "#1"},
				"east": {"uv": [2, 0, 4, 2], "texture": "#1"},
				"south": {"uv": [2, 0, 2.75, 0.25], "texture": "#1"},
				"west": {"uv": [2, 0, 4, 2], "texture": "#1"},
				"up": {"uv": [2, 0, 3.75, 16], "texture": "#1"},
				"down": {"uv": [2, 0, 3.75, 16], "texture": "#1"}
			}
		},
		{
			"name": "Harlon City Server",
			"from": [3.2, -15.05, 0],
			"to": [3.45, -14.35, 16],
			"rotation": {"angle": 0, "axis": "y", "origin": [0, -15.9, 0]},
			"faces": {
				"north": {"uv": [2, 2, 2.25, 2.65], "texture": "#1"},
				"east": {"uv": [2, 2, 9, 4], "texture": "#1"},
				"south": {"uv": [2, 2, 2.25, 2.65], "texture": "#1"},
				"west": {"uv": [2, 2, 9, 4], "texture": "#1"},
				"up": {"uv": [4, 2, 7, 3], "texture": "#1"},
				"down": {"uv": [2, 2, 9, 4], "texture": "#1"}
			}
		},
		{
			"name": "Harlon City Server",
			"from": [1.5, -15.9, 13],
			"to": [14.5, -15.3, 15],
			"rotation": {"angle": 0, "axis": "y", "origin": [0, -15.9, 0]},
			"faces": {
				"north": {"uv": [0, 0, 14, 0.5], "texture": "#0"},
				"east": {"uv": [0, 0, 2, 0.6], "texture": "#0"},
				"south": {"uv": [0, 0, 14, 0.5], "texture": "#0"},
				"west": {"uv": [0, 0, 2, 0.5], "texture": "#0"},
				"up": {"uv": [3, 14, 16, 16], "texture": "#0"},
				"down": {"uv": [0, 0, 14, 2], "texture": "#0"}
			}
		},
		{
			"name": "Harlon City Server",
			"from": [1.5, -15.9, 9],
			"to": [14.5, -15.3, 11],
			"rotation": {"angle": 0, "axis": "y", "origin": [0, -15.9, 0]},
			"faces": {
				"north": {"uv": [0, 0, 14, 0.5], "texture": "#0"},
				"east": {"uv": [0, 0, 2, 0.6], "texture": "#0"},
				"south": {"uv": [0, 0, 14, 0.5], "texture": "#0"},
				"west": {"uv": [0, 0, 2, 0.5], "texture": "#0"},
				"up": {"uv": [3, 9, 16, 11], "texture": "#0"},
				"down": {"uv": [0, 0, 14, 2], "texture": "#0"}
			}
		},
		{
			"name": "Harlon City Server",
			"from": [0.9, -13.85, 0],
			"to": [1.8, -12.95, 16],
			"rotation": {"angle": 0, "axis": "y", "origin": [0, -15.9, 0]},
			"faces": {
				"north": {"uv": [16, 3, 10, 4], "texture": "#3"},
				"east": {"uv": [16, 3, 10, 4], "texture": "#3"},
				"south": {"uv": [16, 3, 10, 4], "texture": "#3"},
				"west": {"uv": [16, 3, 10, 4], "texture": "#3"},
				"up": {"uv": [16, 3, 10, 4], "texture": "#3"},
				"down": {"uv": [16, 3, 10, 4], "texture": "#3"}
			}
		},
		{
			"name": "Harlon City Server",
			"from": [0.25, -15.9, 3.5],
			"to": [1.25, -13.3, 4.5],
			"rotation": {"angle": 0, "axis": "y", "origin": [0, -15.9, 0]},
			"faces": {
				"north": {"uv": [15.25, 3, 16, 4], "texture": "#3"},
				"east": {"uv": [15.25, 3, 16, 4], "texture": "#3"},
				"south": {"uv": [15.25, 3, 16, 4], "texture": "#3"},
				"west": {"uv": [15.25, 3, 16, 4], "texture": "#3"},
				"up": {"uv": [15.25, 3, 16, 4], "texture": "#3"},
				"down": {"uv": [15.25, 3, 16, 4], "texture": "#3"}
			}
		},
		{
			"name": "Harlon City Server",
			"from": [0.25, -15.9, 11.5],
			"to": [1.25, -13.3, 12.5],
			"rotation": {"angle": 0, "axis": "y", "origin": [0, -15.9, 0]},
			"faces": {
				"north": {"uv": [15.25, 12, 16, 13], "texture": "#3"},
				"east": {"uv": [15.25, 12, 16, 13], "texture": "#3"},
				"south": {"uv": [15.25, 12, 16, 13], "texture": "#3"},
				"west": {"uv": [15.25, 12, 16, 13], "texture": "#3"},
				"up": {"uv": [15.25, 12, 16, 13], "texture": "#3"},
				"down": {"uv": [15.25, 12, 16, 13], "texture": "#3"}
			}
		},
		{
			"name": "Harlon City Server",
			"from": [1.5, -15.9, 5],
			"to": [14.5, -15.3, 7],
			"rotation": {"angle": 0, "axis": "y", "origin": [0, -15.9, 0]},
			"faces": {
				"north": {"uv": [0, 0, 14, 0.5], "texture": "#0"},
				"east": {"uv": [0, 0, 2, 0.6], "texture": "#0"},
				"south": {"uv": [0, 0, 14, 0.5], "texture": "#0"},
				"west": {"uv": [0, 0, 2, 0.5], "texture": "#0"},
				"up": {"uv": [3, 5, 16, 7], "texture": "#0"},
				"down": {"uv": [0, 0, 14, 2], "texture": "#0"}
			}
		},
		{
			"name": "Harlon City Server",
			"from": [1.5, -15.9, 1],
			"to": [14.5, -15.3, 3],
			"rotation": {"angle": 0, "axis": "y", "origin": [0, -15.9, 0]},
			"faces": {
				"north": {"uv": [0, 0, 14, 0.5], "texture": "#0"},
				"east": {"uv": [0, 0, 2, 0.6], "texture": "#0"},
				"south": {"uv": [0, 0, 14, 0.5], "texture": "#0"},
				"west": {"uv": [0, 0, 2, 0.5], "texture": "#0"},
				"up": {"uv": [3, 2, 16, 4], "texture": "#0"},
				"down": {"uv": [0, 0, 14, 2], "texture": "#0"}
			}
		},
		{
			"name": "Harlon City Server",
			"from": [2.45, -15.3, 13.4],
			"to": [2.95, -15.15, 14.6],
			"rotation": {"angle": 0, "axis": "y", "origin": [0, -15.9, 0]},
			"faces": {
				"north": {"uv": [2, 0, 3, 1], "texture": "#1"},
				"east": {"uv": [2, 0, 3, 1], "texture": "#1"},
				"south": {"uv": [2, 0, 3, 1], "texture": "#1"},
				"west": {"uv": [2, 0, 3, 1], "texture": "#1"},
				"up": {"uv": [2, 0, 3, 1], "texture": "#1"},
				"down": {"uv": [2, 0, 3, 1], "texture": "#1"}
			}
		},
		{
			"name": "Harlon City Server",
			"from": [3.7, -15.3, 13.4],
			"to": [4.2, -15.15, 14.6],
			"rotation": {"angle": 0, "axis": "y", "origin": [0, -15.9, 0]},
			"faces": {
				"north": {"uv": [2, 0, 3, 1], "texture": "#1"},
				"east": {"uv": [2, 0, 3, 1], "texture": "#1"},
				"south": {"uv": [2, 0, 3, 1], "texture": "#1"},
				"west": {"uv": [2, 0, 3, 1], "texture": "#1"},
				"up": {"uv": [2, 0, 3, 1], "texture": "#1"},
				"down": {"uv": [2, 0, 3, 1], "texture": "#1"}
			}
		},
		{
			"name": "Harlon City Server",
			"from": [11.8, -15.3, 13.4],
			"to": [12.3, -15.15, 14.6],
			"rotation": {"angle": 0, "axis": "y", "origin": [0, -15.9, 0]},
			"faces": {
				"north": {"uv": [2, 0, 3, 1], "texture": "#1"},
				"east": {"uv": [2, 0, 3, 1], "texture": "#1"},
				"south": {"uv": [2, 0, 3, 1], "texture": "#1"},
				"west": {"uv": [2, 0, 3, 1], "texture": "#1"},
				"up": {"uv": [2, 0, 3, 1], "texture": "#1"},
				"down": {"uv": [2, 0, 3, 1], "texture": "#1"}
			}
		},
		{
			"name": "Harlon City Server",
			"from": [13.05, -15.3, 13.4],
			"to": [13.55, -15.15, 14.6],
			"rotation": {"angle": 0, "axis": "y", "origin": [0, -15.9, 0]},
			"faces": {
				"north": {"uv": [2, 0, 3, 1], "texture": "#1"},
				"east": {"uv": [2, 0, 3, 1], "texture": "#1"},
				"south": {"uv": [2, 0, 3, 1], "texture": "#1"},
				"west": {"uv": [2, 0, 3, 1], "texture": "#1"},
				"up": {"uv": [2, 0, 3, 1], "texture": "#1"},
				"down": {"uv": [2, 0, 3, 1], "texture": "#1"}
			}
		},
		{
			"name": "Harlon City Server",
			"from": [11.8, -15.3, 9.4],
			"to": [12.3, -15.15, 10.6],
			"rotation": {"angle": 0, "axis": "y", "origin": [0, -15.9, 0]},
			"faces": {
				"north": {"uv": [2, 0, 3, 1], "texture": "#1"},
				"east": {"uv": [2, 0, 3, 1], "texture": "#1"},
				"south": {"uv": [2, 0, 3, 1], "texture": "#1"},
				"west": {"uv": [2, 0, 3, 1], "texture": "#1"},
				"up": {"uv": [2, 0, 3, 1], "texture": "#1"},
				"down": {"uv": [2, 0, 3, 1], "texture": "#1"}
			}
		},
		{
			"name": "Harlon City Server",
			"from": [13.05, -15.3, 9.4],
			"to": [13.55, -15.15, 10.6],
			"rotation": {"angle": 0, "axis": "y", "origin": [0, -15.9, 0]},
			"faces": {
				"north": {"uv": [2, 0, 3, 1], "texture": "#1"},
				"east": {"uv": [2, 0, 3, 1], "texture": "#1"},
				"south": {"uv": [2, 0, 3, 1], "texture": "#1"},
				"west": {"uv": [2, 0, 3, 1], "texture": "#1"},
				"up": {"uv": [2, 0, 3, 1], "texture": "#1"},
				"down": {"uv": [2, 0, 3, 1], "texture": "#1"}
			}
		},
		{
			"name": "Harlon City Server",
			"from": [3.7, -15.3, 9.4],
			"to": [4.2, -15.15, 10.6],
			"rotation": {"angle": 0, "axis": "y", "origin": [0, -15.9, 0]},
			"faces": {
				"north": {"uv": [2, 0, 3, 1], "texture": "#1"},
				"east": {"uv": [2, 0, 3, 1], "texture": "#1"},
				"south": {"uv": [2, 0, 3, 1], "texture": "#1"},
				"west": {"uv": [2, 0, 3, 1], "texture": "#1"},
				"up": {"uv": [2, 0, 3, 1], "texture": "#1"},
				"down": {"uv": [2, 0, 3, 1], "texture": "#1"}
			}
		},
		{
			"name": "Harlon City Server",
			"from": [2.45, -15.3, 9.4],
			"to": [2.95, -15.15, 10.6],
			"rotation": {"angle": 0, "axis": "y", "origin": [0, -15.9, 0]},
			"faces": {
				"north": {"uv": [2, 0, 3, 1], "texture": "#1"},
				"east": {"uv": [2, 0, 3, 1], "texture": "#1"},
				"south": {"uv": [2, 0, 3, 1], "texture": "#1"},
				"west": {"uv": [2, 0, 3, 1], "texture": "#1"},
				"up": {"uv": [2, 0, 3, 1], "texture": "#1"},
				"down": {"uv": [2, 0, 3, 1], "texture": "#1"}
			}
		},
		{
			"name": "Harlon City Server",
			"from": [11.8, -15.3, 5.4],
			"to": [12.3, -15.15, 6.6],
			"rotation": {"angle": 0, "axis": "y", "origin": [0, -15.9, 0]},
			"faces": {
				"north": {"uv": [2, 0, 3, 1], "texture": "#1"},
				"east": {"uv": [2, 0, 3, 1], "texture": "#1"},
				"south": {"uv": [2, 0, 3, 1], "texture": "#1"},
				"west": {"uv": [2, 0, 3, 1], "texture": "#1"},
				"up": {"uv": [2, 0, 3, 1], "texture": "#1"},
				"down": {"uv": [2, 0, 3, 1], "texture": "#1"}
			}
		},
		{
			"name": "Harlon City Server",
			"from": [13.05, -15.3, 5.4],
			"to": [13.55, -15.15, 6.6],
			"rotation": {"angle": 0, "axis": "y", "origin": [0, -15.9, 0]},
			"faces": {
				"north": {"uv": [2, 0, 3, 1], "texture": "#1"},
				"east": {"uv": [2, 0, 3, 1], "texture": "#1"},
				"south": {"uv": [2, 0, 3, 1], "texture": "#1"},
				"west": {"uv": [2, 0, 3, 1], "texture": "#1"},
				"up": {"uv": [2, 0, 3, 1], "texture": "#1"},
				"down": {"uv": [2, 0, 3, 1], "texture": "#1"}
			}
		},
		{
			"name": "Harlon City Server",
			"from": [3.7, -15.3, 5.4],
			"to": [4.2, -15.15, 6.6],
			"rotation": {"angle": 0, "axis": "y", "origin": [0, -15.9, 0]},
			"faces": {
				"north": {"uv": [2, 0, 3, 1], "texture": "#1"},
				"east": {"uv": [2, 0, 3, 1], "texture": "#1"},
				"south": {"uv": [2, 0, 3, 1], "texture": "#1"},
				"west": {"uv": [2, 0, 3, 1], "texture": "#1"},
				"up": {"uv": [2, 0, 3, 1], "texture": "#1"},
				"down": {"uv": [2, 0, 3, 1], "texture": "#1"}
			}
		},
		{
			"name": "Harlon City Server",
			"from": [2.45, -15.3, 5.4],
			"to": [2.95, -15.15, 6.6],
			"rotation": {"angle": 0, "axis": "y", "origin": [0, -15.9, 0]},
			"faces": {
				"north": {"uv": [2, 0, 3, 1], "texture": "#1"},
				"east": {"uv": [2, 0, 3, 1], "texture": "#1"},
				"south": {"uv": [2, 0, 3, 1], "texture": "#1"},
				"west": {"uv": [2, 0, 3, 1], "texture": "#1"},
				"up": {"uv": [2, 0, 3, 1], "texture": "#1"},
				"down": {"uv": [2, 0, 3, 1], "texture": "#1"}
			}
		},
		{
			"name": "Harlon City Server",
			"from": [11.8, -15.3, 1.4],
			"to": [12.3, -15.15, 2.6],
			"rotation": {"angle": 0, "axis": "y", "origin": [0, -15.9, 0]},
			"faces": {
				"north": {"uv": [2, 0, 3, 1], "texture": "#1"},
				"east": {"uv": [2, 0, 3, 1], "texture": "#1"},
				"south": {"uv": [2, 0, 3, 1], "texture": "#1"},
				"west": {"uv": [2, 0, 3, 1], "texture": "#1"},
				"up": {"uv": [2, 0, 3, 1], "texture": "#1"},
				"down": {"uv": [2, 0, 3, 1], "texture": "#1"}
			}
		},
		{
			"name": "Harlon City Server",
			"from": [13.05, -15.3, 1.4],
			"to": [13.55, -15.15, 2.6],
			"rotation": {"angle": 0, "axis": "y", "origin": [0, -15.9, 0]},
			"faces": {
				"north": {"uv": [2, 0, 3, 1], "texture": "#1"},
				"east": {"uv": [2, 0, 3, 1], "texture": "#1"},
				"south": {"uv": [2, 0, 3, 1], "texture": "#1"},
				"west": {"uv": [2, 0, 3, 1], "texture": "#1"},
				"up": {"uv": [2, 0, 3, 1], "texture": "#1"},
				"down": {"uv": [2, 0, 3, 1], "texture": "#1"}
			}
		},
		{
			"name": "Harlon City Server",
			"from": [3.7, -15.3, 1.4],
			"to": [4.2, -15.15, 2.6],
			"rotation": {"angle": 0, "axis": "y", "origin": [0, -15.9, 0]},
			"faces": {
				"north": {"uv": [2, 0, 3, 1], "texture": "#1"},
				"east": {"uv": [2, 0, 3, 1], "texture": "#1"},
				"south": {"uv": [2, 0, 3, 1], "texture": "#1"},
				"west": {"uv": [2, 0, 3, 1], "texture": "#1"},
				"up": {"uv": [2, 0, 3, 1], "texture": "#1"},
				"down": {"uv": [2, 0, 3, 1], "texture": "#1"}
			}
		},
		{
			"name": "Harlon City Server",
			"from": [2.45, -15.3, 1.4],
			"to": [2.95, -15.15, 2.6],
			"rotation": {"angle": 0, "axis": "y", "origin": [0, -15.9, 0]},
			"faces": {
				"north": {"uv": [2, 0, 3, 1], "texture": "#1"},
				"east": {"uv": [2, 0, 3, 1], "texture": "#1"},
				"south": {"uv": [2, 0, 3, 1], "texture": "#1"},
				"west": {"uv": [2, 0, 3, 1], "texture": "#1"},
				"up": {"uv": [2, 0, 3, 1], "texture": "#1"},
				"down": {"uv": [2, 0, 3, 1], "texture": "#1"}
			}
		}
	],
	"display": {
		"thirdperson_righthand": {
			"scale": [4, 4, 4]
		},
		"head": {
			"scale": [4, 4, 4]
		}
	},
	"groups": [
		{
			"name": "Rail",
			"origin": [0, 0, 0],
			"color": 0,
			"children": [0, 1, 2, 3]
		},
		{
			"name": "Sleepers",
			"origin": [0, 0, 0],
			"color": 0,
			"children": [
				4,
				5,
				6,
				7,
				8,
				9,
				10,
				{
					"name": "Joiners",
					"origin": [0, 0, 0],
					"color": 0,
					"children": [11, 12, 13, 14, 15, 16, 17, 18, 19, 20, 21, 22, 23, 24, 25, 26]
				}
			]
		},
		{
			"name": "OHL",
			"origin": [0, 0, 0],
			"color": 0,
			"children": []
		}
	]
}