{
	"credit": "Made by Antlucl using Blockbench",
	"textures": {
		"0": "block/gravel",
		"particle": "block/gravel"
	},
	"elements": [
		{
			"name": "Harlon City Server",
			"from": [-12, -11, 0],
			"to": [26, 16, 16],
			"faces": {
				"north": {"uv": [0, 0, 16, 10], "texture": "#0"},
				"east": {"uv": [0, 0, 10, 8], "texture": "#0"},
				"south": {"uv": [0, 0, 16, 10], "texture": "#0"},
				"west": {"uv": [0, 0, 10, 8], "texture": "#0"},
				"up": {"uv": [0, 0, 16, 10], "texture": "#0"},
				"down": {"uv": [0, 0, 16, 10], "texture": "#0"}
			}
		}
	],
	"display": {
		"head": {
			"scale": [2, 1, 4]
		}
	},
	"groups": [
		{
			"name": "Gravel Ballast",
			"origin": [0, 0, 0],
			"color": 0,
			"children": [0]
		}
	]
}