{
	"credit": "This model is made by Antlucl and Keonian_ for Harlon City Server only. It is strictly not permitted to modify or use this model for any other project. This model has been created using the Blockbench software.",
	"textures": {
		"2": "block/black_concrete",
		"6": "block/white_concrete",
		"23": "block/HTmetro",
		"24": "block/gray_wool",
		"30": "block/HTblue",
		"37": "block/HT-scd",
		"46": "block/HT",
		"particle": "block/light_gray_concrete"
	},
	"elements": [
		{
			"name": "Harlon City Server",
			"from": [15.25, 4.9, 12.5],
			"to": [15.5, 9.9, 17.375],
			"rotation": {"angle": 0, "axis": "y", "origin": [16.25, -1.8, 42.25]},
			"faces": {
				"north": {"uv": [0, 0, 1, 1], "texture": "#6"},
				"east": {"uv": [0, 0, 1, 1], "texture": "#6"},
				"south": {"uv": [0, 0, 1, 1], "texture": "#6"},
				"west": {"uv": [0, 0, 1, 1], "texture": "#30"},
				"up": {"uv": [1, 1, 0, 0], "texture": "#6"},
				"down": {"uv": [1, 1, 0, 0], "texture": "#6"}
			}
		},
		{
			"name": "Harlon City Server",
			"from": [15.25, 9.9, 14.23],
			"to": [15.5, 10.65, 17.38],
			"rotation": {"angle": 0, "axis": "y", "origin": [16.25, -1.8, 42.25]},
			"faces": {
				"north": {"uv": [0, 0, 1, 1], "texture": "#6"},
				"east": {"uv": [0, 0, 1, 1], "texture": "#46"},
				"south": {"uv": [0, 0, 1, 1], "texture": "#6"},
				"west": {"uv": [0, 0, 1, 1], "texture": "#30"},
				"up": {"uv": [1, 1, 0, 0], "texture": "#6"},
				"down": {"uv": [1, 1, 0, 0], "texture": "#6"}
			}
		},
		{
			"name": "Harlon City Server",
			"from": [15.51, 19.677, 18.875],
			"to": [15.51, 19.802, 19.15],
			"rotation": {"angle": -22.5, "axis": "x", "origin": [16.25, -1.8, 42.25]},
			"faces": {
				"north": {"uv": [0, 0, 1, 1], "texture": "#23"},
				"east": {"uv": [0, 0, 1, 1], "texture": "#46"},
				"south": {"uv": [0, 0, 1, 1], "texture": "#23"},
				"west": {"uv": [0, 0, 1, 1], "texture": "#23"},
				"up": {"uv": [0, 0, 1, 1], "texture": "#23"},
				"down": {"uv": [0, 0, 1, 1], "texture": "#23"}
			}
		},
		{
			"name": "Harlon City Server",
			"from": [15.51, 19.802, 18.975],
			"to": [15.51, 20.052, 19.15],
			"rotation": {"angle": -22.5, "axis": "x", "origin": [16.25, -1.8, 42.25]},
			"faces": {
				"north": {"uv": [0, 0, 1, 1], "texture": "#23"},
				"east": {"uv": [0, 0, 1, 1], "texture": "#46"},
				"south": {"uv": [0, 0, 1, 1], "texture": "#23"},
				"west": {"uv": [0, 0, 1, 1], "texture": "#23"},
				"up": {"uv": [0, 0, 1, 1], "texture": "#23"},
				"down": {"uv": [0, 0, 1, 1], "texture": "#23"}
			}
		},
		{
			"name": "Harlon City Server",
			"from": [15.51, 20.052, 19.075],
			"to": [15.51, 20.177, 19.15],
			"rotation": {"angle": -22.5, "axis": "x", "origin": [16.25, -1.8, 42.25]},
			"faces": {
				"north": {"uv": [0, 0, 1, 1], "texture": "#23"},
				"east": {"uv": [0, 0, 1, 1], "texture": "#46"},
				"south": {"uv": [0, 0, 1, 1], "texture": "#23"},
				"west": {"uv": [0, 0, 1, 1], "texture": "#23"},
				"up": {"uv": [0, 0, 1, 1], "texture": "#23"},
				"down": {"uv": [0, 0, 1, 1], "texture": "#23"}
			}
		},
		{
			"name": "Harlon City Server",
			"from": [15.51, 19.677, 19.15],
			"to": [15.51, 20.427, 21.125],
			"rotation": {"angle": -22.5, "axis": "x", "origin": [16.25, -1.8, 42.25]},
			"faces": {
				"north": {"uv": [0, 0, 1, 1], "texture": "#23"},
				"east": {"uv": [0, 0, 1, 1], "texture": "#46"},
				"south": {"uv": [0, 0, 1, 1], "texture": "#23"},
				"west": {"uv": [0, 0, 1, 1], "texture": "#23"},
				"up": {"uv": [0, 0, 1, 1], "texture": "#23"},
				"down": {"uv": [0, 0, 1, 1], "texture": "#23"}
			}
		},
		{
			"name": "Harlon City Server",
			"from": [15.25, 9.9, 12.5],
			"to": [15.5, 10.65, 14.23],
			"rotation": {"angle": 0, "axis": "y", "origin": [16.25, -1.8, 42.25]},
			"faces": {
				"north": {"uv": [0, 0, 1, 1], "texture": "#6"},
				"east": {"uv": [0, 0, 1, 1], "texture": "#6"},
				"south": {"uv": [0, 0, 1, 1], "texture": "#6"},
				"west": {"uv": [0, 0, 1, 1], "texture": "#30"},
				"up": {"uv": [1, 1, 0, 0], "texture": "#6"},
				"down": {"uv": [1, 1, 0, 0], "texture": "#6"}
			}
		},
		{
			"name": "Harlon City Server",
			"from": [15.25, 10.65, 12.5],
			"to": [15.5, 11.15, 17.375],
			"rotation": {"angle": 0, "axis": "y", "origin": [16.25, -1.8, 42.25]},
			"faces": {
				"north": {"uv": [0, 0, 1, 1], "texture": "#6"},
				"east": {"uv": [0, 0, 1, 1], "texture": "#6"},
				"south": {"uv": [0, 0, 1, 1], "texture": "#6"},
				"west": {"uv": [0, 0, 1, 1], "texture": "#30"},
				"up": {"uv": [1, 1, 0, 0], "texture": "#6"},
				"down": {"uv": [1, 1, 0, 0], "texture": "#6"}
			}
		},
		{
			"name": "Harlon City Server",
			"from": [15.3, 11.15, 13.125],
			"to": [15.45, 11.4, 16.875],
			"rotation": {"angle": 0, "axis": "y", "origin": [16.25, -1.8, 42.25]},
			"faces": {
				"north": {"uv": [0, 0, 1, 1], "texture": "#2"},
				"east": {"uv": [0, 0, 1, 1], "texture": "#2"},
				"south": {"uv": [0, 0, 1, 1], "texture": "#2"},
				"west": {"uv": [0, 0, 1, 1], "texture": "#2"},
				"up": {"uv": [1, 1, 0, 0], "texture": "#2"},
				"down": {"uv": [1, 1, 0, 0], "texture": "#2"}
			}
		},
		{
			"name": "Harlon City Server",
			"from": [15.25, 4.9, 12.375],
			"to": [15.5, 18.65, 12.5],
			"rotation": {"angle": 0, "axis": "y", "origin": [16.25, -1.8, 42.25]},
			"faces": {
				"north": {"uv": [0, 0, 1, 16], "texture": "#24"},
				"east": {"uv": [0, 0, 1, 16], "texture": "#24"},
				"south": {"uv": [0, 0, 1, 16], "texture": "#24"},
				"west": {"uv": [0, 0, 1, 16], "texture": "#24"},
				"up": {"uv": [1, 16, 0, 0], "texture": "#24"},
				"down": {"uv": [1, 16, 0, 0], "texture": "#24"}
			}
		},
		{
			"name": "Harlon City Server",
			"from": [15.52, 4.9, 12.375],
			"to": [15.52, 18.65, 12.5],
			"rotation": {"angle": 0, "axis": "y", "origin": [16.25, -1.8, 42.25]},
			"faces": {
				"north": {"uv": [0, 0, 1, 16], "texture": "#24"},
				"east": {"uv": [0, 0, 1, 16], "texture": "#24"},
				"south": {"uv": [0, 0, 1, 16], "texture": "#24"},
				"west": {"uv": [0, 0, 1, 16], "texture": "#24"},
				"up": {"uv": [1, 16, 0, 0], "texture": "#24"},
				"down": {"uv": [1, 16, 0, 0], "texture": "#24"}
			}
		},
		{
			"name": "Harlon City Server",
			"from": [15.25, 11.15, 12.5],
			"to": [15.5, 17.65, 12.875],
			"rotation": {"angle": 0, "axis": "y", "origin": [16.25, -1.8, 42.25]},
			"faces": {
				"north": {"uv": [0, 0, 1, 1], "texture": "#6"},
				"east": {"uv": [0, 0, 1, 1], "texture": "#6"},
				"south": {"uv": [0, 0, 1, 1], "texture": "#6"},
				"west": {"uv": [0, 0, 1, 1], "texture": "#30"},
				"up": {"uv": [1, 1, 0, 0], "texture": "#6"},
				"down": {"uv": [1, 1, 0, 0], "texture": "#6"}
			}
		},
		{
			"name": "Harlon City Server",
			"from": [15.25, 11.15, 17.125],
			"to": [15.5, 17.65, 17.375],
			"rotation": {"angle": 0, "axis": "y", "origin": [16.25, -1.8, 42.25]},
			"faces": {
				"north": {"uv": [0, 0, 1, 1], "texture": "#6"},
				"east": {"uv": [0, 0, 1, 1], "texture": "#6"},
				"south": {"uv": [0, 0, 1, 1], "texture": "#6"},
				"west": {"uv": [0, 0, 1, 1], "texture": "#30"},
				"up": {"uv": [1, 1, 0, 0], "texture": "#6"},
				"down": {"uv": [1, 1, 0, 0], "texture": "#6"}
			}
		},
		{
			"name": "Harlon City Server",
			"from": [15.3, 11.15, 16.875],
			"to": [15.45, 17.65, 17.125],
			"rotation": {"angle": 0, "axis": "y", "origin": [16.25, -1.8, 42.25]},
			"faces": {
				"north": {"uv": [0, 0, 1, 1], "texture": "#2"},
				"east": {"uv": [0, 0, 1, 1], "texture": "#2"},
				"south": {"uv": [0, 0, 1, 1], "texture": "#2"},
				"west": {"uv": [0, 0, 1, 1], "texture": "#2"},
				"up": {"uv": [1, 1, 0, 0], "texture": "#2"},
				"down": {"uv": [1, 1, 0, 0], "texture": "#2"}
			}
		},
		{
			"name": "Harlon City Server",
			"from": [15.3, 11.15, 12.875],
			"to": [15.45, 17.65, 13.125],
			"rotation": {"angle": 0, "axis": "y", "origin": [16.25, -1.8, 42.25]},
			"faces": {
				"north": {"uv": [0, 0, 1, 1], "texture": "#2"},
				"east": {"uv": [0, 0, 1, 1], "texture": "#2"},
				"south": {"uv": [0, 0, 1, 1], "texture": "#2"},
				"west": {"uv": [0, 0, 1, 1], "texture": "#2"},
				"up": {"uv": [1, 1, 0, 0], "texture": "#2"},
				"down": {"uv": [1, 1, 0, 0], "texture": "#2"}
			}
		},
		{
			"name": "Harlon City Server",
			"from": [15.3, 17.4, 13.125],
			"to": [15.45, 17.65, 16.875],
			"rotation": {"angle": 0, "axis": "y", "origin": [16.25, -1.8, 42.25]},
			"faces": {
				"north": {"uv": [0, 0, 1, 1], "texture": "#2"},
				"east": {"uv": [0, 0, 1, 1], "texture": "#2"},
				"south": {"uv": [0, 0, 1, 1], "texture": "#2"},
				"west": {"uv": [0, 0, 1, 1], "texture": "#2"},
				"up": {"uv": [1, 1, 0, 0], "texture": "#2"},
				"down": {"uv": [1, 1, 0, 0], "texture": "#2"}
			}
		},
		{
			"name": "Harlon City Server",
			"from": [15.25, 17.65, 12.5],
			"to": [15.5, 18.65, 17.375],
			"rotation": {"angle": 0, "axis": "y", "origin": [16.25, -1.8, 42.25]},
			"faces": {
				"north": {"uv": [0, 0, 1, 1], "texture": "#6"},
				"east": {"uv": [0, 0, 1, 1], "texture": "#6"},
				"south": {"uv": [0, 0, 1, 1], "texture": "#6"},
				"west": {"uv": [0, 0, 1, 1], "texture": "#30"},
				"up": {"uv": [1, 1, 0, 0], "texture": "#6"},
				"down": {"uv": [1, 1, 0, 0], "texture": "#6"}
			}
		},
		{
			"name": "Harlon City Server",
			"from": [15.24, 17.9, 12.875],
			"to": [15.24, 18.4, 17.125],
			"rotation": {"angle": 0, "axis": "y", "origin": [16.25, -1.8, 42.25]},
			"faces": {
				"north": {"uv": [0, 0, 1, 1], "texture": "#30"},
				"east": {"uv": [0, 0, 1, 1], "texture": "#30"},
				"south": {"uv": [0, 0, 1, 1], "texture": "#30"},
				"west": {"uv": [0, 0, 16, 16], "texture": "#37"},
				"up": {"uv": [0, 0, 1, 1], "texture": "#30"},
				"down": {"uv": [0, 0, 1, 1], "texture": "#30"}
			}
		}
	],
	"display": {
		"thirdperson_righthand": {
			"scale": [4, 4, 4]
		},
		"head": {
			"scale": [4, 4, 4]
		}
	},
	"groups": [
		{
			"name": "Door",
			"origin": [0, 0.25, -6.75],
			"color": 0,
			"children": [0, 1, 2, 3, 4, 5, 6, 7, 8, 9, 10, 11, 12, 13, 14, 15, 16, 17]
		}
	]
}