{
	"credit": "This model is made by Antlucl and Keonian_ for Harlon City Server only. It is strictly not permitted to modify or use this model for any other project. This model has been created using the Blockbench software.",
	"textures": {
		"0": "block/light_gray_concrete",
		"2": "block/black_concrete",
		"3": "block/cyan_terracotta",
		"18": "block/blackstone",
		"57": "block/HT-is-motd-slot1",
		"58": "block/HT-is-info-base",
		"particle": "block/light_gray_concrete"
	},
	"elements": [
		{
			"name": "Harlon City Server",
			"from": [8.1, 17.05, -1.75],
			"to": [12.1, 19.55, -1.55],
			"rotation": {"angle": 22.5, "axis": "x", "origin": [16, -1.55, 4]},
			"faces": {
				"north": {"uv": [0, 2.5, 0, 2.5], "texture": "#18"},
				"east": {"uv": [0, 2.5, 0, 2.5], "texture": "#18"},
				"south": {"uv": [0, 0, 16, 16], "texture": "#58"},
				"west": {"uv": [0, 2.5, 0, 2.5], "texture": "#18"},
				"up": {"uv": [0, 2.5, 0, 2.5], "texture": "#18"},
				"down": {"uv": [0, 2.5, 0, 2.5], "texture": "#18"}
			}
		},
		{
			"name": "Harlon City Server",
			"from": [8.1, 16.95, -1.75],
			"to": [12.1, 17.05, -1.5],
			"rotation": {"angle": 22.5, "axis": "x", "origin": [16, -1.55, 4]},
			"faces": {
				"north": {"uv": [1, 0, 0, 1], "texture": "#2"},
				"east": {"uv": [1, 0, 0, 1], "texture": "#2"},
				"south": {"uv": [1, 0, 0, 1], "texture": "#2"},
				"west": {"uv": [1, 0, 0, 1], "texture": "#2"},
				"up": {"uv": [1, 0, 0, 1], "texture": "#2"},
				"down": {"uv": [1, 0, 0, 1], "texture": "#2"}
			}
		},
		{
			"name": "Harlon City Server",
			"from": [8, 16.95, -1.75],
			"to": [8.1, 19.65, -1.5],
			"rotation": {"angle": 22.5, "axis": "x", "origin": [16, -1.55, 4]},
			"faces": {
				"north": {"uv": [1, 0, 0, 1], "texture": "#2"},
				"east": {"uv": [1, 0, 0, 1], "texture": "#2"},
				"south": {"uv": [1, 0, 0, 1], "texture": "#2"},
				"west": {"uv": [1, 0, 0, 1], "texture": "#2"},
				"up": {"uv": [1, 0, 0, 1], "texture": "#2"},
				"down": {"uv": [1, 0, 0, 1], "texture": "#2"}
			}
		},
		{
			"name": "Harlon City Server",
			"from": [8.1, 19.55, -1.75],
			"to": [12.1, 19.65, -1.5],
			"rotation": {"angle": 22.5, "axis": "x", "origin": [16, -1.55, 4]},
			"faces": {
				"north": {"uv": [1, 0, 0, 1], "texture": "#2"},
				"east": {"uv": [1, 0, 0, 1], "texture": "#2"},
				"south": {"uv": [1, 0, 0, 1], "texture": "#2"},
				"west": {"uv": [1, 0, 0, 1], "texture": "#2"},
				"up": {"uv": [1, 0, 0, 1], "texture": "#2"},
				"down": {"uv": [1, 0, 0, 1], "texture": "#2"}
			}
		},
		{
			"name": "Harlon City Server",
			"from": [8, 16.95, -1.8],
			"to": [12.2, 19.65, -1.75],
			"rotation": {"angle": 22.5, "axis": "x", "origin": [16, -1.55, 4]},
			"faces": {
				"north": {"uv": [0, 1, 1, 0], "rotation": 270, "texture": "#3"},
				"east": {"uv": [0, 1, 1, 0], "rotation": 270, "texture": "#3"},
				"south": {"uv": [0, 1, 1, 0], "rotation": 270, "texture": "#3"},
				"west": {"uv": [0, 1, 1, 0], "rotation": 270, "texture": "#3"},
				"up": {"uv": [0, 1, 1, 0], "rotation": 270, "texture": "#3"},
				"down": {"uv": [0, 1, 1, 0], "rotation": 270, "texture": "#3"}
			}
		},
		{
			"name": "Harlon City Server",
			"from": [8, 16.925, -1.8],
			"to": [12.2, 16.95, -1.5],
			"rotation": {"angle": 22.5, "axis": "x", "origin": [16, -1.55, 4]},
			"faces": {
				"north": {"uv": [0, 1, 1, 0], "rotation": 270, "texture": "#3"},
				"east": {"uv": [0, 1, 1, 0], "rotation": 270, "texture": "#3"},
				"south": {"uv": [0, 1, 1, 0], "rotation": 270, "texture": "#3"},
				"west": {"uv": [0, 1, 1, 0], "rotation": 270, "texture": "#3"},
				"up": {"uv": [0, 1, 1, 0], "rotation": 270, "texture": "#3"},
				"down": {"uv": [0, 1, 1, 0], "rotation": 270, "texture": "#3"}
			}
		},
		{
			"name": "Harlon City Server",
			"from": [8, 13.375, -8.21875],
			"to": [12.2, 13.4125, -8.15],
			"rotation": {"angle": 45, "axis": "x", "origin": [16, -1.55, 4]},
			"faces": {
				"north": {"uv": [0, 1, 1, 0], "rotation": 270, "texture": "#3"},
				"east": {"uv": [0, 1, 1, 0], "rotation": 270, "texture": "#3"},
				"south": {"uv": [0, 1, 1, 0], "rotation": 270, "texture": "#3"},
				"west": {"uv": [0, 1, 1, 0], "rotation": 270, "texture": "#3"},
				"up": {"uv": [0, 1, 1, 0], "rotation": 270, "texture": "#3"},
				"down": {"uv": [0, 1, 1, 0], "rotation": 270, "texture": "#3"}
			}
		},
		{
			"name": "Harlon City Server",
			"from": [8, 15.3875, 13.1],
			"to": [12.2, 15.46875, 13.1375],
			"rotation": {"angle": -22.5, "axis": "x", "origin": [16, -1.55, 4]},
			"faces": {
				"north": {"uv": [0, 1, 1, 0], "rotation": 90, "texture": "#3"},
				"east": {"uv": [0, 1, 1, 0], "rotation": 180, "texture": "#3"},
				"south": {"uv": [0, 1, 1, 0], "rotation": 270, "texture": "#3"},
				"west": {"uv": [0, 1, 1, 0], "texture": "#3"},
				"up": {"uv": [0, 1, 1, 0], "rotation": 90, "texture": "#3"},
				"down": {"uv": [0, 1, 1, 0], "rotation": 270, "texture": "#3"}
			}
		},
		{
			"name": "Harlon City Server",
			"from": [8, 17.58125, 5.8875],
			"to": [12.2, 17.66875, 5.925],
			"rotation": {"angle": 0, "axis": "y", "origin": [16, -1.55, 4]},
			"faces": {
				"north": {"uv": [0, 1, 1, 0], "rotation": 90, "texture": "#3"},
				"east": {"uv": [0, 1, 1, 0], "rotation": 180, "texture": "#3"},
				"south": {"uv": [0, 1, 1, 0], "rotation": 270, "texture": "#3"},
				"west": {"uv": [0, 1, 1, 0], "texture": "#3"},
				"up": {"uv": [0, 1, 1, 0], "rotation": 90, "texture": "#3"},
				"down": {"uv": [0, 1, 1, 0], "rotation": 270, "texture": "#3"}
			}
		},
		{
			"name": "Harlon City Server",
			"from": [8, 16.85, -1.6125],
			"to": [12.2, 16.925, -1.575],
			"rotation": {"angle": 22.5, "axis": "x", "origin": [16, -1.55, 4]},
			"faces": {
				"north": {"uv": [0, 1, 1, 0], "rotation": 90, "texture": "#3"},
				"east": {"uv": [0, 1, 1, 0], "rotation": 180, "texture": "#3"},
				"south": {"uv": [0, 1, 1, 0], "rotation": 270, "texture": "#3"},
				"west": {"uv": [0, 1, 1, 0], "texture": "#3"},
				"up": {"uv": [0, 1, 1, 0], "rotation": 90, "texture": "#3"},
				"down": {"uv": [0, 1, 1, 0], "rotation": 270, "texture": "#3"}
			}
		},
		{
			"name": "Harlon City Server",
			"from": [8, 13.325, -8.325],
			"to": [12.2, 13.36875, -8.225],
			"rotation": {"angle": 45, "axis": "x", "origin": [16, -1.55, 4]},
			"faces": {
				"north": {"uv": [0, 1, 1, 0], "rotation": 90, "texture": "#3"},
				"east": {"uv": [0, 1, 1, 0], "rotation": 180, "texture": "#3"},
				"south": {"uv": [0, 1, 1, 0], "rotation": 270, "texture": "#3"},
				"west": {"uv": [0, 1, 1, 0], "texture": "#3"},
				"up": {"uv": [0, 1, 1, 0], "rotation": 90, "texture": "#3"},
				"down": {"uv": [0, 1, 1, 0], "rotation": 270, "texture": "#3"}
			}
		},
		{
			"name": "Harlon City Server",
			"from": [8, 13.3, -8.43125],
			"to": [12.2, 13.34375, -8.225],
			"rotation": {"angle": 45, "axis": "x", "origin": [16, -1.55, 4]},
			"faces": {
				"north": {"uv": [0, 1, 1, 0], "rotation": 90, "texture": "#3"},
				"east": {"uv": [0, 1, 1, 0], "rotation": 180, "texture": "#3"},
				"south": {"uv": [0, 1, 1, 0], "rotation": 270, "texture": "#3"},
				"west": {"uv": [0, 1, 1, 0], "texture": "#3"},
				"up": {"uv": [0, 1, 1, 0], "rotation": 90, "texture": "#3"},
				"down": {"uv": [0, 1, 1, 0], "rotation": 270, "texture": "#3"}
			}
		},
		{
			"name": "Harlon City Server",
			"from": [12.1, 16.95, -1.75],
			"to": [12.2, 19.65, -1.5],
			"rotation": {"angle": 22.5, "axis": "x", "origin": [16, -1.55, 4]},
			"faces": {
				"north": {"uv": [1, 0, 0, 1], "texture": "#2"},
				"east": {"uv": [1, 0, 0, 1], "texture": "#2"},
				"south": {"uv": [1, 0, 0, 1], "texture": "#2"},
				"west": {"uv": [1, 0, 0, 1], "texture": "#2"},
				"up": {"uv": [1, 0, 0, 1], "texture": "#2"},
				"down": {"uv": [1, 0, 0, 1], "texture": "#2"}
			}
		},
		{
			"name": "Harlon City Server",
			"from": [3.9, 17.05, -1.75],
			"to": [7.9, 19.55, -1.55],
			"rotation": {"angle": 22.5, "axis": "x", "origin": [0, -1.55, 4]},
			"faces": {
				"north": {"uv": [0, 2.5, 0, 2.5], "texture": "#18"},
				"east": {"uv": [0, 2.5, 0, 2.5], "texture": "#18"},
				"south": {"uv": [0, 0, 16, 16], "texture": "#57"},
				"west": {"uv": [0, 2.5, 0, 2.5], "texture": "#18"},
				"up": {"uv": [0, 2.5, 0, 2.5], "texture": "#18"},
				"down": {"uv": [0, 2.5, 0, 2.5], "texture": "#18"}
			}
		},
		{
			"name": "Harlon City Server",
			"from": [3.9, 16.95, -1.75],
			"to": [7.9, 17.05, -1.5],
			"rotation": {"angle": 22.5, "axis": "x", "origin": [0, -1.55, 4]},
			"faces": {
				"north": {"uv": [0, 0, 1, 1], "texture": "#2"},
				"east": {"uv": [0, 0, 1, 1], "texture": "#2"},
				"south": {"uv": [0, 0, 1, 1], "texture": "#2"},
				"west": {"uv": [0, 0, 1, 1], "texture": "#2"},
				"up": {"uv": [0, 0, 1, 1], "texture": "#2"},
				"down": {"uv": [0, 0, 1, 1], "texture": "#2"}
			}
		},
		{
			"name": "Harlon City Server",
			"from": [7.9, 16.95, -1.75],
			"to": [8, 19.65, -1.5],
			"rotation": {"angle": 22.5, "axis": "x", "origin": [0, -1.55, 4]},
			"faces": {
				"north": {"uv": [0, 0, 1, 1], "texture": "#2"},
				"east": {"uv": [0, 0, 1, 1], "texture": "#2"},
				"south": {"uv": [0, 0, 1, 1], "texture": "#2"},
				"west": {"uv": [0, 0, 1, 1], "texture": "#2"},
				"up": {"uv": [0, 0, 1, 1], "texture": "#2"},
				"down": {"uv": [0, 0, 1, 1], "texture": "#2"}
			}
		},
		{
			"name": "Harlon City Server",
			"from": [3.9, 19.55, -1.75],
			"to": [7.9, 19.65, -1.5],
			"rotation": {"angle": 22.5, "axis": "x", "origin": [0, -1.55, 4]},
			"faces": {
				"north": {"uv": [0, 0, 1, 1], "texture": "#2"},
				"east": {"uv": [0, 0, 1, 1], "texture": "#2"},
				"south": {"uv": [0, 0, 1, 1], "texture": "#2"},
				"west": {"uv": [0, 0, 1, 1], "texture": "#2"},
				"up": {"uv": [0, 0, 1, 1], "texture": "#2"},
				"down": {"uv": [0, 0, 1, 1], "texture": "#2"}
			}
		},
		{
			"name": "Harlon City Server",
			"from": [3.8, 16.95, -1.8],
			"to": [8, 19.65, -1.75],
			"rotation": {"angle": 22.5, "axis": "x", "origin": [0, -1.55, 4]},
			"faces": {
				"north": {"uv": [0, 0, 1, 1], "rotation": 270, "texture": "#3"},
				"east": {"uv": [0, 0, 1, 1], "rotation": 270, "texture": "#3"},
				"south": {"uv": [0, 0, 1, 1], "rotation": 270, "texture": "#3"},
				"west": {"uv": [0, 0, 1, 1], "rotation": 270, "texture": "#3"},
				"up": {"uv": [0, 0, 1, 1], "rotation": 270, "texture": "#3"},
				"down": {"uv": [0, 0, 1, 1], "rotation": 270, "texture": "#3"}
			}
		},
		{
			"name": "Harlon City Server",
			"from": [3.8, 16.925, -1.8],
			"to": [8, 16.95, -1.5],
			"rotation": {"angle": 22.5, "axis": "x", "origin": [0, -1.55, 4]},
			"faces": {
				"north": {"uv": [0, 0, 1, 1], "rotation": 270, "texture": "#3"},
				"east": {"uv": [0, 0, 1, 1], "rotation": 270, "texture": "#3"},
				"south": {"uv": [0, 0, 1, 1], "rotation": 270, "texture": "#3"},
				"west": {"uv": [0, 0, 1, 1], "rotation": 270, "texture": "#3"},
				"up": {"uv": [0, 0, 1, 1], "rotation": 270, "texture": "#3"},
				"down": {"uv": [0, 0, 1, 1], "rotation": 270, "texture": "#3"}
			}
		},
		{
			"name": "Harlon City Server",
			"from": [3.8, 13.375, -8.21875],
			"to": [8, 13.4125, -8.15],
			"rotation": {"angle": 45, "axis": "x", "origin": [0, -1.55, 4]},
			"faces": {
				"north": {"uv": [0, 0, 1, 1], "rotation": 270, "texture": "#3"},
				"east": {"uv": [0, 0, 1, 1], "rotation": 270, "texture": "#3"},
				"south": {"uv": [0, 0, 1, 1], "rotation": 270, "texture": "#3"},
				"west": {"uv": [0, 0, 1, 1], "rotation": 270, "texture": "#3"},
				"up": {"uv": [0, 0, 1, 1], "rotation": 270, "texture": "#3"},
				"down": {"uv": [0, 0, 1, 1], "rotation": 270, "texture": "#3"}
			}
		},
		{
			"name": "Harlon City Server",
			"from": [3.8, 15.3875, 13.1],
			"to": [8, 15.46875, 13.1375],
			"rotation": {"angle": -22.5, "axis": "x", "origin": [0, -1.55, 4]},
			"faces": {
				"north": {"uv": [0, 0, 1, 1], "rotation": 90, "texture": "#3"},
				"east": {"uv": [1, 1, 0, 0], "texture": "#3"},
				"south": {"uv": [0, 0, 1, 1], "rotation": 270, "texture": "#3"},
				"west": {"uv": [1, 1, 0, 0], "rotation": 180, "texture": "#3"},
				"up": {"uv": [0, 0, 1, 1], "rotation": 90, "texture": "#3"},
				"down": {"uv": [0, 0, 1, 1], "rotation": 270, "texture": "#3"}
			}
		},
		{
			"name": "Harlon City Server",
			"from": [3.8, 17.58125, 5.8875],
			"to": [8, 17.66875, 5.925],
			"rotation": {"angle": 0, "axis": "y", "origin": [0, -1.55, 4]},
			"faces": {
				"north": {"uv": [0, 0, 1, 1], "rotation": 90, "texture": "#3"},
				"east": {"uv": [1, 1, 0, 0], "texture": "#3"},
				"south": {"uv": [0, 0, 1, 1], "rotation": 270, "texture": "#3"},
				"west": {"uv": [1, 1, 0, 0], "rotation": 180, "texture": "#3"},
				"up": {"uv": [0, 0, 1, 1], "rotation": 90, "texture": "#3"},
				"down": {"uv": [0, 0, 1, 1], "rotation": 270, "texture": "#3"}
			}
		},
		{
			"name": "Harlon City Server",
			"from": [3.8, 16.85, -1.6125],
			"to": [8, 16.925, -1.575],
			"rotation": {"angle": 22.5, "axis": "x", "origin": [0, -1.55, 4]},
			"faces": {
				"north": {"uv": [0, 0, 1, 1], "rotation": 90, "texture": "#3"},
				"east": {"uv": [1, 1, 0, 0], "texture": "#3"},
				"south": {"uv": [0, 0, 1, 1], "rotation": 270, "texture": "#3"},
				"west": {"uv": [1, 1, 0, 0], "rotation": 180, "texture": "#3"},
				"up": {"uv": [0, 0, 1, 1], "rotation": 90, "texture": "#3"},
				"down": {"uv": [0, 0, 1, 1], "rotation": 270, "texture": "#3"}
			}
		},
		{
			"name": "Harlon City Server",
			"from": [3.8, 13.325, -8.325],
			"to": [8, 13.36875, -8.225],
			"rotation": {"angle": 45, "axis": "x", "origin": [0, -1.55, 4]},
			"faces": {
				"north": {"uv": [0, 0, 1, 1], "rotation": 90, "texture": "#3"},
				"east": {"uv": [1, 1, 0, 0], "texture": "#3"},
				"south": {"uv": [0, 0, 1, 1], "rotation": 270, "texture": "#3"},
				"west": {"uv": [1, 1, 0, 0], "rotation": 180, "texture": "#3"},
				"up": {"uv": [0, 0, 1, 1], "rotation": 90, "texture": "#3"},
				"down": {"uv": [0, 0, 1, 1], "rotation": 270, "texture": "#3"}
			}
		},
		{
			"name": "Harlon City Server",
			"from": [3.8, 13.3, -8.43125],
			"to": [8, 13.34375, -8.225],
			"rotation": {"angle": 45, "axis": "x", "origin": [0, -1.55, 4]},
			"faces": {
				"north": {"uv": [0, 0, 1, 1], "rotation": 90, "texture": "#3"},
				"east": {"uv": [1, 1, 0, 0], "texture": "#3"},
				"south": {"uv": [0, 0, 1, 1], "rotation": 270, "texture": "#3"},
				"west": {"uv": [1, 1, 0, 0], "rotation": 180, "texture": "#3"},
				"up": {"uv": [0, 0, 1, 1], "rotation": 90, "texture": "#3"},
				"down": {"uv": [0, 0, 1, 1], "rotation": 270, "texture": "#3"}
			}
		},
		{
			"name": "Harlon City Server",
			"from": [3.8, 16.95, -1.75],
			"to": [3.9, 19.65, -1.5],
			"rotation": {"angle": 22.5, "axis": "x", "origin": [0, -1.55, 4]},
			"faces": {
				"north": {"uv": [0, 0, 1, 1], "texture": "#2"},
				"east": {"uv": [0, 0, 1, 1], "texture": "#2"},
				"south": {"uv": [0, 0, 1, 1], "texture": "#2"},
				"west": {"uv": [0, 0, 1, 1], "texture": "#2"},
				"up": {"uv": [0, 0, 1, 1], "texture": "#2"},
				"down": {"uv": [0, 0, 1, 1], "texture": "#2"}
			}
		},
		{
			"name": "Harlon City Server",
			"from": [12.2, 17.95, 5.875],
			"to": [12.225, 20, 6.125],
			"rotation": {"angle": 0, "axis": "y", "origin": [16, -1.55, 4]},
			"faces": {
				"north": {"uv": [1, 0, 0, 1], "texture": "#0"},
				"east": {"uv": [1, 0, 0, 1], "texture": "#0"},
				"south": {"uv": [1, 0, 0, 1], "texture": "#0"},
				"west": {"uv": [1, 0, 0, 1], "texture": "#0"},
				"up": {"uv": [1, 0, 0, 1], "texture": "#0"},
				"down": {"uv": [1, 0, 0, 1], "texture": "#0"}
			}
		},
		{
			"name": "Harlon City Server",
			"from": [12.2, 19.375, -1.625],
			"to": [12.225, 19.45, -1.5],
			"rotation": {"angle": 22.5, "axis": "x", "origin": [16, -1.55, 4]},
			"faces": {
				"north": {"uv": [1, 0, 0, 1], "texture": "#0"},
				"east": {"uv": [1, 0, 0, 1], "texture": "#0"},
				"south": {"uv": [1, 0, 0, 1], "texture": "#0"},
				"west": {"uv": [1, 0, 0, 1], "texture": "#0"},
				"up": {"uv": [1, 0, 0, 1], "texture": "#0"},
				"down": {"uv": [1, 0, 0, 1], "texture": "#0"}
			}
		},
		{
			"name": "Harlon City Server",
			"from": [12.2, 19.75, 6.125],
			"to": [12.225, 20, 6.85],
			"rotation": {"angle": 0, "axis": "y", "origin": [16, -1.55, 4]},
			"faces": {
				"north": {"uv": [1, 0, 0, 1], "texture": "#0"},
				"east": {"uv": [1, 0, 0, 1], "texture": "#0"},
				"south": {"uv": [1, 0, 0, 1], "texture": "#0"},
				"west": {"uv": [1, 0, 0, 1], "texture": "#0"},
				"up": {"uv": [1, 0, 0, 1], "texture": "#0"},
				"down": {"uv": [1, 0, 0, 1], "texture": "#0"}
			}
		},
		{
			"name": "Harlon City Server",
			"from": [8, 19.275, 6.125],
			"to": [13.725, 19.475, 6.325],
			"rotation": {"angle": 0, "axis": "y", "origin": [16, -1.55, 4]},
			"faces": {
				"north": {"uv": [1, 0, 0, 1], "texture": "#0"},
				"east": {"uv": [1, 0, 0, 1], "texture": "#0"},
				"south": {"uv": [1, 0, 0, 1], "texture": "#0"},
				"west": {"uv": [1, 0, 0, 1], "texture": "#0"},
				"up": {"uv": [1, 0, 0, 1], "texture": "#0"},
				"down": {"uv": [1, 0, 0, 1], "texture": "#0"}
			}
		},
		{
			"name": "Harlon City Server",
			"from": [12.2, 19.25, 6.125],
			"to": [12.225, 19.5, 6.5],
			"rotation": {"angle": 0, "axis": "y", "origin": [16, -1.55, 4]},
			"faces": {
				"north": {"uv": [1, 0, 0, 1], "texture": "#0"},
				"east": {"uv": [1, 0, 0, 1], "texture": "#0"},
				"south": {"uv": [1, 0, 0, 1], "texture": "#0"},
				"west": {"uv": [1, 0, 0, 1], "texture": "#0"},
				"up": {"uv": [1, 0, 0, 1], "texture": "#0"},
				"down": {"uv": [1, 0, 0, 1], "texture": "#0"}
			}
		},
		{
			"name": "Harlon City Server",
			"from": [12.2, 17.3, -1.75],
			"to": [12.225, 19.375, -1.5],
			"rotation": {"angle": 22.5, "axis": "x", "origin": [16, -1.55, 4]},
			"faces": {
				"north": {"uv": [1, 0, 0, 1], "texture": "#0"},
				"east": {"uv": [1, 0, 0, 1], "texture": "#0"},
				"south": {"uv": [1, 0, 0, 1], "texture": "#0"},
				"west": {"uv": [1, 0, 0, 1], "texture": "#0"},
				"up": {"uv": [1, 0, 0, 1], "texture": "#0"},
				"down": {"uv": [1, 0, 0, 1], "texture": "#0"}
			}
		},
		{
			"name": "Harlon City Server",
			"from": [3.775, 17.3, -1.75],
			"to": [3.8, 19.375, -1.5],
			"rotation": {"angle": 22.5, "axis": "x", "origin": [0, -1.55, 4]},
			"faces": {
				"north": {"uv": [0, 0, 1, 1], "texture": "#0"},
				"east": {"uv": [0, 0, 1, 1], "texture": "#0"},
				"south": {"uv": [0, 0, 1, 1], "texture": "#0"},
				"west": {"uv": [0, 0, 1, 1], "texture": "#0"},
				"up": {"uv": [0, 0, 1, 1], "texture": "#0"},
				"down": {"uv": [0, 0, 1, 1], "texture": "#0"}
			}
		},
		{
			"name": "Harlon City Server",
			"from": [3.775, 19.25, 6.125],
			"to": [3.8, 19.5, 6.5],
			"rotation": {"angle": 0, "axis": "y", "origin": [0, -1.55, 4]},
			"faces": {
				"north": {"uv": [0, 0, 1, 1], "texture": "#0"},
				"east": {"uv": [0, 0, 1, 1], "texture": "#0"},
				"south": {"uv": [0, 0, 1, 1], "texture": "#0"},
				"west": {"uv": [0, 0, 1, 1], "texture": "#0"},
				"up": {"uv": [0, 0, 1, 1], "texture": "#0"},
				"down": {"uv": [0, 0, 1, 1], "texture": "#0"}
			}
		},
		{
			"name": "Harlon City Server",
			"from": [2.275, 19.275, 6.125],
			"to": [8, 19.475, 6.325],
			"rotation": {"angle": 0, "axis": "y", "origin": [0, -1.55, 4]},
			"faces": {
				"north": {"uv": [0, 0, 1, 1], "texture": "#0"},
				"east": {"uv": [0, 0, 1, 1], "texture": "#0"},
				"south": {"uv": [0, 0, 1, 1], "texture": "#0"},
				"west": {"uv": [0, 0, 1, 1], "texture": "#0"},
				"up": {"uv": [0, 0, 1, 1], "texture": "#0"},
				"down": {"uv": [0, 0, 1, 1], "texture": "#0"}
			}
		},
		{
			"name": "Harlon City Server",
			"from": [3.775, 19.75, 6.125],
			"to": [3.8, 20, 6.85],
			"rotation": {"angle": 0, "axis": "y", "origin": [0, -1.55, 4]},
			"faces": {
				"north": {"uv": [0, 0, 1, 1], "texture": "#0"},
				"east": {"uv": [0, 0, 1, 1], "texture": "#0"},
				"south": {"uv": [0, 0, 1, 1], "texture": "#0"},
				"west": {"uv": [0, 0, 1, 1], "texture": "#0"},
				"up": {"uv": [0, 0, 1, 1], "texture": "#0"},
				"down": {"uv": [0, 0, 1, 1], "texture": "#0"}
			}
		},
		{
			"name": "Harlon City Server",
			"from": [3.775, 19.375, -1.625],
			"to": [3.8, 19.45, -1.5],
			"rotation": {"angle": 22.5, "axis": "x", "origin": [0, -1.55, 4]},
			"faces": {
				"north": {"uv": [0, 0, 1, 1], "texture": "#0"},
				"east": {"uv": [0, 0, 1, 1], "texture": "#0"},
				"south": {"uv": [0, 0, 1, 1], "texture": "#0"},
				"west": {"uv": [0, 0, 1, 1], "texture": "#0"},
				"up": {"uv": [0, 0, 1, 1], "texture": "#0"},
				"down": {"uv": [0, 0, 1, 1], "texture": "#0"}
			}
		},
		{
			"name": "Harlon City Server",
			"from": [3.775, 17.95, 5.875],
			"to": [3.8, 20, 6.125],
			"rotation": {"angle": 0, "axis": "y", "origin": [0, -1.55, 4]},
			"faces": {
				"north": {"uv": [0, 0, 1, 1], "texture": "#0"},
				"east": {"uv": [0, 0, 1, 1], "texture": "#0"},
				"south": {"uv": [0, 0, 1, 1], "texture": "#0"},
				"west": {"uv": [0, 0, 1, 1], "texture": "#0"},
				"up": {"uv": [0, 0, 1, 1], "texture": "#0"},
				"down": {"uv": [0, 0, 1, 1], "texture": "#0"}
			}
		}
	],
	"display": {
		"thirdperson_righthand": {
			"scale": [4, 4, 4]
		},
		"head": {
			"scale": [4, 4, 4]
		}
	},
	"groups": [
		{
			"name": "Info screen",
			"origin": [16, -1.8, -6.5],
			"color": 0,
			"children": [
				{
					"name": "group",
					"origin": [16, 3.7, -6.5],
					"color": 0,
					"children": [
						0,
						{
							"name": "group",
							"origin": [16, 3.7, -6.5],
							"color": 0,
							"children": [1, 2, 3, 4, 5, 6, 7, 8, 9, 10, 11, 12]
						}
					]
				},
				{
					"name": "group",
					"origin": [16, 3.7, -6.5],
					"color": 0,
					"children": [
						13,
						{
							"name": "group",
							"origin": [16, 3.7, -6.5],
							"color": 0,
							"children": [14, 15, 16, 17, 18, 19, 20, 21, 22, 23, 24, 25]
						}
					]
				},
				{
					"name": "group",
					"origin": [16, 3.7, -6.5],
					"color": 0,
					"children": [26, 27, 28, 29, 30, 31, 32, 33, 34, 35, 36, 37]
				}
			]
		}
	]
}