{
    "providers": [
        {
            "type": "bitmap",
            "file": "minecraft:font/m1c.png",
            "ascent": 8,
            "height": 10,
            "chars": [
                "\uEff1"
            ]
        },
        {
            "type": "bitmap",
            "file": "minecraft:font/m2c.png",
            "ascent": 8,
            "height": 10,
            "chars": [
                "\uEff2"
            ]
        },
        {
            "type": "bitmap",
            "file": "minecraft:font/m3c.png",
            "ascent": 8,
            "height": 10,
            "chars": [
                "\uEff3"
            ]
        },
        {
            "type": "bitmap",
            "file": "minecraft:font/m11c.png",
            "ascent": 8,
            "height": 10,
            "chars": [
                "\uEff4"
            ]
        },
        {
            "type": "bitmap",
            "file": "minecraft:font/c1c.png",
            "ascent": 8,
            "height": 10,
            "chars": [
                "\uEff5"
            ]
        },
        {
            "type": "bitmap",
            "file": "minecraft:font/c2c.png",
            "ascent": 8,
            "height": 10,
            "chars": [
                "\uEff6"
            ]
        },
        {
            "type": "bitmap",
            "file": "minecraft:font/c11c.png",
            "ascent": 8,
            "height": 10,
            "chars": [
                "\uEff7"
            ]
        },
        {
            "type": "bitmap",
            "file": "minecraft:font/c1a.png",
            "ascent": 7,
            "height": 8,
            "chars": [
                "\uEff8"
            ]
        },
        {
            "type": "bitmap",
            "file": "minecraft:font/c2a.png",
            "ascent": 7,
            "height": 8,
            "chars": [
                "\uEff9"
            ]
        },
        {
            "type": "bitmap",
            "file": "minecraft:font/c11a.png",
            "ascent": 7,
            "height": 8,
            "chars": [
                "\uEffa"
            ]
        },
        {
            "type": "bitmap",
            "file": "minecraft:font/c1b.png",
            "ascent": 7,
            "height": 8,
            "chars": [
                "\uEffb"
            ]
        },
        {
            "type": "bitmap",
            "file": "minecraft:font/c2b.png",
            "ascent": 7,
            "height": 8,
            "chars": [
                "\uEffc"
            ]
        },
        {
            "type": "bitmap",
            "file": "minecraft:font/c11b.png",
            "ascent": 7,
            "height": 8,
            "chars": [
                "\uEffd"
            ]
        },
        {
            "type": "bitmap",
            "file": "minecraft:font/m1a.png",
            "ascent": 7,
            "height": 8,
            "chars": [
                "\uEffe"
            ]
        },
        {
            "type": "bitmap",
            "file": "minecraft:font/m3a.png",
            "ascent": 7,
            "height": 8,
            "chars": [
                "\uEfff"
            ]
        },
        {
            "type": "bitmap",
            "file": "minecraft:font/m2a.png",
            "ascent": 7,
            "height": 8,
            "chars": [
                "\uF000"
            ]
        },
        {
            "type": "bitmap",
            "file": "minecraft:font/m11a.png",
            "ascent": 7,
            "height": 8,
            "chars": [
                "\uF001"
            ]
        },
        {
            "type": "bitmap",
            "file": "minecraft:font/m1b.png",
            "ascent": 7,
            "height": 8,
            "chars": [
                "\uF002"
            ]
        },
        {
            "type": "bitmap",
            "file": "minecraft:font/m11b.png",
            "ascent": 7,
            "height": 8,
            "chars": [
                "\uF003"
            ]
        },
        {
            "type": "bitmap",
            "file": "minecraft:font/m2b.png",
            "ascent": 7,
            "height": 8,
            "chars": [
                "\uF004"
            ]
        },
        {
            "type": "bitmap",
            "file": "minecraft:font/m3b.png",
            "ascent": 7,
            "height": 8,
            "chars": [
                "\uF005"
            ]
        },
        {
            "type": "bitmap",
            "file": "minecraft:font/m31c.png",
            "ascent": 8,
            "height": 10,
            "chars": [
                "\uF006"
            ]
        },
        {
            "type": "bitmap",
            "file": "minecraft:font/m31a.png",
            "ascent": 7,
            "height": 8,
            "chars": [
                "\uF007"
            ]
        },
        {
            "type": "bitmap",
            "file": "minecraft:font/m31b.png",
            "ascent": 7,
            "height": 8,
            "chars": [
                "\uF008"
            ]
        },
        {
            "type": "bitmap",
            "file": "minecraft:font/point.png",
            "ascent": 7,
            "height": 8,
            "chars": [
                "\uF009"
            ]
        },
        {
            "type": "bitmap",
            "file": "minecraft:font/empty.png",
            "ascent": 7,
            "height": 8,
            "chars": [
                "\uEff0"
            ]
        },
        {
            "type": "bitmap",
            "file": "minecraft:font/bay.png",
            "ascent": 7,
            "height": 8,
            "chars": [
                "\uEfef"
            ]
        },
        {
            "type": "bitmap",
            "file": "minecraft:font/staffChat.png",
            "ascent": 8,
            "height": 10,
            "chars": [
                "\uEfee"
            ]
        },
        {
            "type": "bitmap",
            "file": "minecraft:font/builderChat.png",
            "ascent": 8,
            "height": 10,
            "chars": [
                "\uEfed"
            ]
        },
        {
            "type": "bitmap",
            "file": "minecraft:font/central.png",
            "ascent": 7,
            "height": 8,
            "chars": [
                "\uEfec"
            ]
        }
    ]
}