{
	"credit": "This model is made by Antlucl and Keonian_ for Harlon City Server only. It is strictly not permitted to modify or use this model for any other project. This model has been created using the Blockbench software.",
	"textures": {
		"2": "block/black_concrete",
		"40": "block/redstone_block",
		"particle": "block/light_gray_concrete"
	},
	"elements": [
		{
			"name": "Harlon City Server",
			"from": [14.75, 9.7, -9.05],
			"to": [15.75, 10.65, -9],
			"rotation": {"angle": 0, "axis": "y", "origin": [0, -1.8, 1.5]},
			"faces": {
				"north": {"uv": [1.5, 7.5, 1.5, 7.5], "texture": "#40"},
				"east": {"uv": [0, 0, 1, 1], "texture": "#2"},
				"south": {"uv": [0, 0, 1, 1], "texture": "#2"},
				"west": {"uv": [0, 0, 1, 1], "texture": "#2"},
				"up": {"uv": [0, 0, 1, 1], "texture": "#2"},
				"down": {"uv": [0, 0, 1, 1], "texture": "#2"}
			}
		},
		{
			"name": "Harlon City Server",
			"from": [13.75, 9.7, -9.1],
			"to": [14.75, 10.65, -9],
			"rotation": {"angle": 0, "axis": "y", "origin": [0, -1.8, 1.5]},
			"faces": {
				"north": {"uv": [0, 0, 16, 16], "texture": "#40"},
				"east": {"uv": [0, 0, 1, 1], "texture": "#2"},
				"south": {"uv": [0, 0, 1, 1], "texture": "#2"},
				"west": {"uv": [0, 0, 1, 1], "texture": "#2"},
				"up": {"uv": [0, 0, 1, 1], "texture": "#2"},
				"down": {"uv": [0, 0, 1, 1], "texture": "#2"}
			}
		},
		{
			"name": "Harlon City Server",
			"from": [2.25, 9.7, -9.15],
			"to": [13.75, 10.65, -9],
			"rotation": {"angle": 0, "axis": "y", "origin": [0, -1.8, 1.5]},
			"faces": {
				"north": {"uv": [1.75, 7.25, 1.25, 7.5], "texture": "#40"},
				"east": {"uv": [0, 0, 1, 1], "texture": "#2"},
				"south": {"uv": [0, 0, 1, 1], "texture": "#2"},
				"west": {"uv": [0, 0, 1, 1], "texture": "#2"},
				"up": {"uv": [0, 0, 1, 1], "texture": "#2"},
				"down": {"uv": [0, 0, 1, 1], "texture": "#2"}
			}
		},
		{
			"name": "Harlon City Server",
			"from": [1.25, 9.7, -9.1],
			"to": [2.25, 10.65, -9],
			"rotation": {"angle": 0, "axis": "y", "origin": [0, -1.8, 1.5]},
			"faces": {
				"north": {"uv": [0, 0, 16, 16], "texture": "#40"},
				"east": {"uv": [0, 0, 1, 1], "texture": "#2"},
				"south": {"uv": [0, 0, 1, 1], "texture": "#2"},
				"west": {"uv": [0, 0, 1, 1], "texture": "#2"},
				"up": {"uv": [0, 0, 1, 1], "texture": "#2"},
				"down": {"uv": [0, 0, 1, 1], "texture": "#2"}
			}
		},
		{
			"name": "Harlon City Server",
			"from": [0.25, 9.7, -9.05],
			"to": [1.25, 10.65, -9],
			"rotation": {"angle": 0, "axis": "y", "origin": [0, -1.8, 1.5]},
			"faces": {
				"north": {"uv": [1.5, 7.25, 1.75, 7.5], "texture": "#40"},
				"east": {"uv": [0, 0, 1, 1], "texture": "#2"},
				"south": {"uv": [0, 0, 1, 1], "texture": "#2"},
				"west": {"uv": [0, 0, 1, 1], "texture": "#2"},
				"up": {"uv": [0, 0, 1, 1], "texture": "#2"},
				"down": {"uv": [0, 0, 1, 1], "texture": "#2"}
			}
		}
	],
	"display": {
		"thirdperson_righthand": {
			"scale": [4, 4, 4]
		},
		"head": {
			"scale": [4, 4, 4]
		}
	},
	"groups": [
		{
			"name": "Rear lights",
			"origin": [0, -1.8, 1.5],
			"color": 0,
			"children": [0, 1, 2, 3, 4]
		}
	]
}