{
	"credit": "Made with Blockbench",
	"textures": {
		"0": "block/netherite_block",
		"1": "block/yellow_concrete",
		"2": "block/dark_oak_planks",
		"4": "block/stripped_spruce_log",
		"5": "block/red_concrete",
		"6": "block/white_concrete",
		"7": "block/ochre_froglight_top",
		"particle": "block/netherite_block"
	},
	"elements": [
		{
			"name": "Harlon City Server",
			"from": [3.625, 22.75, 4],
			"to": [12.375, 23.25, 32],
			"rotation": {"angle": 0, "axis": "y", "origin": [1.125, 21.25, 9]},
			"faces": {
				"north": {"uv": [0, 0, 10.5, 0.5], "texture": "#5"},
				"east": {"uv": [0, 0, 1, 1], "texture": "#5"},
				"south": {"uv": [0, 0, 14.5, 16], "texture": "#5"},
				"west": {"uv": [0, 0, 1, 1], "texture": "#5"},
				"up": {"uv": [0, 0, 14.5, 16], "texture": "#5"},
				"down": {"uv": [0, 0, 14.5, 16], "texture": "#5"}
			}
		},
		{
			"name": "Harlon City Server",
			"from": [3.625, 22.195, 0.80985],
			"to": [12.375, 22.695, 4.20985],
			"rotation": {"angle": -22.5, "axis": "x", "origin": [8, 22.445, 2.70985]},
			"faces": {
				"north": {"uv": [0, 0, 10.5, 0.5], "texture": "#5"},
				"east": {"uv": [0, 0, 1, 1], "texture": "#5"},
				"south": {"uv": [0, 0, 14.5, 16], "texture": "#5"},
				"west": {"uv": [0, 0, 1, 1], "texture": "#5"},
				"up": {"uv": [0, 0, 14.5, 16], "texture": "#5"},
				"down": {"uv": [0, 0, 14.5, 16], "texture": "#5"}
			}
		},
		{
			"name": "Harlon City Server",
			"from": [3.75, 22, 27],
			"to": [12.25, 23, 29],
			"rotation": {"angle": 0, "axis": "y", "origin": [1, 21.25, 33]},
			"faces": {
				"north": {"uv": [0, 0, 14.5, 16], "texture": "#5"},
				"east": {"uv": [0, 0, 14.5, 16], "texture": "#5"},
				"south": {"uv": [0, 0, 14.5, 16], "texture": "#5"},
				"west": {"uv": [0, 0, 14.5, 16], "texture": "#5"},
				"up": {"uv": [0, 0, 8.5, 16], "texture": "#5"},
				"down": {"uv": [0, 0, 14.5, 16], "texture": "#5"}
			}
		},
		{
			"name": "Harlon City Server",
			"from": [3.75, 22, 19],
			"to": [12.25, 23, 21],
			"rotation": {"angle": 0, "axis": "y", "origin": [1, 21.25, 25]},
			"faces": {
				"north": {"uv": [0, 0, 14.5, 16], "texture": "#5"},
				"east": {"uv": [0, 0, 14.5, 16], "texture": "#5"},
				"south": {"uv": [0, 0, 14.5, 16], "texture": "#5"},
				"west": {"uv": [0, 0, 14.5, 16], "texture": "#5"},
				"up": {"uv": [0, 0, 8.5, 16], "texture": "#5"},
				"down": {"uv": [0, 0, 14.5, 16], "texture": "#5"}
			}
		},
		{
			"name": "Harlon City Server",
			"from": [3.75, 22, 11],
			"to": [12.25, 23, 13],
			"rotation": {"angle": 0, "axis": "y", "origin": [1, 21.25, 17]},
			"faces": {
				"north": {"uv": [0, 0, 14.5, 16], "texture": "#5"},
				"east": {"uv": [0, 0, 14.5, 16], "texture": "#5"},
				"south": {"uv": [0, 0, 14.5, 16], "texture": "#5"},
				"west": {"uv": [0, 0, 14.5, 16], "texture": "#5"},
				"up": {"uv": [0, 0, 8.5, 16], "texture": "#5"},
				"down": {"uv": [0, 0, 14.5, 16], "texture": "#5"}
			}
		},
		{
			"name": "Harlon City Server",
			"from": [3.75, 22, 3],
			"to": [12.25, 22.75, 5],
			"rotation": {"angle": 0, "axis": "y", "origin": [1, 21.25, 9]},
			"faces": {
				"north": {"uv": [0, 0, 14.5, 16], "texture": "#5"},
				"east": {"uv": [0, 0, 14.5, 16], "texture": "#5"},
				"south": {"uv": [0, 0, 14.5, 16], "texture": "#5"},
				"west": {"uv": [0, 0, 14.5, 16], "texture": "#5"},
				"up": {"uv": [0, 0, 8.5, 16], "texture": "#5"},
				"down": {"uv": [0, 0, 14.5, 16], "texture": "#5"}
			}
		},
		{
			"name": "Harlon City Server",
			"from": [3.75, 22, 2.25],
			"to": [12.25, 22.35, 3],
			"rotation": {"angle": 0, "axis": "y", "origin": [1, 21.25, 7]},
			"faces": {
				"north": {"uv": [0, 0, 14.5, 16], "texture": "#5"},
				"east": {"uv": [0, 0, 14.5, 16], "texture": "#5"},
				"south": {"uv": [0, 0, 14.5, 16], "texture": "#5"},
				"west": {"uv": [0, 0, 14.5, 16], "texture": "#5"},
				"up": {"uv": [0, 0, 8.5, 16], "texture": "#5"},
				"down": {"uv": [0, 0, 14.5, 16], "texture": "#5"}
			}
		},
		{
			"name": "Harlon City Server",
			"from": [3.75, 22, 5],
			"to": [12.25, 22.75, 11],
			"rotation": {"angle": 0, "axis": "y", "origin": [1, 21.25, 11]},
			"faces": {
				"north": {"uv": [0, 0, 2, 2], "texture": "#7"},
				"east": {"uv": [0, 0, 2, 2], "texture": "#7"},
				"south": {"uv": [0, 0, 2, 2], "texture": "#7"},
				"west": {"uv": [0, 0, 2, 2], "texture": "#7"},
				"up": {"uv": [0, 0, 2, 2], "texture": "#7"},
				"down": {"uv": [0, 0, 2, 2], "texture": "#7"}
			}
		},
		{
			"name": "Harlon City Server",
			"from": [3.75, 22, 13],
			"to": [12.25, 22.75, 19],
			"rotation": {"angle": 0, "axis": "y", "origin": [1, 21.25, 19]},
			"faces": {
				"north": {"uv": [0, 0, 2, 2], "texture": "#7"},
				"east": {"uv": [0, 0, 2, 2], "texture": "#7"},
				"south": {"uv": [0, 0, 2, 2], "texture": "#7"},
				"west": {"uv": [0, 0, 2, 2], "texture": "#7"},
				"up": {"uv": [0, 0, 2, 2], "texture": "#7"},
				"down": {"uv": [0, 0, 2, 2], "texture": "#7"}
			}
		},
		{
			"name": "Harlon City Server",
			"from": [3.75, 22, 21],
			"to": [12.25, 22.75, 27],
			"rotation": {"angle": 0, "axis": "y", "origin": [1, 21.25, 27]},
			"faces": {
				"north": {"uv": [0, 0, 2, 2], "texture": "#7"},
				"east": {"uv": [0, 0, 2, 2], "texture": "#7"},
				"south": {"uv": [0, 0, 2, 2], "texture": "#7"},
				"west": {"uv": [0, 0, 2, 2], "texture": "#7"},
				"up": {"uv": [0, 0, 2, 2], "texture": "#7"},
				"down": {"uv": [0, 0, 2, 2], "texture": "#7"}
			}
		},
		{
			"name": "Harlon City Server",
			"from": [3.75, 22, 29],
			"to": [12.25, 22.75, 32],
			"rotation": {"angle": 0, "axis": "y", "origin": [1, 21.25, 32]},
			"faces": {
				"north": {"uv": [0, 0, 2, 2], "texture": "#7"},
				"east": {"uv": [0, 0, 2, 2], "texture": "#7"},
				"south": {"uv": [0, 0, 2, 2], "texture": "#7"},
				"west": {"uv": [0, 0, 1.5, 2], "texture": "#7"},
				"up": {"uv": [0, 0, 2, 2], "texture": "#7"},
				"down": {"uv": [0, 0, 2, 2], "texture": "#7"}
			}
		},
		{
			"name": "Harlon City Server",
			"from": [0.5, 20.75, -2.5],
			"to": [15.5, 21, 32],
			"rotation": {"angle": 0, "axis": "y", "origin": [1, 19.25, 9]},
			"faces": {
				"north": {"uv": [0, 0, 14.5, 16], "texture": "#5"},
				"east": {"uv": [0, 0, 14.5, 16], "texture": "#5"},
				"south": {"uv": [0, 0, 14.5, 16], "texture": "#5"},
				"west": {"uv": [0, 0, 14.5, 16], "texture": "#5"},
				"up": {"uv": [0, 0, 14.5, 16], "texture": "#5"},
				"down": {"uv": [0, 0, 14.5, 16], "texture": "#5"}
			}
		},
		{
			"name": "Harlon City Server",
			"from": [1.5, 21.25, -1.5],
			"to": [14.5, 21.5, 32],
			"rotation": {"angle": 0, "axis": "y", "origin": [1, 19.75, 9]},
			"faces": {
				"north": {"uv": [0, 0, 14.5, 16], "texture": "#5"},
				"east": {"uv": [0, 0, 14.5, 16], "texture": "#5"},
				"south": {"uv": [0, 0, 14.5, 16], "texture": "#5"},
				"west": {"uv": [0, 0, 14.5, 16], "texture": "#5"},
				"up": {"uv": [0, 0, 14.5, 16], "texture": "#5"},
				"down": {"uv": [0, 0, 14.5, 16], "texture": "#5"}
			}
		},
		{
			"name": "Harlon City Server",
			"from": [2.5, 21.75, -0.5],
			"to": [13.5, 22, 32],
			"rotation": {"angle": 0, "axis": "y", "origin": [1, 20.25, 9]},
			"faces": {
				"north": {"uv": [0, 0, 14.5, 16], "texture": "#5"},
				"east": {"uv": [0, 0, 14.5, 16], "texture": "#5"},
				"south": {"uv": [0, 0, 14.5, 16], "texture": "#5"},
				"west": {"uv": [0, 0, 14.5, 16], "texture": "#5"},
				"up": {"uv": [0, 0, 14.5, 16], "texture": "#5"},
				"down": {"uv": [0, 0, 14.5, 16], "texture": "#5"}
			}
		},
		{
			"name": "Harlon City Server",
			"from": [1, 21, -2],
			"to": [15, 21.25, 32],
			"rotation": {"angle": 0, "axis": "y", "origin": [1, 19.5, 9]},
			"faces": {
				"north": {"uv": [0, 0, 14.5, 16], "texture": "#5"},
				"east": {"uv": [0, 0, 14.5, 16], "texture": "#5"},
				"south": {"uv": [0, 0, 14.5, 16], "texture": "#5"},
				"west": {"uv": [0, 0, 14.5, 16], "texture": "#5"},
				"up": {"uv": [0, 0, 14.5, 16], "texture": "#5"},
				"down": {"uv": [0, 0, 14.5, 16], "texture": "#5"}
			}
		},
		{
			"name": "Harlon City Server",
			"from": [2, 21.5, -1],
			"to": [14, 21.75, 32],
			"rotation": {"angle": 0, "axis": "y", "origin": [1, 20, 9]},
			"faces": {
				"north": {"uv": [0, 0, 14.5, 16], "texture": "#5"},
				"east": {"uv": [0, 0, 14.5, 16], "texture": "#5"},
				"south": {"uv": [0, 0, 14.5, 16], "texture": "#5"},
				"west": {"uv": [0, 0, 14.5, 16], "texture": "#5"},
				"up": {"uv": [0, 0, 14.5, 16], "texture": "#5"},
				"down": {"uv": [0, 0, 14.5, 16], "texture": "#5"}
			}
		},
		{
			"from": [1, 0.25, 14.25],
			"to": [2, 3, 32],
			"rotation": {"angle": 0, "axis": "y", "origin": [1, 0.25, 16]},
			"faces": {
				"north": {"uv": [0, 0, 14, 2], "texture": "#0"},
				"east": {"uv": [0, 0, 14, 2], "texture": "#0"},
				"south": {"uv": [0, 0, 14, 2], "texture": "#0"},
				"west": {"uv": [0, 0, 14, 2], "texture": "#0"},
				"up": {"uv": [0, 0, 14, 2], "texture": "#0"},
				"down": {"uv": [0, 0, 14, 2], "texture": "#0"}
			}
		},
		{
			"from": [1, 0.25, 13.5],
			"to": [15, 3, 14.25],
			"rotation": {"angle": 0, "axis": "y", "origin": [1, 0.25, -1.75]},
			"faces": {
				"north": {"uv": [0, 0, 16, 2], "texture": "#0"},
				"east": {"uv": [0, 0, 0.75, 2.75], "texture": "#0"},
				"south": {"uv": [0, 0, 14, 2], "texture": "#0"},
				"west": {"uv": [0, 0, 0.75, 2.75], "texture": "#0"},
				"up": {"uv": [0, 0, 14, 2], "texture": "#0"},
				"down": {"uv": [0, 0, 14, 2], "texture": "#0"}
			}
		},
		{
			"name": "Harlon City Server",
			"from": [0.5, 5, -3],
			"to": [15.5, 5.9, 32],
			"rotation": {"angle": 0, "axis": "y", "origin": [16, 0, 21.6]},
			"faces": {
				"north": {"uv": [0, 0, 0.25, 10], "texture": "#0"},
				"east": {"uv": [0, 0, 16, 0.9], "texture": "#0"},
				"south": {"uv": [0, 0, 0.25, 10], "texture": "#0"},
				"west": {"uv": [0, 0, 16, 0.9], "texture": "#0"},
				"up": {"uv": [0, 0, 15, 16], "texture": "#2"},
				"down": {"uv": [0, 0, 0.25, 10], "texture": "#0"}
			}
		},
		{
			"name": "Harlon City Server",
			"from": [0, 5, -3],
			"to": [0.5, 5.9, 3.5],
			"rotation": {"angle": 0, "axis": "y", "origin": [17, 0, 18.6]},
			"faces": {
				"north": {"uv": [0, 0, 0.25, 10], "texture": "#0"},
				"east": {"uv": [0, 0, 0.25, 10], "texture": "#0"},
				"south": {"uv": [0, 0, 0.25, 10], "texture": "#0"},
				"west": {"uv": [0, 0, 6.5, 0.9], "texture": "#0"},
				"up": {"uv": [0, 0, 0.25, 10], "texture": "#0"},
				"down": {"uv": [0, 0, 0.25, 10], "texture": "#0"}
			}
		},
		{
			"name": "Harlon City Server",
			"from": [1.51777, 5, -3.66421],
			"to": [2.31777, 5.9, -2.16421],
			"rotation": {"angle": -45, "axis": "y", "origin": [1.76777, 5.45, -4.41421]},
			"faces": {
				"north": {"uv": [0, 0, 0.25, 10], "texture": "#0"},
				"east": {"uv": [0, 0, 0.25, 10], "texture": "#0"},
				"south": {"uv": [0, 0, 0.25, 10], "texture": "#0"},
				"west": {"uv": [0, 0, 1.5, 0.9], "texture": "#0"},
				"up": {"uv": [0, 0, 0.25, 10], "texture": "#0"},
				"down": {"uv": [0, 0, 0.25, 10], "texture": "#0"}
			}
		},
		{
			"name": "Harlon City Server",
			"from": [1.06066, 5, -4.06066],
			"to": [14.94066, 5.9, -2.96066],
			"rotation": {"angle": 0, "axis": "y", "origin": [3.31066, 5.45, -3.81066]},
			"faces": {
				"north": {"uv": [0, 0, 8, 0.9], "texture": "#0"},
				"east": {"uv": [0, 0, 0.25, 10], "texture": "#0"},
				"south": {"uv": [0, 0, 0.25, 10], "texture": "#0"},
				"west": {"uv": [0, 0, 0.25, 10], "texture": "#0"},
				"up": {"uv": [0, 0, 0.25, 10], "rotation": 90, "texture": "#0"},
				"down": {"uv": [0, 0, 0.25, 10], "rotation": 270, "texture": "#0"}
			}
		},
		{
			"name": "Harlon City Server",
			"from": [0, 5, 12],
			"to": [0.5, 5.9, 32],
			"rotation": {"angle": 0, "axis": "y", "origin": [17, 0, 33.6]},
			"faces": {
				"north": {"uv": [0, 0, 0.25, 10], "texture": "#0"},
				"east": {"uv": [0, 0, 0.25, 10], "texture": "#0"},
				"south": {"uv": [0, 0, 0.25, 10], "texture": "#0"},
				"west": {"uv": [0, 0, 16, 0.9], "texture": "#0"},
				"up": {"uv": [0, 0, 0.25, 10], "texture": "#0"},
				"down": {"uv": [0, 0, 0.25, 10], "texture": "#0"}
			}
		},
		{
			"name": "Harlon City Server",
			"from": [1.06066, 5.9, -4.06066],
			"to": [8.06066, 11.8, -2.96066],
			"rotation": {"angle": 0, "axis": "y", "origin": [3.31066, 6.35, -3.81066]},
			"faces": {
				"north": {"uv": [0, 0, 8, 0.9], "texture": "#1"},
				"east": {"uv": [0, 0, 0.25, 10], "texture": "#0"},
				"south": {"uv": [0, 0, 8, 5.9], "texture": "#4"},
				"west": {"uv": [0, 0, 0.25, 10], "texture": "#0"},
				"up": {"uv": [0, 0, 0.25, 10], "rotation": 90, "texture": "#0"},
				"down": {"uv": [0, 0, 0.25, 10], "rotation": 270, "texture": "#0"}
			}
		},
		{
			"name": "Harlon City Server",
			"from": [6.25, 7.15, -4.16066],
			"to": [9.75, 10.65, -4.06066],
			"rotation": {"angle": 0, "axis": "y", "origin": [7.75, 6.85, -4.31066]},
			"faces": {
				"north": {"uv": [0, 0, 16, 16], "texture": "#0"},
				"east": {"uv": [0, 0, 16, 16], "texture": "#0"},
				"south": {"uv": [0, 0, 16, 16], "texture": "#0"},
				"west": {"uv": [0, 0, 16, 16], "texture": "#0"},
				"up": {"uv": [0, 0, 16, 16], "texture": "#0"},
				"down": {"uv": [0, 0, 16, 16], "texture": "#0"}
			}
		},
		{
			"name": "Harlon City Server",
			"from": [6.5, 7.4, -4.26066],
			"to": [9.5, 10.4, -4.16066],
			"rotation": {"angle": 0, "axis": "y", "origin": [7.75, 6.85, -4.41066]},
			"faces": {
				"north": {"uv": [0, 0, 16, 16], "texture": "#7"},
				"east": {"uv": [0, 0, 16, 16], "texture": "#0"},
				"south": {"uv": [0, 0, 16, 16], "texture": "#0"},
				"west": {"uv": [0, 0, 16, 16], "texture": "#0"},
				"up": {"uv": [0, 0, 16, 16], "texture": "#0"},
				"down": {"uv": [0, 0, 16, 16], "texture": "#0"}
			}
		},
		{
			"name": "Harlon City Server",
			"from": [1.51777, 5.9, -3.66421],
			"to": [2.31777, 11.8, -2.16421],
			"rotation": {"angle": -45, "axis": "y", "origin": [1.76777, 6.35, -4.41421]},
			"faces": {
				"north": {"uv": [0, 0, 0.25, 10], "texture": "#0"},
				"east": {"uv": [0, 0, 1.5, 5.9], "texture": "#4"},
				"south": {"uv": [0, 0, 0.25, 10], "texture": "#0"},
				"west": {"uv": [0, 0, 1.5, 0.9], "texture": "#1"},
				"up": {"uv": [0, 0, 0.25, 10], "texture": "#0"},
				"down": {"uv": [0, 0, 0.25, 10], "texture": "#0"}
			}
		},
		{
			"name": "Harlon City Server",
			"from": [0, 5.9, -3],
			"to": [0.5, 11.8, 3.5],
			"rotation": {"angle": 0, "axis": "y", "origin": [17, 0.9, 18.6]},
			"faces": {
				"north": {"uv": [0, 0, 0.25, 10], "texture": "#0"},
				"east": {"uv": [0, 0, 3.5, 5.9], "texture": "#4"},
				"south": {"uv": [0, 0, 0.25, 10], "texture": "#0"},
				"west": {"uv": [0, 0, 4.5, 0.9], "texture": "#1"},
				"up": {"uv": [0, 0, 0.25, 10], "texture": "#0"},
				"down": {"uv": [0, 0, 0.25, 10], "texture": "#0"}
			}
		},
		{
			"name": "Harlon City Server",
			"from": [0, 5.9, 12],
			"to": [0.5, 11.8, 32],
			"rotation": {"angle": 0, "axis": "y", "origin": [17, 0.9, 33.6]},
			"faces": {
				"north": {"uv": [0, 0, 0.5, 5.9], "texture": "#0"},
				"east": {"uv": [0, 0, 16, 5.9], "texture": "#4"},
				"south": {"uv": [0, 0, 0.25, 10], "texture": "#0"},
				"west": {"uv": [0, 0, 16, 0.9], "texture": "#1"},
				"up": {"uv": [0, 0, 0.25, 10], "texture": "#0"},
				"down": {"uv": [0, 0, 0.25, 10], "texture": "#0"}
			}
		},
		{
			"name": "Harlon City Server",
			"from": [0.5, 8.9, 12],
			"to": [5, 9.8, 32],
			"rotation": {"angle": 0, "axis": "y", "origin": [17.5, 0.9, 33.6]},
			"faces": {
				"north": {"uv": [0, 0, 5.5, 0.9], "texture": "#4"},
				"east": {"uv": [0, 0, 16, 0.9], "texture": "#4"},
				"south": {"uv": [0, 0, 5.5, 0.9], "texture": "#4"},
				"west": {"uv": [0, 0, 16, 0.9], "texture": "#4"},
				"up": {"uv": [0, 0, 5.5, 16], "texture": "#4"},
				"down": {"uv": [0, 0, 5.5, 16], "texture": "#4"}
			}
		},
		{
			"name": "Harlon City Server",
			"from": [0, 11.8, -3],
			"to": [0.5, 11.95, 3.5],
			"rotation": {"angle": 0, "axis": "y", "origin": [17, 6.8, 18.6]},
			"faces": {
				"north": {"uv": [0, 0, 0.25, 10], "texture": "#0"},
				"east": {"uv": [0, 0, 3.5, 0.15], "texture": "#4"},
				"south": {"uv": [0, 0, 0.25, 10], "texture": "#0"},
				"west": {"uv": [0, 0, 4.5, 0.9], "texture": "#5"},
				"up": {"uv": [0, 0, 0.25, 10], "texture": "#0"},
				"down": {"uv": [0, 0, 0.25, 10], "texture": "#0"}
			}
		},
		{
			"name": "Harlon City Server",
			"from": [1.51777, 11.8, -3.66421],
			"to": [2.31777, 11.95, -2.16421],
			"rotation": {"angle": -45, "axis": "y", "origin": [1.76777, 12.25, -4.41421]},
			"faces": {
				"north": {"uv": [0, 0, 0.25, 10], "texture": "#0"},
				"east": {"uv": [0, 0, 1.5, 0.15], "texture": "#4"},
				"south": {"uv": [0, 0, 0.25, 10], "texture": "#0"},
				"west": {"uv": [0, 0, 1.5, 0.9], "texture": "#5"},
				"up": {"uv": [0, 0, 0.25, 10], "texture": "#0"},
				"down": {"uv": [0, 0, 0.25, 10], "texture": "#0"}
			}
		},
		{
			"name": "Harlon City Server",
			"from": [2.06066, 11.8, -4.06066],
			"to": [8.06066, 11.95, -2.96066],
			"rotation": {"angle": 0, "axis": "y", "origin": [3.31066, 12.25, -3.81066]},
			"faces": {
				"north": {"uv": [0, 0, 8, 0.9], "texture": "#5"},
				"east": {"uv": [0, 0, 0.25, 10], "texture": "#0"},
				"south": {"uv": [0, 0, 8, 0.15], "texture": "#4"},
				"west": {"uv": [0, 0, 0.25, 10], "texture": "#0"},
				"up": {"uv": [0, 0, 0.25, 10], "rotation": 90, "texture": "#0"},
				"down": {"uv": [0, 0, 0.25, 10], "rotation": 270, "texture": "#0"}
			}
		},
		{
			"name": "Harlon City Server",
			"from": [0, 11.8, 12],
			"to": [0.5, 11.95, 32],
			"rotation": {"angle": 0, "axis": "y", "origin": [17, 6.8, 33.6]},
			"faces": {
				"north": {"uv": [0, 0, 0.25, 10], "texture": "#0"},
				"east": {"uv": [0, 0, 16, 0.15], "texture": "#4"},
				"south": {"uv": [0, 0, 0.25, 10], "texture": "#0"},
				"west": {"uv": [0, 0, 16, 0.9], "texture": "#5"},
				"up": {"uv": [0, 0, 0.25, 10], "texture": "#0"},
				"down": {"uv": [0, 0, 0.25, 10], "texture": "#0"}
			}
		},
		{
			"name": "Harlon City Server",
			"from": [1.06066, 11.95, -4.06066],
			"to": [8.06066, 12.6, -2.96066],
			"rotation": {"angle": 0, "axis": "y", "origin": [3.31066, 12.35, -3.81066]},
			"faces": {
				"north": {"uv": [0, 0, 8, 0.4], "texture": "#6"},
				"east": {"uv": [0, 0, 0.25, 10], "texture": "#0"},
				"south": {"uv": [0, 0, 8, 0.15], "texture": "#4"},
				"west": {"uv": [0, 0, 0.25, 10], "texture": "#0"},
				"up": {"uv": [0, 0, 0.25, 10], "rotation": 90, "texture": "#0"},
				"down": {"uv": [0, 0, 0.25, 10], "rotation": 270, "texture": "#0"}
			}
		},
		{
			"name": "Harlon City Server",
			"from": [1.51777, 11.95, -3.66421],
			"to": [2.31777, 12.6, -2.16421],
			"rotation": {"angle": -45, "axis": "y", "origin": [1.76777, 12.35, -4.41421]},
			"faces": {
				"north": {"uv": [0, 0, 0.25, 10], "texture": "#0"},
				"east": {"uv": [0, 0, 1.5, 0.15], "texture": "#4"},
				"south": {"uv": [0, 0, 0.25, 10], "texture": "#0"},
				"west": {"uv": [0, 0, 1.5, 0.4], "texture": "#6"},
				"up": {"uv": [0, 0, 0.25, 10], "texture": "#0"},
				"down": {"uv": [0, 0, 0.25, 10], "texture": "#0"}
			}
		},
		{
			"name": "Harlon City Server",
			"from": [0, 11.95, -3],
			"to": [0.5, 12.6, 3.5],
			"rotation": {"angle": 0, "axis": "y", "origin": [17, 6.9, 18.6]},
			"faces": {
				"north": {"uv": [0, 0, 0.25, 10], "texture": "#0"},
				"east": {"uv": [0, 0, 3.5, 0.15], "texture": "#4"},
				"south": {"uv": [0, 0, 0.25, 10], "texture": "#0"},
				"west": {"uv": [0, 0, 3.5, 0.4], "texture": "#6"},
				"up": {"uv": [0, 0, 0.25, 10], "texture": "#0"},
				"down": {"uv": [0, 0, 0.25, 10], "texture": "#0"}
			}
		},
		{
			"name": "Harlon City Server",
			"from": [0, 11.95, 12],
			"to": [0.5, 12.6, 32],
			"rotation": {"angle": 0, "axis": "y", "origin": [17, 6.9, 33.6]},
			"faces": {
				"north": {"uv": [0, 0, 0.25, 10], "texture": "#0"},
				"east": {"uv": [0, 0, 16, 0.15], "texture": "#4"},
				"south": {"uv": [0, 0, 0.25, 10], "texture": "#0"},
				"west": {"uv": [0, 0, 16, 0.4], "texture": "#6"},
				"up": {"uv": [0, 0, 0.25, 10], "texture": "#0"},
				"down": {"uv": [0, 0, 0.25, 10], "texture": "#0"}
			}
		},
		{
			"name": "Harlon City Server",
			"from": [0, 12.6, 12],
			"to": [0.5, 19.7, 13],
			"rotation": {"angle": 0, "axis": "y", "origin": [17, 7.65, 33.6]},
			"faces": {
				"north": {"uv": [0, 0, 0.5, 7.1], "texture": "#0"},
				"east": {"uv": [0, 0, 1, 7.1], "texture": "#4"},
				"south": {"uv": [0, 0, 0.25, 10], "texture": "#0"},
				"west": {"uv": [0, 0, 16, 0.4], "texture": "#6"},
				"up": {"uv": [0, 0, 0.25, 10], "texture": "#0"},
				"down": {"uv": [0, 0, 0.25, 10], "texture": "#0"}
			}
		},
		{
			"name": "Harlon City Server",
			"from": [0, 12.6, 2.5],
			"to": [0.5, 19.7, 3.5],
			"rotation": {"angle": 0, "axis": "y", "origin": [17, 7.65, 24.1]},
			"faces": {
				"north": {"uv": [0, 0, 0.25, 10], "texture": "#0"},
				"east": {"uv": [0, 0, 1, 7.1], "texture": "#4"},
				"south": {"uv": [0, 0, 0.25, 10], "texture": "#0"},
				"west": {"uv": [0, 0, 16, 0.4], "texture": "#6"},
				"up": {"uv": [0, 0, 0.25, 10], "texture": "#0"},
				"down": {"uv": [0, 0, 0.25, 10], "texture": "#0"}
			}
		},
		{
			"name": "Harlon City Server",
			"from": [0, 12.6, -2.5],
			"to": [0.5, 19.7, -1.5],
			"rotation": {"angle": 0, "axis": "y", "origin": [17, 7.65, 19.1]},
			"faces": {
				"north": {"uv": [0, 0, 0.25, 10], "texture": "#0"},
				"east": {"uv": [0, 0, 1, 7.1], "texture": "#4"},
				"south": {"uv": [0, 0, 0.25, 10], "texture": "#0"},
				"west": {"uv": [0, 0, 16, 0.4], "texture": "#6"},
				"up": {"uv": [0, 0, 0.25, 10], "texture": "#0"},
				"down": {"uv": [0, 0, 0.25, 10], "texture": "#0"}
			}
		},
		{
			"name": "Harlon City Server",
			"from": [3.06066, 12.6, -4.06066],
			"to": [4.06066, 19.7, -3.56066],
			"rotation": {"angle": 0, "axis": "y", "origin": [3.56066, 16.15, -3.81066]},
			"faces": {
				"north": {"uv": [0, 0, 16, 0.4], "texture": "#6"},
				"east": {"uv": [0, 0, 0.25, 10], "texture": "#0"},
				"south": {"uv": [0, 0, 1, 7.1], "texture": "#4"},
				"west": {"uv": [0, 0, 0.25, 10], "texture": "#0"},
				"up": {"uv": [0, 0, 0.25, 10], "rotation": 90, "texture": "#0"},
				"down": {"uv": [0, 0, 0.25, 10], "rotation": 270, "texture": "#0"}
			}
		},
		{
			"name": "Harlon City Server",
			"from": [0, 12.6, 19],
			"to": [0.5, 19.7, 20],
			"rotation": {"angle": 0, "axis": "y", "origin": [17, 7.65, 40.6]},
			"faces": {
				"north": {"uv": [0, 0, 0.25, 10], "texture": "#0"},
				"east": {"uv": [0, 0, 1, 7.1], "texture": "#4"},
				"south": {"uv": [0, 0, 0.25, 10], "texture": "#0"},
				"west": {"uv": [0, 0, 16, 0.4], "texture": "#6"},
				"up": {"uv": [0, 0, 0.25, 10], "texture": "#0"},
				"down": {"uv": [0, 0, 0.25, 10], "texture": "#0"}
			}
		},
		{
			"name": "Harlon City Server",
			"from": [0, 12.6, 27],
			"to": [0.5, 19.7, 28],
			"rotation": {"angle": 0, "axis": "y", "origin": [17, 7.65, 48.6]},
			"faces": {
				"north": {"uv": [0, 0, 0.25, 10], "texture": "#0"},
				"east": {"uv": [0, 0, 1, 7.1], "texture": "#4"},
				"south": {"uv": [0, 0, 0.25, 10], "texture": "#0"},
				"west": {"uv": [0, 0, 16, 0.4], "texture": "#6"},
				"up": {"uv": [0, 0, 0.25, 10], "texture": "#0"},
				"down": {"uv": [0, 0, 0.25, 10], "texture": "#0"}
			}
		},
		{
			"name": "Harlon City Server",
			"from": [0, 19.7, -3],
			"to": [0.5, 20.35, 32],
			"rotation": {"angle": 0, "axis": "y", "origin": [17, 14.9, 33.6]},
			"faces": {
				"north": {"uv": [0, 0, 0.25, 10], "texture": "#0"},
				"east": {"uv": [0, 0, 16, 0.15], "texture": "#4"},
				"south": {"uv": [0, 0, 0.25, 10], "texture": "#0"},
				"west": {"uv": [0, 0, 16, 0.4], "texture": "#6"},
				"up": {"uv": [0, 0, 0.25, 10], "texture": "#0"},
				"down": {"uv": [0, 0, 0.25, 10], "texture": "#0"}
			}
		},
		{
			"name": "Harlon City Server",
			"from": [1.51777, 19.7, -3.66421],
			"to": [2.31777, 20.35, -2.16421],
			"rotation": {"angle": -45, "axis": "y", "origin": [1.76777, 20.35, -4.41421]},
			"faces": {
				"north": {"uv": [0, 0, 0.25, 10], "texture": "#0"},
				"east": {"uv": [0, 0, 1.5, 0.15], "texture": "#4"},
				"south": {"uv": [0, 0, 0.25, 10], "texture": "#0"},
				"west": {"uv": [0, 0, 1.5, 0.4], "texture": "#6"},
				"up": {"uv": [0, 0, 0.25, 10], "texture": "#0"},
				"down": {"uv": [0, 0, 0.25, 10], "texture": "#0"}
			}
		},
		{
			"name": "Harlon City Server",
			"from": [1.06066, 19.7, -4.06066],
			"to": [8.06066, 20.35, -2.96066],
			"rotation": {"angle": 0, "axis": "y", "origin": [3.31066, 20.35, -3.81066]},
			"faces": {
				"north": {"uv": [0, 0, 8, 0.4], "texture": "#6"},
				"east": {"uv": [0, 0, 0.25, 10], "texture": "#0"},
				"south": {"uv": [0, 0, 8, 0.15], "texture": "#4"},
				"west": {"uv": [0, 0, 0.25, 10], "texture": "#0"},
				"up": {"uv": [0, 0, 0.25, 10], "rotation": 90, "texture": "#0"},
				"down": {"uv": [0, 0, 0.25, 10], "rotation": 270, "texture": "#0"}
			}
		},
		{
			"name": "Harlon City Server",
			"from": [0, 20.35, -3],
			"to": [1.5, 20.75, 32],
			"rotation": {"angle": 0, "axis": "y", "origin": [17, 15.5, 33.6]},
			"faces": {
				"north": {"uv": [0, 0, 0.25, 10], "texture": "#0"},
				"east": {"uv": [0, 0, 16, 0.15], "texture": "#4"},
				"south": {"uv": [0, 0, 0.25, 10], "texture": "#0"},
				"west": {"uv": [0, 0, 16, 0.4], "texture": "#5"},
				"up": {"uv": [0, 0, 1, 1], "texture": "#5"},
				"down": {"uv": [0, 0, 1, 1], "texture": "#4"}
			}
		},
		{
			"name": "Harlon City Server",
			"from": [1.51777, 20.35, -3.66421],
			"to": [2.61777, 20.75, -2.16421],
			"rotation": {"angle": -45, "axis": "y", "origin": [1.76777, 20.95, -4.41421]},
			"faces": {
				"north": {"uv": [0, 0, 0.25, 10], "texture": "#0"},
				"east": {"uv": [0, 0, 1.5, 0.15], "texture": "#4"},
				"south": {"uv": [0, 0, 0.25, 10], "texture": "#0"},
				"west": {"uv": [0, 0, 1.5, 0.4], "texture": "#5"},
				"up": {"uv": [0, 0, 1, 1], "texture": "#5"},
				"down": {"uv": [0, 0, 0.25, 10], "texture": "#0"}
			}
		},
		{
			"name": "Harlon City Server",
			"from": [1.06066, 20.35, -4.06066],
			"to": [8.06066, 20.75, 32],
			"rotation": {"angle": 0, "axis": "y", "origin": [3.31066, 20.95, -3.81066]},
			"faces": {
				"north": {"uv": [0, 0, 8, 0.4], "texture": "#5"},
				"east": {"uv": [0, 0, 0.25, 10], "texture": "#0"},
				"south": {"uv": [0, 0, 8, 0.15], "texture": "#0"},
				"west": {"uv": [0, 0, 0.25, 10], "texture": "#0"},
				"up": {"uv": [0, 0, 1, 1], "rotation": 90, "texture": "#5"},
				"down": {"uv": [0, 0, 1, 1], "rotation": 270, "texture": "#4"}
			}
		},
		{
			"from": [14, 0.25, 14.25],
			"to": [15, 3, 32],
			"rotation": {"angle": 0, "axis": "y", "origin": [15, 0.25, 16]},
			"faces": {
				"north": {"uv": [14, 0, 0, 2], "texture": "#0"},
				"east": {"uv": [14, 0, 0, 2], "texture": "#0"},
				"south": {"uv": [14, 0, 0, 2], "texture": "#0"},
				"west": {"uv": [14, 0, 0, 2], "texture": "#0"},
				"up": {"uv": [14, 0, 0, 2], "texture": "#0"},
				"down": {"uv": [14, 0, 0, 2], "texture": "#0"}
			}
		},
		{
			"name": "Harlon City Server",
			"from": [15.5, 5, -3],
			"to": [16, 5.9, 3.5],
			"rotation": {"angle": 0, "axis": "y", "origin": [-1, 0, 18.6]},
			"faces": {
				"north": {"uv": [0.25, 0, 0, 10], "texture": "#0"},
				"east": {"uv": [6.5, 0, 0, 0.9], "texture": "#0"},
				"south": {"uv": [0.25, 0, 0, 10], "texture": "#0"},
				"west": {"uv": [0.25, 0, 0, 10], "texture": "#0"},
				"up": {"uv": [0.25, 0, 0, 10], "texture": "#0"},
				"down": {"uv": [0.25, 0, 0, 10], "texture": "#0"}
			}
		},
		{
			"name": "Harlon City Server",
			"from": [15, 2.1, 3.5],
			"to": [15.5, 5, 12],
			"rotation": {"angle": 0, "axis": "y", "origin": [-1.5, -0.9, 27.1]},
			"faces": {
				"north": {"uv": [0.25, 0, 0, 10], "texture": "#0"},
				"east": {"uv": [12.5, 3, 4, 5.9], "texture": "#0"},
				"south": {"uv": [0.25, 0, 0, 10], "texture": "#0"},
				"west": {"uv": [0.25, 0, 0, 10], "texture": "#0"},
				"up": {"uv": [0.25, 0, 0, 10], "texture": "#0"},
				"down": {"uv": [0.25, 0, 0, 10], "texture": "#0"}
			}
		},
		{
			"name": "Harlon City Server",
			"from": [15, 1.6, 3.5],
			"to": [16.9, 2.1, 12],
			"rotation": {"angle": 0, "axis": "y", "origin": [16.45, 1.85, 7.75]},
			"faces": {
				"north": {"uv": [0, 0, 16, 16], "rotation": 270, "texture": "#0"},
				"east": {"uv": [0, 0, 16, 16], "rotation": 270, "texture": "#0"},
				"south": {"uv": [0, 0, 16, 16], "rotation": 270, "texture": "#0"},
				"west": {"uv": [0, 0, 16, 16], "rotation": 270, "texture": "#0"},
				"up": {"uv": [0, 0, 16, 16], "rotation": 270, "texture": "#0"},
				"down": {"uv": [0, 0, 16, 16], "rotation": 270, "texture": "#0"}
			}
		},
		{
			"name": "Harlon City Server",
			"from": [-0.9, 1.6, 3.5],
			"to": [1, 2.1, 12],
			"rotation": {"angle": 0, "axis": "y", "origin": [-0.45, 1.85, 7.75]},
			"faces": {
				"north": {"uv": [0, 16, 16, 0], "rotation": 270, "texture": "#0"},
				"east": {"uv": [0, 16, 16, 0], "rotation": 270, "texture": "#0"},
				"south": {"uv": [0, 16, 16, 0], "rotation": 270, "texture": "#0"},
				"west": {"uv": [0, 16, 16, 0], "rotation": 270, "texture": "#0"},
				"up": {"uv": [0, 16, 16, 0], "rotation": 270, "texture": "#0"},
				"down": {"uv": [0, 16, 16, 0], "rotation": 270, "texture": "#0"}
			}
		},
		{
			"name": "Harlon City Server",
			"from": [0.5, 2.1, 3.5],
			"to": [1, 5, 12],
			"rotation": {"angle": 0, "axis": "y", "origin": [17.5, -0.9, 27.1]},
			"faces": {
				"north": {"uv": [0, 0, 0.25, 10], "texture": "#0"},
				"east": {"uv": [0, 0, 0.25, 10], "texture": "#0"},
				"south": {"uv": [0, 0, 0.25, 10], "texture": "#0"},
				"west": {"uv": [4, 3, 12.5, 5.9], "texture": "#0"},
				"up": {"uv": [0, 0, 0.25, 10], "texture": "#0"},
				"down": {"uv": [0, 0, 0.25, 10], "texture": "#0"}
			}
		},
		{
			"name": "Harlon City Server",
			"from": [15.5, 5, 12],
			"to": [16, 5.9, 32],
			"rotation": {"angle": 0, "axis": "y", "origin": [-1, 0, 33.6]},
			"faces": {
				"north": {"uv": [0.5, 0, 0, 0.9], "texture": "#0"},
				"east": {"uv": [16, 0, 0, 0.9], "texture": "#0"},
				"south": {"uv": [0.25, 0, 0, 10], "texture": "#0"},
				"west": {"uv": [0.25, 0, 0, 10], "texture": "#0"},
				"up": {"uv": [0.25, 0, 0, 10], "texture": "#0"},
				"down": {"uv": [0.25, 0, 0, 10], "texture": "#0"}
			}
		},
		{
			"name": "Harlon City Server",
			"from": [13.68223, 5, -3.66421],
			"to": [14.48223, 5.9, -2.16421],
			"rotation": {"angle": 45, "axis": "y", "origin": [14.23223, 5.45, -4.41421]},
			"faces": {
				"north": {"uv": [0.25, 0, 0, 10], "texture": "#0"},
				"east": {"uv": [1.5, 0, 0, 0.9], "texture": "#0"},
				"south": {"uv": [0.25, 0, 0, 10], "texture": "#0"},
				"west": {"uv": [0.25, 0, 0, 10], "texture": "#0"},
				"up": {"uv": [0.25, 0, 0, 10], "texture": "#0"},
				"down": {"uv": [0.25, 0, 0, 10], "texture": "#0"}
			}
		},
		{
			"name": "Harlon City Server",
			"from": [15.5, 5.9, 12],
			"to": [16, 11.8, 32],
			"rotation": {"angle": 0, "axis": "y", "origin": [-1, 0.9, 33.6]},
			"faces": {
				"north": {"uv": [0.5, 0, 0, 5.9], "texture": "#0"},
				"east": {"uv": [16, 0, 0, 0.9], "texture": "#1"},
				"south": {"uv": [0.25, 0, 0, 10], "texture": "#0"},
				"west": {"uv": [16, 0, 0, 5.9], "texture": "#4"},
				"up": {"uv": [0.25, 0, 0, 10], "texture": "#0"},
				"down": {"uv": [0.25, 0, 0, 10], "texture": "#0"}
			}
		},
		{
			"name": "Harlon City Server",
			"from": [15.5, 5.9, -3],
			"to": [16, 11.8, 3.5],
			"rotation": {"angle": 0, "axis": "y", "origin": [-1, 0.9, 18.6]},
			"faces": {
				"north": {"uv": [0.25, 0, 0, 10], "texture": "#0"},
				"east": {"uv": [4.5, 0, 0, 0.9], "texture": "#1"},
				"south": {"uv": [0.25, 0, 0, 10], "texture": "#0"},
				"west": {"uv": [3.5, 0, 0, 5.9], "texture": "#4"},
				"up": {"uv": [0.25, 0, 0, 10], "texture": "#0"},
				"down": {"uv": [0.25, 0, 0, 10], "texture": "#0"}
			}
		},
		{
			"name": "Harlon City Server",
			"from": [13.68223, 5.9, -3.66421],
			"to": [14.48223, 11.8, -2.16421],
			"rotation": {"angle": 45, "axis": "y", "origin": [14.23223, 6.35, -4.41421]},
			"faces": {
				"north": {"uv": [0.25, 0, 0, 10], "texture": "#0"},
				"east": {"uv": [1.5, 0, 0, 0.9], "texture": "#1"},
				"south": {"uv": [0.25, 0, 0, 10], "texture": "#0"},
				"west": {"uv": [1.5, 0, 0, 5.9], "texture": "#4"},
				"up": {"uv": [0.25, 0, 0, 10], "texture": "#0"},
				"down": {"uv": [0.25, 0, 0, 10], "texture": "#0"}
			}
		},
		{
			"name": "Harlon City Server",
			"from": [7.93934, 5.9, -4.06066],
			"to": [14.93934, 11.8, -2.96066],
			"rotation": {"angle": 0, "axis": "y", "origin": [12.68934, 6.35, -3.81066]},
			"faces": {
				"north": {"uv": [8, 0, 0, 0.9], "texture": "#1"},
				"east": {"uv": [0.25, 0, 0, 10], "texture": "#0"},
				"south": {"uv": [8, 0, 0, 5.9], "texture": "#4"},
				"west": {"uv": [0.25, 0, 0, 10], "texture": "#0"},
				"up": {"uv": [0, 10, 0.25, 0], "rotation": 90, "texture": "#0"},
				"down": {"uv": [0, 10, 0.25, 0], "rotation": 270, "texture": "#0"}
			}
		},
		{
			"name": "Harlon City Server",
			"from": [15.5, 11.8, 12],
			"to": [16, 11.95, 32],
			"rotation": {"angle": 0, "axis": "y", "origin": [-1, 6.8, 33.6]},
			"faces": {
				"north": {"uv": [0.5, 0, 0, 0.15], "texture": "#0"},
				"east": {"uv": [16, 0, 0, 0.9], "texture": "#5"},
				"south": {"uv": [0.25, 0, 0, 10], "texture": "#0"},
				"west": {"uv": [16, 0, 0, 0.15], "texture": "#4"},
				"up": {"uv": [0.25, 0, 0, 10], "texture": "#0"},
				"down": {"uv": [0.25, 0, 0, 10], "texture": "#0"}
			}
		},
		{
			"name": "Harlon City Server",
			"from": [6.93934, 11.8, -4.06066],
			"to": [14.93934, 11.95, -2.96066],
			"rotation": {"angle": 0, "axis": "y", "origin": [12.68934, 12.25, -3.81066]},
			"faces": {
				"north": {"uv": [8, 0, 0, 0.9], "texture": "#5"},
				"east": {"uv": [0.25, 0, 0, 10], "texture": "#0"},
				"south": {"uv": [8, 0, 0, 0.15], "texture": "#4"},
				"west": {"uv": [0.25, 0, 0, 10], "texture": "#0"},
				"up": {"uv": [0, 10, 0.25, 0], "rotation": 90, "texture": "#0"},
				"down": {"uv": [0, 10, 0.25, 0], "rotation": 270, "texture": "#0"}
			}
		},
		{
			"name": "Harlon City Server",
			"from": [13.68223, 11.8, -3.66421],
			"to": [14.48223, 11.95, -2.16421],
			"rotation": {"angle": 45, "axis": "y", "origin": [14.23223, 12.25, -4.41421]},
			"faces": {
				"north": {"uv": [0.25, 0, 0, 10], "texture": "#0"},
				"east": {"uv": [1.5, 0, 0, 0.9], "texture": "#5"},
				"south": {"uv": [0.25, 0, 0, 10], "texture": "#0"},
				"west": {"uv": [1.5, 0, 0, 0.15], "texture": "#4"},
				"up": {"uv": [0.25, 0, 0, 10], "texture": "#0"},
				"down": {"uv": [0.25, 0, 0, 10], "texture": "#0"}
			}
		},
		{
			"name": "Harlon City Server",
			"from": [15.5, 11.8, -3],
			"to": [16, 11.95, 3.5],
			"rotation": {"angle": 0, "axis": "y", "origin": [-1, 6.8, 18.6]},
			"faces": {
				"north": {"uv": [0.25, 0, 0, 10], "texture": "#0"},
				"east": {"uv": [4.5, 0, 0, 0.9], "texture": "#5"},
				"south": {"uv": [0.25, 0, 0, 10], "texture": "#0"},
				"west": {"uv": [3.5, 0, 0, 0.15], "texture": "#4"},
				"up": {"uv": [0.25, 0, 0, 10], "texture": "#0"},
				"down": {"uv": [0.25, 0, 0, 10], "texture": "#0"}
			}
		},
		{
			"name": "Harlon City Server",
			"from": [15.5, 11.95, 12],
			"to": [16, 12.6, 32],
			"rotation": {"angle": 0, "axis": "y", "origin": [-1, 6.9, 33.6]},
			"faces": {
				"north": {"uv": [0.5, 0, 0, 0.65], "texture": "#0"},
				"east": {"uv": [16, 0, 0, 0.4], "texture": "#6"},
				"south": {"uv": [0.25, 0, 0, 10], "texture": "#0"},
				"west": {"uv": [16, 0, 0, 0.15], "texture": "#4"},
				"up": {"uv": [0.25, 0, 0, 10], "texture": "#0"},
				"down": {"uv": [0.25, 0, 0, 10], "texture": "#0"}
			}
		},
		{
			"name": "Harlon City Server",
			"from": [15.5, 11.95, -3],
			"to": [16, 12.6, 3.5],
			"rotation": {"angle": 0, "axis": "y", "origin": [-1, 6.9, 18.6]},
			"faces": {
				"north": {"uv": [0.25, 0, 0, 10], "texture": "#0"},
				"east": {"uv": [3.5, 0, 0, 0.4], "texture": "#6"},
				"south": {"uv": [0.25, 0, 0, 10], "texture": "#0"},
				"west": {"uv": [3.5, 0, 0, 0.15], "texture": "#4"},
				"up": {"uv": [0.25, 0, 0, 10], "texture": "#0"},
				"down": {"uv": [0.25, 0, 0, 10], "texture": "#0"}
			}
		},
		{
			"name": "Harlon City Server",
			"from": [13.68223, 11.95, -3.66421],
			"to": [14.48223, 12.6, -2.16421],
			"rotation": {"angle": 45, "axis": "y", "origin": [14.23223, 12.35, -4.41421]},
			"faces": {
				"north": {"uv": [0.25, 0, 0, 10], "texture": "#0"},
				"east": {"uv": [1.5, 0, 0, 0.4], "texture": "#6"},
				"south": {"uv": [0.25, 0, 0, 10], "texture": "#0"},
				"west": {"uv": [1.5, 0, 0, 0.15], "texture": "#4"},
				"up": {"uv": [0.25, 0, 0, 10], "texture": "#0"},
				"down": {"uv": [0.25, 0, 0, 10], "texture": "#0"}
			}
		},
		{
			"name": "Harlon City Server",
			"from": [7.93934, 11.95, -4.06066],
			"to": [14.93934, 12.6, -2.96066],
			"rotation": {"angle": 0, "axis": "y", "origin": [12.68934, 12.35, -3.81066]},
			"faces": {
				"north": {"uv": [8, 0, 0, 0.4], "texture": "#6"},
				"east": {"uv": [0.25, 0, 0, 10], "texture": "#0"},
				"south": {"uv": [8, 0, 0, 0.15], "texture": "#4"},
				"west": {"uv": [0.25, 0, 0, 10], "texture": "#0"},
				"up": {"uv": [0, 10, 0.25, 0], "rotation": 90, "texture": "#0"},
				"down": {"uv": [0, 10, 0.25, 0], "rotation": 270, "texture": "#0"}
			}
		},
		{
			"name": "Harlon City Server",
			"from": [7.93934, 19.7, -4.06066],
			"to": [14.93934, 20.35, -2.96066],
			"rotation": {"angle": 0, "axis": "y", "origin": [12.68934, 20.35, -3.81066]},
			"faces": {
				"north": {"uv": [8, 0, 0, 0.4], "texture": "#6"},
				"east": {"uv": [0.25, 0, 0, 10], "texture": "#0"},
				"south": {"uv": [8, 0, 0, 0.15], "texture": "#4"},
				"west": {"uv": [0.25, 0, 0, 10], "texture": "#0"},
				"up": {"uv": [0, 10, 0.25, 0], "rotation": 90, "texture": "#0"},
				"down": {"uv": [0, 10, 0.25, 0], "rotation": 270, "texture": "#0"}
			}
		},
		{
			"name": "Harlon City Server",
			"from": [13.68223, 19.7, -3.66421],
			"to": [14.48223, 20.35, -2.16421],
			"rotation": {"angle": 45, "axis": "y", "origin": [14.23223, 20.35, -4.41421]},
			"faces": {
				"north": {"uv": [0.25, 0, 0, 10], "texture": "#0"},
				"east": {"uv": [1.5, 0, 0, 0.4], "texture": "#6"},
				"south": {"uv": [0.25, 0, 0, 10], "texture": "#0"},
				"west": {"uv": [1.5, 0, 0, 0.15], "texture": "#4"},
				"up": {"uv": [0.25, 0, 0, 10], "texture": "#0"},
				"down": {"uv": [0.25, 0, 0, 10], "texture": "#0"}
			}
		},
		{
			"name": "Harlon City Server",
			"from": [15.5, 19.7, -3],
			"to": [16, 20.35, 32],
			"rotation": {"angle": 0, "axis": "y", "origin": [-1, 14.9, 33.6]},
			"faces": {
				"north": {"uv": [0.25, 0, 0, 10], "texture": "#0"},
				"east": {"uv": [16, 0, 0, 0.4], "texture": "#6"},
				"south": {"uv": [0.25, 0, 0, 10], "texture": "#0"},
				"west": {"uv": [16, 0, 0, 0.15], "texture": "#4"},
				"up": {"uv": [0.25, 0, 0, 10], "texture": "#0"},
				"down": {"uv": [0.25, 0, 0, 10], "texture": "#0"}
			}
		},
		{
			"name": "Harlon City Server",
			"from": [15.5, 12.6, 12],
			"to": [16, 19.7, 13],
			"rotation": {"angle": 0, "axis": "y", "origin": [-1, 7.65, 33.6]},
			"faces": {
				"north": {"uv": [0.5, 0, 0, 7.1], "texture": "#0"},
				"east": {"uv": [16, 0, 0, 0.4], "texture": "#6"},
				"south": {"uv": [0.25, 0, 0, 10], "texture": "#0"},
				"west": {"uv": [1, 0, 0, 7.1], "texture": "#4"},
				"up": {"uv": [0.25, 0, 0, 10], "texture": "#0"},
				"down": {"uv": [0.25, 0, 0, 10], "texture": "#0"}
			}
		},
		{
			"name": "Harlon City Server",
			"from": [15.5, 12.6, 19],
			"to": [16, 19.7, 20],
			"rotation": {"angle": 0, "axis": "y", "origin": [-1, 7.65, 40.6]},
			"faces": {
				"north": {"uv": [0.25, 0, 0, 10], "texture": "#0"},
				"east": {"uv": [16, 0, 0, 0.4], "texture": "#6"},
				"south": {"uv": [0.25, 0, 0, 10], "texture": "#0"},
				"west": {"uv": [1, 0, 0, 7.1], "texture": "#4"},
				"up": {"uv": [0.25, 0, 0, 10], "texture": "#0"},
				"down": {"uv": [0.25, 0, 0, 10], "texture": "#0"}
			}
		},
		{
			"name": "Harlon City Server",
			"from": [15.5, 12.6, 27],
			"to": [16, 19.7, 28],
			"rotation": {"angle": 0, "axis": "y", "origin": [-1, 7.65, 48.6]},
			"faces": {
				"north": {"uv": [0.25, 0, 0, 10], "texture": "#0"},
				"east": {"uv": [16, 0, 0, 0.4], "texture": "#6"},
				"south": {"uv": [0.25, 0, 0, 10], "texture": "#0"},
				"west": {"uv": [1, 0, 0, 7.1], "texture": "#4"},
				"up": {"uv": [0.25, 0, 0, 10], "texture": "#0"},
				"down": {"uv": [0.25, 0, 0, 10], "texture": "#0"}
			}
		},
		{
			"name": "Harlon City Server",
			"from": [15.5, 12.6, 2.5],
			"to": [16, 19.7, 3.5],
			"rotation": {"angle": 0, "axis": "y", "origin": [-1, 7.65, 24.1]},
			"faces": {
				"north": {"uv": [0.25, 0, 0, 10], "texture": "#0"},
				"east": {"uv": [16, 0, 0, 0.4], "texture": "#6"},
				"south": {"uv": [0.25, 0, 0, 10], "texture": "#0"},
				"west": {"uv": [1, 0, 0, 7.1], "texture": "#4"},
				"up": {"uv": [0.25, 0, 0, 10], "texture": "#0"},
				"down": {"uv": [0.25, 0, 0, 10], "texture": "#0"}
			}
		},
		{
			"name": "Harlon City Server",
			"from": [11.93934, 12.6, -4.06066],
			"to": [12.93934, 19.7, -3.56066],
			"rotation": {"angle": 0, "axis": "y", "origin": [12.43934, 16.15, -3.81066]},
			"faces": {
				"north": {"uv": [16, 0, 0, 0.4], "texture": "#6"},
				"east": {"uv": [0.25, 0, 0, 10], "texture": "#0"},
				"south": {"uv": [1, 0, 0, 7.1], "texture": "#4"},
				"west": {"uv": [0.25, 0, 0, 10], "texture": "#0"},
				"up": {"uv": [0, 10, 0.25, 0], "rotation": 90, "texture": "#0"},
				"down": {"uv": [0, 10, 0.25, 0], "rotation": 270, "texture": "#0"}
			}
		},
		{
			"name": "Harlon City Server",
			"from": [15.5, 12.6, -2.5],
			"to": [16, 19.7, -1.5],
			"rotation": {"angle": 0, "axis": "y", "origin": [-1, 7.65, 19.1]},
			"faces": {
				"north": {"uv": [0.25, 0, 0, 10], "texture": "#0"},
				"east": {"uv": [16, 0, 0, 0.4], "texture": "#6"},
				"south": {"uv": [0.25, 0, 0, 10], "texture": "#0"},
				"west": {"uv": [1, 0, 0, 7.1], "texture": "#4"},
				"up": {"uv": [0.25, 0, 0, 10], "texture": "#0"},
				"down": {"uv": [0.25, 0, 0, 10], "texture": "#0"}
			}
		},
		{
			"name": "Harlon City Server",
			"from": [7.93934, 20.35, -4.06066],
			"to": [14.93934, 20.75, 32],
			"rotation": {"angle": 0, "axis": "y", "origin": [12.68934, 20.95, -3.81066]},
			"faces": {
				"north": {"uv": [8, 0, 0, 0.4], "texture": "#5"},
				"east": {"uv": [0.25, 0, 0, 10], "texture": "#0"},
				"south": {"uv": [8, 0, 0, 0.15], "texture": "#0"},
				"west": {"uv": [0.25, 0, 0, 10], "texture": "#0"},
				"up": {"uv": [0, 1, 1, 0], "rotation": 90, "texture": "#5"},
				"down": {"uv": [0, 10, 1, 11], "rotation": 270, "texture": "#4"}
			}
		},
		{
			"name": "Harlon City Server",
			"from": [13.38223, 20.35, -3.66421],
			"to": [14.48223, 20.75, -2.16421],
			"rotation": {"angle": 45, "axis": "y", "origin": [14.23223, 20.95, -4.41421]},
			"faces": {
				"north": {"uv": [0.25, 0, 0, 10], "texture": "#0"},
				"east": {"uv": [1.5, 0, 0, 0.4], "texture": "#5"},
				"south": {"uv": [0.25, 0, 0, 10], "texture": "#0"},
				"west": {"uv": [1.5, 0, 0, 0.15], "texture": "#4"},
				"up": {"uv": [1, 0, 0, 1], "texture": "#5"},
				"down": {"uv": [0.25, 0, 0, 10], "texture": "#0"}
			}
		},
		{
			"name": "Harlon City Server",
			"from": [12.88223, 20.75, -3.16421],
			"to": [13.98223, 21, -1.66421],
			"rotation": {"angle": 45, "axis": "y", "origin": [13.73223, 21.35, -3.91421]},
			"faces": {
				"north": {"uv": [0.25, 0, 0, 10], "texture": "#0"},
				"east": {"uv": [1.5, 0, 0, 0.4], "texture": "#5"},
				"south": {"uv": [0.25, 0, 0, 10], "texture": "#0"},
				"west": {"uv": [1.5, 0, 0, 0.15], "texture": "#4"},
				"up": {"uv": [1, 0, 0, 1], "texture": "#5"},
				"down": {"uv": [0.25, 0, 0, 10], "texture": "#0"}
			}
		},
		{
			"name": "Harlon City Server",
			"from": [2.01777, 20.75, -3.16421],
			"to": [3.11777, 21, -1.66421],
			"rotation": {"angle": -45, "axis": "y", "origin": [2.26777, 21.35, -3.91421]},
			"faces": {
				"north": {"uv": [0, 0, 0.25, 10], "texture": "#0"},
				"east": {"uv": [0, 0, 1.5, 0.15], "texture": "#4"},
				"south": {"uv": [0, 0, 0.25, 10], "texture": "#0"},
				"west": {"uv": [0, 0, 1.5, 0.4], "texture": "#5"},
				"up": {"uv": [0, 0, 1, 1], "texture": "#5"},
				"down": {"uv": [0, 0, 0.25, 10], "texture": "#0"}
			}
		},
		{
			"name": "Harlon City Server",
			"from": [2.51777, 21, -2.66421],
			"to": [3.61777, 21.25, -1.16421],
			"rotation": {"angle": -45, "axis": "y", "origin": [2.76777, 21.6, -3.41421]},
			"faces": {
				"north": {"uv": [0, 0, 0.25, 10], "texture": "#0"},
				"east": {"uv": [0, 0, 1.5, 0.15], "texture": "#4"},
				"south": {"uv": [0, 0, 0.25, 10], "texture": "#0"},
				"west": {"uv": [0, 0, 1.5, 0.4], "texture": "#5"},
				"up": {"uv": [0, 0, 1, 1], "texture": "#5"},
				"down": {"uv": [0, 0, 0.25, 10], "texture": "#0"}
			}
		},
		{
			"name": "Harlon City Server",
			"from": [3.01777, 21.25, -2.16421],
			"to": [4.11777, 21.5, -0.66421],
			"rotation": {"angle": -45, "axis": "y", "origin": [3.26777, 21.85, -2.91421]},
			"faces": {
				"north": {"uv": [0, 0, 0.25, 10], "texture": "#0"},
				"east": {"uv": [0, 0, 1.5, 0.15], "texture": "#4"},
				"south": {"uv": [0, 0, 0.25, 10], "texture": "#0"},
				"west": {"uv": [0, 0, 1.5, 0.4], "texture": "#5"},
				"up": {"uv": [0, 0, 1, 1], "texture": "#5"},
				"down": {"uv": [0, 0, 0.25, 10], "texture": "#0"}
			}
		},
		{
			"name": "Harlon City Server",
			"from": [3.51777, 21.5, -1.66421],
			"to": [4.61777, 21.75, -0.16421],
			"rotation": {"angle": -45, "axis": "y", "origin": [3.76777, 22.1, -2.41421]},
			"faces": {
				"north": {"uv": [0, 0, 0.25, 10], "texture": "#0"},
				"east": {"uv": [0, 0, 1.5, 0.15], "texture": "#4"},
				"south": {"uv": [0, 0, 0.25, 10], "texture": "#0"},
				"west": {"uv": [0, 0, 1.5, 0.4], "texture": "#5"},
				"up": {"uv": [0, 0, 1, 1], "texture": "#5"},
				"down": {"uv": [0, 0, 0.25, 10], "texture": "#0"}
			}
		},
		{
			"name": "Harlon City Server",
			"from": [4.01777, 21.75, -1.16421],
			"to": [5.11777, 22, 0.33579],
			"rotation": {"angle": -45, "axis": "y", "origin": [4.26777, 22.35, -1.91421]},
			"faces": {
				"north": {"uv": [0, 0, 0.25, 10], "texture": "#0"},
				"east": {"uv": [0, 0, 1.5, 0.15], "texture": "#4"},
				"south": {"uv": [0, 0, 0.25, 10], "texture": "#0"},
				"west": {"uv": [0, 0, 1.5, 0.4], "texture": "#5"},
				"up": {"uv": [0, 0, 1, 1], "texture": "#5"},
				"down": {"uv": [0, 0, 0.25, 10], "texture": "#0"}
			}
		},
		{
			"name": "Harlon City Server",
			"from": [10.88223, 21.75, -1.16421],
			"to": [11.98223, 22, 0.33579],
			"rotation": {"angle": 45, "axis": "y", "origin": [11.73223, 22.35, -1.91421]},
			"faces": {
				"north": {"uv": [0.25, 0, 0, 10], "texture": "#0"},
				"east": {"uv": [1.5, 0, 0, 0.4], "texture": "#5"},
				"south": {"uv": [0.25, 0, 0, 10], "texture": "#0"},
				"west": {"uv": [1.5, 0, 0, 0.15], "texture": "#4"},
				"up": {"uv": [1, 0, 0, 1], "texture": "#5"},
				"down": {"uv": [0.25, 0, 0, 10], "texture": "#0"}
			}
		},
		{
			"name": "Harlon City Server",
			"from": [11.38223, 21.5, -1.66421],
			"to": [12.48223, 21.75, -0.16421],
			"rotation": {"angle": 45, "axis": "y", "origin": [12.23223, 22.1, -2.41421]},
			"faces": {
				"north": {"uv": [0.25, 0, 0, 10], "texture": "#0"},
				"east": {"uv": [1.5, 0, 0, 0.4], "texture": "#5"},
				"south": {"uv": [0.25, 0, 0, 10], "texture": "#0"},
				"west": {"uv": [1.5, 0, 0, 0.15], "texture": "#4"},
				"up": {"uv": [1, 0, 0, 1], "texture": "#5"},
				"down": {"uv": [0.25, 0, 0, 10], "texture": "#0"}
			}
		},
		{
			"name": "Harlon City Server",
			"from": [11.88223, 21.25, -2.16421],
			"to": [12.98223, 21.5, -0.66421],
			"rotation": {"angle": 45, "axis": "y", "origin": [12.73223, 21.85, -2.91421]},
			"faces": {
				"north": {"uv": [0.25, 0, 0, 10], "texture": "#0"},
				"east": {"uv": [1.5, 0, 0, 0.4], "texture": "#5"},
				"south": {"uv": [0.25, 0, 0, 10], "texture": "#0"},
				"west": {"uv": [1.5, 0, 0, 0.15], "texture": "#4"},
				"up": {"uv": [1, 0, 0, 1], "texture": "#5"},
				"down": {"uv": [0.25, 0, 0, 10], "texture": "#0"}
			}
		},
		{
			"name": "Harlon City Server",
			"from": [12.38223, 21, -2.66421],
			"to": [13.48223, 21.25, -1.16421],
			"rotation": {"angle": 45, "axis": "y", "origin": [13.23223, 21.6, -3.41421]},
			"faces": {
				"north": {"uv": [0.25, 0, 0, 10], "texture": "#0"},
				"east": {"uv": [1.5, 0, 0, 0.4], "texture": "#5"},
				"south": {"uv": [0.25, 0, 0, 10], "texture": "#0"},
				"west": {"uv": [1.5, 0, 0, 0.15], "texture": "#4"},
				"up": {"uv": [1, 0, 0, 1], "texture": "#5"},
				"down": {"uv": [0.25, 0, 0, 10], "texture": "#0"}
			}
		},
		{
			"name": "Harlon City Server",
			"from": [1.56066, 20.75, -3.56066],
			"to": [14.44066, 21, -2.46066],
			"rotation": {"angle": 0, "axis": "y", "origin": [3.81066, 21.35, -3.31066]},
			"faces": {
				"north": {"uv": [0, 0, 1.5, 0.4], "texture": "#5"},
				"east": {"uv": [0, 0, 0.25, 10], "texture": "#0"},
				"south": {"uv": [0, 0, 1.5, 0.15], "texture": "#4"},
				"west": {"uv": [0, 0, 0.25, 10], "texture": "#0"},
				"up": {"uv": [0, 0, 1, 1], "rotation": 90, "texture": "#5"},
				"down": {"uv": [0, 0, 0.25, 10], "rotation": 270, "texture": "#0"}
			}
		},
		{
			"name": "Harlon City Server",
			"from": [2.06066, 21, -3.06066],
			"to": [13.94066, 21.25, -1.96066],
			"rotation": {"angle": 0, "axis": "y", "origin": [4.31066, 21.6, -2.81066]},
			"faces": {
				"north": {"uv": [0, 0, 1.5, 0.4], "texture": "#5"},
				"east": {"uv": [0, 0, 0.25, 10], "texture": "#0"},
				"south": {"uv": [0, 0, 1.5, 0.15], "texture": "#4"},
				"west": {"uv": [0, 0, 0.25, 10], "texture": "#0"},
				"up": {"uv": [0, 0, 1, 1], "rotation": 90, "texture": "#5"},
				"down": {"uv": [0, 0, 0.25, 10], "rotation": 270, "texture": "#0"}
			}
		},
		{
			"name": "Harlon City Server",
			"from": [2.56066, 21.25, -2.56066],
			"to": [13.44066, 21.5, -1.46066],
			"rotation": {"angle": 0, "axis": "y", "origin": [4.81066, 21.85, -2.31066]},
			"faces": {
				"north": {"uv": [0, 0, 1.5, 0.4], "texture": "#5"},
				"east": {"uv": [0, 0, 0.25, 10], "texture": "#0"},
				"south": {"uv": [0, 0, 1.5, 0.15], "texture": "#4"},
				"west": {"uv": [0, 0, 0.25, 10], "texture": "#0"},
				"up": {"uv": [0, 0, 1, 1], "rotation": 90, "texture": "#5"},
				"down": {"uv": [0, 0, 0.25, 10], "rotation": 270, "texture": "#0"}
			}
		},
		{
			"name": "Harlon City Server",
			"from": [3.06066, 21.5, -2.06066],
			"to": [12.94066, 21.75, -0.96066],
			"rotation": {"angle": 0, "axis": "y", "origin": [5.31066, 22.1, -1.81066]},
			"faces": {
				"north": {"uv": [0, 0, 1.5, 0.4], "texture": "#5"},
				"east": {"uv": [0, 0, 0.25, 10], "texture": "#0"},
				"south": {"uv": [0, 0, 1.5, 0.15], "texture": "#4"},
				"west": {"uv": [0, 0, 0.25, 10], "texture": "#0"},
				"up": {"uv": [0, 0, 1, 1], "rotation": 90, "texture": "#5"},
				"down": {"uv": [0, 0, 0.25, 10], "rotation": 270, "texture": "#0"}
			}
		},
		{
			"name": "Harlon City Server",
			"from": [3.56066, 21.75, -1.56066],
			"to": [12.44066, 22, -0.46066],
			"rotation": {"angle": 0, "axis": "y", "origin": [5.81066, 22.35, -1.31066]},
			"faces": {
				"north": {"uv": [0, 0, 1.5, 0.4], "texture": "#5"},
				"east": {"uv": [0, 0, 0.25, 10], "texture": "#0"},
				"south": {"uv": [0, 0, 1.5, 0.15], "texture": "#4"},
				"west": {"uv": [0, 0, 0.25, 10], "texture": "#0"},
				"up": {"uv": [0, 0, 1, 1], "rotation": 90, "texture": "#5"},
				"down": {"uv": [0, 0, 0.25, 10], "rotation": 270, "texture": "#0"}
			}
		},
		{
			"name": "Harlon City Server",
			"from": [14.5, 20.35, -3],
			"to": [16, 20.75, 32],
			"rotation": {"angle": 0, "axis": "y", "origin": [-1, 15.5, 33.6]},
			"faces": {
				"north": {"uv": [0.25, 0, 0, 10], "texture": "#0"},
				"east": {"uv": [16, 0, 0, 0.4], "texture": "#5"},
				"south": {"uv": [0.25, 0, 0, 10], "texture": "#0"},
				"west": {"uv": [16, 0, 0, 0.15], "texture": "#4"},
				"up": {"uv": [1, 0, 0, 1], "texture": "#5"},
				"down": {"uv": [0.25, 0, 1.25, 1], "texture": "#4"}
			}
		},
		{
			"name": "Harlon City Server",
			"from": [11, 8.9, 12],
			"to": [15.5, 9.8, 32],
			"rotation": {"angle": 0, "axis": "y", "origin": [-1.5, 0.9, 33.6]},
			"faces": {
				"north": {"uv": [5.5, 0, 0, 0.9], "texture": "#4"},
				"east": {"uv": [16, 0, 0, 0.9], "texture": "#4"},
				"south": {"uv": [5.5, 0, 0, 0.9], "texture": "#4"},
				"west": {"uv": [16, 0, 0, 0.9], "texture": "#4"},
				"up": {"uv": [5.5, 0, 0, 16], "texture": "#4"},
				"down": {"uv": [5.5, 0, 0, 16], "texture": "#4"}
			}
		},
		{
			"name": "Harlon City Server",
			"from": [5.25, 8.9, -2],
			"to": [10.75, 9.8, 3],
			"rotation": {"angle": 0, "axis": "y", "origin": [-6.25, 0.9, 19.6]},
			"faces": {
				"north": {"uv": [5.5, 0, 0, 0.9], "texture": "#4"},
				"east": {"uv": [16, 0, 0, 0.9], "texture": "#4"},
				"south": {"uv": [5.5, 0, 0, 0.9], "texture": "#4"},
				"west": {"uv": [16, 0, 0, 0.9], "texture": "#4"},
				"up": {"uv": [5.5, 0, 0, 5], "texture": "#4"},
				"down": {"uv": [5.5, 0, 0, 16], "texture": "#4"}
			}
		},
		{
			"name": "Harlon City Server",
			"from": [6.25, 6, -1],
			"to": [9.75, 8.9, 2],
			"rotation": {"angle": 0, "axis": "y", "origin": [-6.25, -0.05, 19.6]},
			"faces": {
				"north": {"uv": [5.5, 0, 0, 0.9], "texture": "#4"},
				"east": {"uv": [16, 0, 0, 0.9], "texture": "#4"},
				"south": {"uv": [5.5, 0, 0, 0.9], "texture": "#4"},
				"west": {"uv": [16, 0, 0, 0.9], "texture": "#4"},
				"up": {"uv": [5.5, 0, 0, 5], "texture": "#4"},
				"down": {"uv": [5.5, 0, 0, 16], "texture": "#4"}
			}
		},
		{
			"from": [2.5, 0, 19],
			"to": [13.5, 5, 28.5],
			"rotation": {"angle": 0, "axis": "y", "origin": [7.5, 0, 21]},
			"faces": {
				"north": {"uv": [0, 0, 16, 16], "texture": "#0"},
				"east": {"uv": [0, 0, 16, 16], "texture": "#0"},
				"south": {"uv": [0, 0, 16, 16], "texture": "#0"},
				"west": {"uv": [0, 0, 16, 16], "texture": "#0"},
				"up": {"uv": [0, 0, 16, 16], "texture": "#0"},
				"down": {"uv": [0, 0, 16, 16], "texture": "#0"}
			}
		},
		{
			"from": [6.5, 3, -5],
			"to": [9.5, 5, 2.5],
			"rotation": {"angle": 0, "axis": "y", "origin": [7.5, 0, -5]},
			"faces": {
				"north": {"uv": [0, 0, 16, 16], "texture": "#0"},
				"east": {"uv": [0, 0, 16, 16], "texture": "#0"},
				"south": {"uv": [0, 0, 16, 16], "texture": "#0"},
				"west": {"uv": [0, 0, 16, 16], "texture": "#0"},
				"up": {"uv": [0, 0, 16, 16], "texture": "#0"},
				"down": {"uv": [0, 0, 16, 16], "texture": "#0"}
			}
		}
	],
	"display": {
		"thirdperson_righthand": {
			"scale": [4, 4, 4]
		},
		"head": {
			"scale": [4, 4, 4]
		}
	}
}