{
    "parent": "item/generated",
    "textures": {
        "layer0": "block/rail"
    },
    "overrides": [
        { "predicate": { "custom_model_data": 100}, "model": "item/rail/buffer" },
        { "predicate": { "custom_model_data": 101}, "model": "block/rail" },
        { "predicate": { "custom_model_data": 1001}, "model": "item/rail/concreterail" },
        { "predicate": { "custom_model_data": 1002}, "model": "item/rail/concreterailOHL" },
        { "predicate": { "custom_model_data": 1003}, "model": "block/rail" },
        { "predicate": { "custom_model_data": 1004}, "model": "block/rail" },
        { "predicate": { "custom_model_data": 1005}, "model": "item/rail/concreterail3rd" },
        { "predicate": { "custom_model_data": 1006}, "model": "item/rail/fourth_rail" },
        { "predicate": { "custom_model_data": 1007}, "model": "item/rail/fourth_rail-noconductor" },
        { "predicate": { "custom_model_data": 1008}, "model": "item/rail/fourth_rail-concrete" },
        { "predicate": { "custom_model_data": 1009}, "model": "block/rail" },
        { "predicate": { "custom_model_data": 10001}, "model": "item/rail/depot_rail_narrowOHL" },
        { "predicate": { "custom_model_data": 10002}, "model": "depot_rail_wide.json" },
        { "predicate": { "custom_model_data": 10003}, "model": "item/rail/depot_rail_mediumOHL" },
        { "predicate": { "custom_model_data": 10004}, "model": "depot_rail_wide.json" },
        { "predicate": { "custom_model_data": 10005}, "model": "item/rail/depot_rail_wideOHL" },
        { "predicate": { "custom_model_data": 10006}, "model": "block/rail" },
        { "predicate": { "custom_model_data": 10007}, "model": "item/rail/depot_rail_medium2OHL" },
        { "predicate": { "custom_model_data": 10008}, "model": "block/rail" },
        { "predicate": { "custom_model_data": 10009}, "model": "block/rail" }

    ]
}