{
	"credit": "Made with Blockbench",
	"textures": {
		"508": "block/red_concrete",
		"702": "block/HT-11sf3",
		"particle": "block/HT-26pf1"
	},
	"elements": [
		{
			"from": [2.75, 13.25, -15.525],
			"to": [13.25, 15, -15.525],
			"rotation": {"angle": 0, "axis": "y", "origin": [18.25, 21, -7.5]},
			"faces": {
				"north": {"uv": [0, 0, 16, 16], "texture": "#702"},
				"east": {"uv": [0, 0, 10.5, 1.75], "texture": "#508"},
				"south": {"uv": [0, 0, 10.5, 1.75], "texture": "#508"},
				"west": {"uv": [0, 0, 10.5, 1.75], "texture": "#508"},
				"up": {"uv": [0, 0, 10.5, 1.75], "texture": "#508"},
				"down": {"uv": [0, 0, 10.5, 1.75], "texture": "#508"}
			}
		},
		{
			"from": [14.8, 13.25, -9],
			"to": [14.8, 15, 1.5],
			"rotation": {"angle": 0, "axis": "y", "origin": [7, 21, 6.5]},
			"faces": {
				"north": {"uv": [0, 0, 10.5, 1.75], "texture": "#508"},
				"east": {"uv": [0, 0, 16, 16], "texture": "#702"},
				"south": {"uv": [0, 0, 10.5, 1.75], "texture": "#508"},
				"west": {"uv": [0, 0, 10.5, 1.75], "texture": "#508"},
				"up": {"uv": [0, 0, 10.5, 1.75], "texture": "#508"},
				"down": {"uv": [0, 0, 10.5, 1.75], "texture": "#508"}
			}
		}
	],
	"display": {
		"thirdperson_righthand": {
			"scale": [4, 4, 4]
		},
		"head": {
			"scale": [4, 4, 4]
		}
	}
}