{
    "parent": "item/generated",
    "textures": {
        "layer0": "item/gold_nugget"
    },
    "overrides": [
        { "predicate": { "custom_model_data": 101}, "model": "item/KAM-tigerscity/lionFRONT" },
        { "predicate": { "custom_model_data": 102}, "model": "item/KAM-tigerscity/lionMIDDLE" },
        { "predicate": { "custom_model_data": 103}, "model": "item/KAM-tigerscity/lionBENDY" },
        { "predicate": { "custom_model_data": 104}, "model": "item/KAM-tigerscity/lionDOORBENDY" },
        { "predicate": { "custom_model_data": 105}, "model": "item/KAM-tigerscity/lionBACKNODOOR" },
        { "predicate": { "custom_model_data": 106}, "model": "item/KAM-tigerscity/lionBACKDOOR" },
        { "predicate": { "custom_model_data": 107}, "model": "item/gold_nugget" },
        { "predicate": { "custom_model_data": 116}, "model": "item/KAM-tigerscity/lionCNG" },
        { "predicate": { "custom_model_data": 117}, "model": "item/KAM-tigerscity/lionBOX" },
        { "predicate": { "custom_model_data": 118}, "model": "item/KAM-tigerscity/lionBOXBACK" },
        { "predicate": { "custom_model_data": 119}, "model": "item/gold_nugget" },
        { "predicate": { "custom_model_data": 300}, "model": "item/HT-dest/HT-dest-M3notinservice" },
        { "predicate": { "custom_model_data": 301}, "model": "item/HT-dest/HT-dest-M3noboarding" },
        { "predicate": { "custom_model_data": 302}, "model": "item/HT-dest/HT-dest-M3cordyn" },
        { "predicate": { "custom_model_data": 303}, "model": "item/HT-dest/HT-dest-M3gantershill" },
        { "predicate": { "custom_model_data": 304}, "model": "item/HT-dest/HT-dest-M3hibbinggardens" },
        { "predicate": { "custom_model_data": 305}, "model": "item/HT-dest/HT-dest-M3sergelssquare" },
        { "predicate": { "custom_model_data": 306}, "model": "item/HT-dest/HT-dest-M3harlonianplaza" },
        { "predicate": { "custom_model_data": 307}, "model": "item/HT-dest/HT-dest-M3nationalmall" },
        { "predicate": { "custom_model_data": 308}, "model": "item/HT-dest/HT-dest-M3lighthousepoint" },
        { "predicate": { "custom_model_data": 309}, "model": "item/HT-dest/HT-dest-M31duluth" },
        { "predicate": { "custom_model_data": 310}, "model": "item/HT-dest/HT-dest-M31downminster" },
        { "predicate": { "custom_model_data": 311}, "model": "item/HT-dest/HT-dest-M31roslagen" },
        { "predicate": { "custom_model_data": 312}, "model": "item/HT-dest/HT-dest-M3beckton" },
        { "predicate": { "custom_model_data": 313}, "model": "item/gold_nugget" },
        { "predicate": { "custom_model_data": 321}, "model": "item/HT-dest/DS-HT-M-notinservice" },
        { "predicate": { "custom_model_data": 322}, "model": "item/HT-dest/DS-HT-M-noboarding" },
        { "predicate": { "custom_model_data": 323}, "model": "item/HT-dest/DS-HT-M-harlontransit" },
        { "predicate": { "custom_model_data": 324}, "model": "item/HT-dest/DS-HT-M-seaportedocks" },
        { "predicate": { "custom_model_data": 325}, "model": "item/HT-dest/DS-HT-M-seaportejunction" },
        { "predicate": { "custom_model_data": 326}, "model": "item/HT-dest/DS-HT-M-southbankcircus" },
        { "predicate": { "custom_model_data": 327}, "model": "item/HT-dest/DS-HT-M-oakmontplaza" },
        { "predicate": { "custom_model_data": 328}, "model": "item/HT-dest/DS-HT-M-thetriangle" },
        { "predicate": { "custom_model_data": 329}, "model": "item/HT-dest/HT-dest-M31duluth" },
        { "predicate": { "custom_model_data": 330}, "model": "item/gold_nugget" },
        { "predicate": { "custom_model_data": 340}, "model": "item/HT-dest/DS-HTC6-line-M1" },
        { "predicate": { "custom_model_data": 341}, "model": "item/HT-dest/DS-HTC6-line-M11" },
        { "predicate": { "custom_model_data": 342}, "model": "item/HT-dest/DS-HTC6-line-M2" },
        { "predicate": { "custom_model_data": 343}, "model": "item/gold_nugget" },
        { "predicate": { "custom_model_data": 350}, "model": "item/HT-dest/DS-HTC6-dest-ce" },
        { "predicate": { "custom_model_data": 351}, "model": "item/HT-dest/DS-HTC6-dest-he" },
        { "predicate": { "custom_model_data": 352}, "model": "item/HT-dest/DS-HTC6-dest-lp" },
        { "predicate": { "custom_model_data": 353}, "model": "item/HT-dest/DS-HTC6-dest-ns" },
        { "predicate": { "custom_model_data": 354}, "model": "item/HT-dest/DS-HTC6-dest-sp" },
        { "predicate": { "custom_model_data": 355}, "model": "item/HT-dest/DS-HTC6-dest-tb" },
        { "predicate": { "custom_model_data": 356}, "model": "item/HT-dest/DS-HTC6-dest-tt" },
        { "predicate": { "custom_model_data": 357}, "model": "item/HT-dest/DS-HTC6-dest-wb" },
        { "predicate": { "custom_model_data": 358}, "model": "item/gold_nugget" },
        { "predicate": { "custom_model_data": 1101}, "model": "item/HT-dest/HT-11sf1" },
        { "predicate": { "custom_model_data": 1102}, "model": "item/HT-dest/HT-11sf2" },
        { "predicate": { "custom_model_data": 1103}, "model": "item/HT-dest/HT-11sf3" },
        { "predicate": { "custom_model_data": 1111}, "model": "item/HT-dest/HT-11wb1" },
        { "predicate": { "custom_model_data": 1112}, "model": "item/HT-dest/HT-11wb2" },
        { "predicate": { "custom_model_data": 2601}, "model": "item/HT-dest/HT-26pf1" },
        { "predicate": { "custom_model_data": 2602}, "model": "item/HT-dest/HT-26pf2" },
        { "predicate": { "custom_model_data": 2603}, "model": "item/HT-dest/HT-26pf3" },
        { "predicate": { "custom_model_data": 2611}, "model": "item/HT-dest/HT-26ta1" },
        { "predicate": { "custom_model_data": 2612}, "model": "item/HT-dest/HT-26ta2" },
        { "predicate": { "custom_model_data": 2613}, "model": "item/HT-dest/HT-26ta3" },
        { "predicate": { "custom_model_data": 2614}, "model": "item/HT-dest/HT-26ta4" },
        { "predicate": { "custom_model_data": 2615}, "model": "item/gold_nugget" },
        { "predicate": { "custom_model_data": 50001}, "model": "item/HT-infoscreen/IS-HT-MOTD-slot2" },
        { "predicate": { "custom_model_data": 50002}, "model": "item/HT-infoscreen/IS-HT-MOTD-slot3" },
        { "predicate": { "custom_model_data": 50010}, "model": "item/HT-infoscreen/IS-HT-INFO-DEST-harlontransit" },
        { "predicate": { "custom_model_data": 50011}, "model": "item/HT-infoscreen/IS-HT-INFO-DEST-notinservice" },
        { "predicate": { "custom_model_data": 50012}, "model": "item/HT-infoscreen/IS-HT-INFO-DEST-terminateshere" },
        { "predicate": { "custom_model_data": 55001}, "model": "item/HT-infoscreen/IS-HT-INFO-DEST-M5oz" },
        { "predicate": { "custom_model_data": 55002}, "model": "item/HT-infoscreen/IS-HT-INFO-DEST-M5sc" },
        { "predicate": { "custom_model_data": 55003}, "model": "item/HT-infoscreen/IS-HT-INFO-DEST-M5se" },
        { "predicate": { "custom_model_data": 55004}, "model": "item/HT-infoscreen/IS-HT-INFO-DEST-M5sj" },
        { "predicate": { "custom_model_data": 55005}, "model": "item/HT-infoscreen/IS-HT-INFO-DEST-M5sq" },
        { "predicate": { "custom_model_data": 55006}, "model": "item/HT-infoscreen/IS-HT-INFO-DEST-M5tt" },
        { "predicate": { "custom_model_data": 55011}, "model": "item/HT-infoscreen/IS-HT-INFO-STATION-M5fr" },
        { "predicate": { "custom_model_data": 55012}, "model": "item/HT-infoscreen/IS-HT-INFO-STATION-M5jp" },
        { "predicate": { "custom_model_data": 55013}, "model": "item/HT-infoscreen/IS-HT-INFO-STATION-M5oz" },
        { "predicate": { "custom_model_data": 55014}, "model": "item/HT-infoscreen/IS-HT-INFO-STATION-M5sc" },
        { "predicate": { "custom_model_data": 55015}, "model": "item/HT-infoscreen/IS-HT-INFO-STATION-M5se" },
        { "predicate": { "custom_model_data": 55016}, "model": "item/HT-infoscreen/IS-HT-INFO-STATION-M5sj" },
        { "predicate": { "custom_model_data": 55017}, "model": "item/HT-infoscreen/IS-HT-INFO-STATION-M5sq" },
        { "predicate": { "custom_model_data": 55018}, "model": "item/HT-infoscreen/IS-HT-INFO-STATION-M5ts" },
        { "predicate": { "custom_model_data": 55019}, "model": "item/HT-infoscreen/IS-HT-INFO-STATION-M5tt" },
        { "predicate": { "custom_model_data": 55020}, "model": "item/gold_nugget" },
        { "predicate": { "custom_model_data": 90000}, "model": "item/other-transit/LITbus" },
        { "predicate": { "custom_model_data": 90001}, "model": "item/other-transit/LIT-130cerulean" },
        { "predicate": { "custom_model_data": 90002}, "model": "item/other-transit/LIT-130faymont" },
        { "predicate": { "custom_model_data": 90003}, "model": "item/gold_nugget" }

    ]
}