{
	"credit": "This model is made by Antlucl and Keonian_ for Harlon City Server only. It is strictly not permitted to modify or use this model for any other project. This model has been created using the Blockbench software.",
	"textures": {
		"66": "block/HT-is-info-dest-terminateshere",
		"particle": "block/light_gray_concrete"
	},
	"elements": [
		{
			"name": "Dest-Station",
			"from": [8.1, 17.05, -1.64375],
			"to": [12.1, 19.55, -1.64375],
			"rotation": {"angle": 22.5, "axis": "x", "origin": [16, -1.55, 3.90625]},
			"faces": {
				"north": {"uv": [0, 0, 0, 0], "texture": "#missing"},
				"east": {"uv": [0, 0, 0, 0], "texture": "#missing"},
				"south": {"uv": [0, 0, 15.89, 15.885], "texture": "#66"},
				"west": {"uv": [0, 0, 0, 0], "texture": "#missing"},
				"up": {"uv": [0, 0, 0, 0], "texture": "#missing"},
				"down": {"uv": [0, 0, 0, 0], "texture": "#missing"}
			}
		}
	],
	"display": {
		"thirdperson_righthand": {
			"scale": [4, 4, 4]
		},
		"head": {
			"scale": [4, 4, 4]
		}
	}
}