{
	"credit": "Made with Blockbench",
	"textures": {
		"3": "block/acacia_log",
		"56": "block/black_concrete",
		"65": "block/blackstone_top",
		"80": "block/bone_block_side",
		"81": "block/bone_block_top",
		"189": "block/cyan_terracotta",
		"206": "block/dead_brain_coral_block",
		"265": "block/fire_coral_block",
		"280": "block/glass",
		"295": "block/gray_concrete_powder",
		"301": "block/gray_wool",
		"314": "block/hay_block_top",
		"372": "block/light_gray_concrete_powder",
		"374": "block/light_gray_shulker_box",
		"389": "block/lime_terracotta",
		"518": "block/red_shulker_box",
		"560": "block/shroomlight",
		"684": "block/white_terracotta",
		"686": "block/white_wool",
		"694": "block/yellow_terracotta",
		"particle": "block/acacia_door_bottom"
	},
	"elements": [
		{
			"from": [3.75, 1, -4.75],
			"to": [12.25, 1.25, 1.25],
			"rotation": {"angle": 0, "axis": "y", "origin": [-3.5, -4, -1.75]},
			"faces": {
				"north": {"uv": [0, 0, 6, 0.25], "texture": "#301"},
				"east": {"uv": [0, 0, 6, 0.25], "texture": "#301"},
				"south": {"uv": [0, 0, 6, 0.25], "texture": "#301"},
				"west": {"uv": [0, 0, 6, 0.25], "texture": "#301"},
				"up": {"uv": [0, 0, 8.5, 6], "texture": "#314"},
				"down": {"uv": [0, 0, 8.5, 6], "texture": "#301"}
			}
		},
		{
			"from": [12.25, 1.25, -4.75],
			"to": [14.25, 15.25, 1.25],
			"rotation": {"angle": 0, "axis": "y", "origin": [7, 9, -1.75]},
			"faces": {
				"north": {"uv": [6, 0, 0, 14], "texture": "#301"},
				"east": {"uv": [6, 0, 0, 14], "texture": "#301"},
				"south": {"uv": [6, 0, 0, 14], "texture": "#301"},
				"west": {"uv": [6, 0, 0, 14], "texture": "#301"},
				"up": {"uv": [2, 0, 0, 6], "texture": "#301"},
				"down": {"uv": [2, 0, 0, 6], "texture": "#301"}
			}
		},
		{
			"from": [3.75, 14, -4.75],
			"to": [12.25, 15.75, 1.25],
			"rotation": {"angle": 0, "axis": "y", "origin": [-3.5, 9, -1.75]},
			"faces": {
				"north": {"uv": [6, 0, 0, 1.75], "texture": "#301"},
				"east": {"uv": [6, 0, 0, 1.75], "texture": "#301"},
				"south": {"uv": [6, 0, 0, 1.75], "texture": "#301"},
				"west": {"uv": [6, 0, 0, 1.75], "texture": "#301"},
				"up": {"uv": [8.5, 0, 0, 6], "texture": "#301"},
				"down": {"uv": [8.5, 0, 0, 6], "texture": "#301"}
			}
		},
		{
			"from": [1.75, 1.25, -4.75],
			"to": [3.75, 15.25, 1.25],
			"rotation": {"angle": 0, "axis": "y", "origin": [-3.5, 9, -1.75]},
			"faces": {
				"north": {"uv": [6, 0, 0, 14], "texture": "#301"},
				"east": {"uv": [6, 0, 0, 14], "texture": "#301"},
				"south": {"uv": [6, 0, 0, 14], "texture": "#301"},
				"west": {"uv": [6, 0, 0, 14], "texture": "#301"},
				"up": {"uv": [2, 0, 0, 6], "texture": "#301"},
				"down": {"uv": [2, 0, 0, 6], "texture": "#301"}
			}
		},
		{
			"from": [14.25, 1, 1.25],
			"to": [15, 6, 7.75],
			"rotation": {"angle": 0, "axis": "y", "origin": [19.5, 9, 3.25]},
			"faces": {
				"north": {"uv": [0, 0, 0.75, 5], "texture": "#389"},
				"east": {"uv": [0, 0, 6.5, 5], "texture": "#389"},
				"south": {"uv": [0, 0, 0.75, 5], "texture": "#missing"},
				"west": {"uv": [0, 0, 6.5, 5], "texture": "#684"},
				"up": {"uv": [0, 0, 0.75, 6.5], "texture": "#missing"},
				"down": {"uv": [0, 0, 0.75, 6.5], "texture": "#206"}
			}
		},
		{
			"from": [14.25, 6, 1.25],
			"to": [15, 15.25, 2.5],
			"rotation": {"angle": 0, "axis": "y", "origin": [19.5, 11.5, 5]},
			"faces": {
				"north": {"uv": [0, 0, 0.5, 9.25], "texture": "#56"},
				"east": {"uv": [0, 0, 0.5, 9.25], "texture": "#56"},
				"south": {"uv": [0, 0, 0.5, 9.25], "texture": "#56"},
				"west": {"uv": [0, 0, 0.5, 9.25], "texture": "#56"},
				"up": {"uv": [0, 0, 0.5, 9.25], "texture": "#56"},
				"down": {"uv": [0, 0, 0.5, 9.25], "texture": "#56"}
			}
		},
		{
			"from": [1, 6, 1.25],
			"to": [1.75, 15.25, 2.5],
			"rotation": {"angle": 0, "axis": "y", "origin": [6.25, 11.5, 5]},
			"faces": {
				"north": {"uv": [0, 0, 0.5, 9.25], "texture": "#56"},
				"east": {"uv": [0, 0, 0.5, 9.25], "texture": "#56"},
				"south": {"uv": [0, 0, 0.5, 9.25], "texture": "#56"},
				"west": {"uv": [0, 0, 0.5, 9.25], "texture": "#56"},
				"up": {"uv": [0, 0, 0.5, 9.25], "texture": "#56"},
				"down": {"uv": [0, 0, 0.5, 9.25], "texture": "#56"}
			}
		},
		{
			"from": [14.25, 6, 7.5],
			"to": [15, 15.25, 7.75],
			"rotation": {"angle": 0, "axis": "y", "origin": [19.5, 11.5, 10.5]},
			"faces": {
				"north": {"uv": [0, 0, 0.25, 9.25], "texture": "#56"},
				"east": {"uv": [0, 0, 0.25, 9.25], "texture": "#56"},
				"south": {"uv": [0, 0, 0.25, 9.25], "texture": "#56"},
				"west": {"uv": [0, 0, 0.25, 9.25], "texture": "#56"},
				"up": {"uv": [0, 0, 0.25, 9.25], "texture": "#56"},
				"down": {"uv": [0, 0, 0.25, 9.25], "texture": "#56"}
			}
		},
		{
			"from": [14.25, 13, 2.5],
			"to": [15, 15.25, 7.5],
			"rotation": {"angle": 0, "axis": "y", "origin": [19.5, 11.5, 2]},
			"faces": {
				"north": {"uv": [0, 0, 8, 2.25], "texture": "#56"},
				"east": {"uv": [0, 0, 8, 2.25], "texture": "#56"},
				"south": {"uv": [0, 0, 8, 2.25], "texture": "#56"},
				"west": {"uv": [0, 0, 8, 2.25], "texture": "#56"},
				"up": {"uv": [0, 0, 8, 2.25], "texture": "#56"},
				"down": {"uv": [0, 0, 8, 2.25], "texture": "#56"}
			}
		},
		{
			"from": [14.25, 1, 7.75],
			"to": [15, 1.25, 15.25],
			"rotation": {"angle": 0, "axis": "y", "origin": [19.5, 9, 15.75]},
			"faces": {
				"north": {"uv": [0, 0, 0.75, 7.5], "texture": "#189"},
				"east": {"uv": [0, 0, 0.75, 7.5], "texture": "#189"},
				"south": {"uv": [0, 0, 0.75, 7.5], "texture": "#189"},
				"west": {"uv": [0, 0, 0.75, 7.5], "texture": "#189"},
				"up": {"uv": [0, 0, 0.75, 7.5], "texture": "#189"},
				"down": {"uv": [0, 0, 0.75, 7.5], "texture": "#189"}
			}
		},
		{
			"from": [14.25, 1.25, 7.75],
			"to": [15, 13, 8],
			"rotation": {"angle": 0, "axis": "y", "origin": [19.5, 9.25, 15.75]},
			"faces": {
				"north": {"uv": [0, 0, 0.75, 11.75], "texture": "#189"},
				"east": {"uv": [0, 0, 0.75, 11.75], "texture": "#189"},
				"south": {"uv": [0, 0, 0.75, 11.75], "texture": "#189"},
				"west": {"uv": [0, 0, 0.75, 11.75], "texture": "#189"},
				"up": {"uv": [0, 0, 0.75, 11.75], "texture": "#189"},
				"down": {"uv": [0, 0, 0.75, 11.75], "texture": "#189"}
			}
		},
		{
			"from": [14.25, 1.25, 15],
			"to": [15, 13, 15.25],
			"rotation": {"angle": 0, "axis": "y", "origin": [19.5, 9.25, 23]},
			"faces": {
				"north": {"uv": [0, 0, 0.75, 11.75], "texture": "#189"},
				"east": {"uv": [0, 0, 0.75, 11.75], "texture": "#189"},
				"south": {"uv": [0, 0, 0.75, 11.75], "texture": "#189"},
				"west": {"uv": [0, 0, 0.75, 11.75], "texture": "#189"},
				"up": {"uv": [0, 0, 0.75, 11.75], "texture": "#189"},
				"down": {"uv": [0, 0, 0.75, 11.75], "texture": "#189"}
			}
		},
		{
			"from": [14.25, 13, 7.75],
			"to": [15, 15.25, 15.25],
			"rotation": {"angle": 0, "axis": "y", "origin": [19.5, 11.5, 10.25]},
			"faces": {
				"north": {"uv": [0, 0, 7.5, 2.25], "texture": "#56"},
				"east": {"uv": [0, 0, 7.5, 2.25], "texture": "#56"},
				"south": {"uv": [0, 0, 7.5, 2.25], "texture": "#56"},
				"west": {"uv": [0, 0, 7.5, 2.25], "texture": "#56"},
				"up": {"uv": [0, 0, 7.5, 2.25], "texture": "#56"},
				"down": {"uv": [0, 0, 7.5, 2.25], "texture": "#56"}
			}
		},
		{
			"from": [14.25, 1, 15.25],
			"to": [15, 6, 16],
			"rotation": {"angle": 0, "axis": "y", "origin": [19.5, 9, 23.25]},
			"faces": {
				"north": {"uv": [0, 0, 0.75, 5], "texture": "#missing"},
				"east": {"uv": [0, 0, 0.75, 5], "texture": "#389"},
				"south": {"uv": [0, 0, 0.75, 5], "texture": "#missing"},
				"west": {"uv": [0, 0, 0.75, 5], "texture": "#684"},
				"up": {"uv": [0, 0, 0.75, 0.75], "texture": "#missing"},
				"down": {"uv": [0, 0, 0.75, 0.75], "texture": "#206"}
			}
		},
		{
			"from": [13, 1, 16],
			"to": [15, 4, 16.25],
			"rotation": {"angle": 0, "axis": "y", "origin": [19.5, 9, 20]},
			"faces": {
				"north": {"uv": [0, 0, 2, 3], "texture": "#3"},
				"east": {"uv": [0, 0, 0.25, 3], "texture": "#189"},
				"south": {"uv": [0, 0, 2, 3], "texture": "#189"},
				"west": {"uv": [0, 0, 0.25, 3], "texture": "#missing"},
				"up": {"uv": [0, 0, 2, 0.25], "texture": "#missing"},
				"down": {"uv": [0, 0, 2, 0.25], "texture": "#206"}
			}
		},
		{
			"from": [12.25, 1, 16],
			"to": [13, 6, 20.5],
			"rotation": {"angle": 0, "axis": "y", "origin": [19.5, 9, 23.25]},
			"faces": {
				"north": {"uv": [0, 0, 0.75, 5], "texture": "#3"},
				"east": {"uv": [0, 0, 4.5, 5], "texture": "#189"},
				"south": {"uv": [0, 0, 0.75, 5], "texture": "#3"},
				"west": {"uv": [0, 0, 4.5, 5], "texture": "#3"},
				"up": {"uv": [0, 0, 0.75, 4.5], "texture": "#3"},
				"down": {"uv": [0, 0, 0.75, 4.5], "texture": "#206"}
			}
		},
		{
			"from": [13, 3.75, 16.25],
			"to": [15, 4, 20.25],
			"rotation": {"angle": 0, "axis": "y", "origin": [19.5, 9, 20]},
			"faces": {
				"north": {"uv": [0, 0, 2, 0.25], "texture": "#missing"},
				"east": {"uv": [0, 0, 4, 0.25], "texture": "#189"},
				"south": {"uv": [0, 0, 2, 0.25], "texture": "#missing"},
				"west": {"uv": [0, 0, 4, 0.25], "texture": "#missing"},
				"up": {"uv": [0, 0, 2, 4], "texture": "#missing"},
				"down": {"uv": [0, 0, 2, 4], "texture": "#189"}
			}
		},
		{
			"from": [13, 4, 16],
			"to": [15, 6, 20.5],
			"rotation": {"angle": 0, "axis": "y", "origin": [19.5, 9, 24.25]},
			"faces": {
				"north": {"uv": [0, 0, 2, 2], "texture": "#3"},
				"east": {"uv": [0, 0, 4.5, 2], "texture": "#389"},
				"south": {"uv": [0, 0, 2, 2], "texture": "#3"},
				"west": {"uv": [0, 0, 4.5, 2], "texture": "#missing"},
				"up": {"uv": [0, 0, 2, 4.5], "texture": "#3"},
				"down": {"uv": [0, 0, 2, 4.5], "texture": "#missing"}
			}
		},
		{
			"from": [13, 1, 20.25],
			"to": [15, 4, 20.5],
			"rotation": {"angle": 0, "axis": "y", "origin": [19.5, 9, 24.25]},
			"faces": {
				"north": {"uv": [0, 0, 2, 3], "texture": "#189"},
				"east": {"uv": [0, 0, 0.25, 3], "texture": "#189"},
				"south": {"uv": [0, 0, 2, 3], "texture": "#3"},
				"west": {"uv": [0, 0, 0.25, 3], "texture": "#missing"},
				"up": {"uv": [0, 0, 2, 0.25], "texture": "#missing"},
				"down": {"uv": [0, 0, 2, 0.25], "texture": "#206"}
			}
		},
		{
			"from": [14.25, 6, 15.25],
			"to": [15, 15.25, 15.5],
			"rotation": {"angle": 0, "axis": "y", "origin": [19.5, 11.5, 18.25]},
			"faces": {
				"north": {"uv": [0, 0, 0.25, 9.25], "texture": "#56"},
				"east": {"uv": [0, 0, 0.25, 9.25], "texture": "#56"},
				"south": {"uv": [0, 0, 0.25, 9.25], "texture": "#56"},
				"west": {"uv": [0, 0, 0.25, 9.25], "texture": "#56"},
				"up": {"uv": [0, 0, 0.25, 9.25], "texture": "#56"},
				"down": {"uv": [0, 0, 0.25, 9.25], "texture": "#56"}
			}
		},
		{
			"from": [14.25, 1, 20.5],
			"to": [15, 6, 28.75],
			"rotation": {"angle": 0, "axis": "y", "origin": [19.5, 9, 27.5]},
			"faces": {
				"north": {"uv": [0, 0, 0.75, 5], "texture": "#missing"},
				"east": {"uv": [0, 0, 8.25, 5], "texture": "#389"},
				"south": {"uv": [0, 0, 0.75, 5], "texture": "#389"},
				"west": {"uv": [0, 0, 8.25, 5], "texture": "#684"},
				"up": {"uv": [0, 0, 0.75, 8.25], "texture": "#missing"},
				"down": {"uv": [0, 0, 0.75, 8.25], "texture": "#206"}
			}
		},
		{
			"from": [14.25, 6, 23.5],
			"to": [15, 15.25, 24],
			"rotation": {"angle": 0, "axis": "y", "origin": [19.5, 11.5, 26.5]},
			"faces": {
				"north": {"uv": [0, 0, 0.5, 9.25], "texture": "#56"},
				"east": {"uv": [0, 0, 0.5, 9.25], "texture": "#56"},
				"south": {"uv": [0, 0, 0.5, 9.25], "texture": "#56"},
				"west": {"uv": [0, 0, 0.5, 9.25], "texture": "#56"},
				"up": {"uv": [0, 0, 0.5, 9.25], "texture": "#56"},
				"down": {"uv": [0, 0, 0.5, 9.25], "texture": "#56"}
			}
		},
		{
			"from": [14.25, 6, 27.5],
			"to": [15, 15.25, 27.75],
			"rotation": {"angle": 0, "axis": "y", "origin": [19.5, 11.5, 30.5]},
			"faces": {
				"north": {"uv": [0, 0, 0.25, 9.25], "texture": "#56"},
				"east": {"uv": [0, 0, 0.25, 9.25], "texture": "#56"},
				"south": {"uv": [0, 0, 0.25, 9.25], "texture": "#56"},
				"west": {"uv": [0, 0, 0.25, 9.25], "texture": "#56"},
				"up": {"uv": [0, 0, 0.25, 9.25], "texture": "#56"},
				"down": {"uv": [0, 0, 0.25, 9.25], "texture": "#56"}
			}
		},
		{
			"from": [13.5, 9.25, 30],
			"to": [14.25, 13, 30.75],
			"rotation": {"angle": 0, "axis": "y", "origin": [19.5, 14, 29.75]},
			"faces": {
				"north": {"uv": [0, 0, 0.75, 3.5], "texture": "#56"},
				"east": {"uv": [0, 0, 0.75, 3.5], "texture": "#56"},
				"south": {"uv": [0, 0, 0.75, 3.5], "texture": "#56"},
				"west": {"uv": [0, 0, 0.75, 3.5], "texture": "#56"},
				"up": {"uv": [0, 0, 0.75, 3.5], "texture": "#56"},
				"down": {"uv": [0, 0, 0.75, 3.5], "texture": "#56"}
			}
		},
		{
			"from": [8, 0.75, 30],
			"to": [15, 6.25, 32],
			"rotation": {"angle": 22.5, "axis": "x", "origin": [19.5, 9.25, 31]},
			"faces": {
				"north": {"uv": [0, 0, 7, 5.5], "texture": "#189"},
				"east": {"uv": [0, 0, 2, 5.5], "texture": "#389"},
				"south": {"uv": [0, 0, 7, 5.5], "texture": "#389"},
				"west": {"uv": [0, 0, 2, 5.5], "texture": "#missing"},
				"up": {"uv": [0, 0, 7, 2], "texture": "#389"},
				"down": {"uv": [0, 0, 7, 2], "texture": "#missing"}
			}
		},
		{
			"from": [14.25, 6, 27.75],
			"to": [15, 15.25, 30.75],
			"rotation": {"angle": 0, "axis": "y", "origin": [19.5, 14, 29.75]},
			"faces": {
				"north": {"uv": [0, 0, 0.75, 9.25], "texture": "#missing"},
				"east": {"uv": [0, 0, 3, 9.25], "texture": "#389"},
				"south": {"uv": [0, 0, 0.75, 9.25], "texture": "#389"},
				"west": {"uv": [0, 0, 3, 9.25], "texture": "#684"},
				"up": {"uv": [0, 0, 0.75, 3], "texture": "#missing"},
				"down": {"uv": [0, 0, 0.75, 3], "texture": "#missing"}
			}
		},
		{
			"from": [8, 6, 30],
			"to": [14.25, 9.25, 30.75],
			"rotation": {"angle": 0, "axis": "y", "origin": [19.5, 14, 29.75]},
			"faces": {
				"north": {"uv": [0, 0, 6.25, 3.25], "texture": "#684"},
				"east": {"uv": [0, 0, 0.75, 3.25], "texture": "#missing"},
				"south": {"uv": [0, 0, 6.25, 3.25], "texture": "#389"},
				"west": {"uv": [0, 0, 0.75, 3.25], "texture": "#missing"},
				"up": {"uv": [0, 0, 6.25, 0.75], "texture": "#missing"},
				"down": {"uv": [0, 0, 6.25, 0.75], "texture": "#missing"}
			}
		},
		{
			"from": [8, 9.25, 30],
			"to": [13.5, 9.75, 30.75],
			"rotation": {"angle": 0, "axis": "y", "origin": [18.75, 14, 29.75]},
			"faces": {
				"north": {"uv": [0, 0, 5.5, 0.25], "texture": "#56"},
				"east": {"uv": [0, 0, 5.5, 0.25], "texture": "#56"},
				"south": {"uv": [0, 0, 5.5, 0.25], "texture": "#56"},
				"west": {"uv": [0, 0, 5.5, 0.25], "texture": "#56"},
				"up": {"uv": [0, 0, 5.5, 0.25], "texture": "#56"},
				"down": {"uv": [0, 0, 5.5, 0.25], "texture": "#56"}
			}
		},
		{
			"from": [8, 13, 30],
			"to": [14.25, 15.25, 30.75],
			"rotation": {"angle": 0, "axis": "y", "origin": [18.75, 17.5, 29.75]},
			"faces": {
				"north": {"uv": [0, 0, 6.25, 2.25], "texture": "#56"},
				"east": {"uv": [0, 0, 6.25, 2.25], "texture": "#56"},
				"south": {"uv": [0, 0, 6.25, 2.25], "texture": "#56"},
				"west": {"uv": [0, 0, 6.25, 2.25], "texture": "#56"},
				"up": {"uv": [0, 0, 6.25, 2.25], "texture": "#56"},
				"down": {"uv": [0, 0, 6.25, 2.25], "texture": "#56"}
			}
		},
		{
			"from": [14.25, 13, 15.5],
			"to": [15, 15.25, 23.5],
			"rotation": {"angle": 0, "axis": "y", "origin": [19.5, 11.5, 18]},
			"faces": {
				"north": {"uv": [0, 0, 8, 2.25], "texture": "#56"},
				"east": {"uv": [0, 0, 8, 2.25], "texture": "#56"},
				"south": {"uv": [0, 0, 8, 2.25], "texture": "#56"},
				"west": {"uv": [0, 0, 8, 2.25], "texture": "#56"},
				"up": {"uv": [0, 0, 8, 2.25], "texture": "#56"},
				"down": {"uv": [0, 0, 8, 2.25], "texture": "#56"}
			}
		},
		{
			"from": [14.25, 13, 24],
			"to": [15, 15.25, 27.5],
			"rotation": {"angle": 0, "axis": "y", "origin": [19.5, 11.5, 22]},
			"faces": {
				"north": {"uv": [0, 0, 3.5, 2.25], "texture": "#56"},
				"east": {"uv": [0, 0, 3.5, 2.25], "texture": "#56"},
				"south": {"uv": [0, 0, 3.5, 2.25], "texture": "#56"},
				"west": {"uv": [0, 0, 3.5, 2.25], "texture": "#56"},
				"up": {"uv": [0, 0, 3.5, 2.25], "texture": "#56"},
				"down": {"uv": [0, 0, 3.5, 2.25], "texture": "#56"}
			}
		},
		{
			"from": [12.25, 1, 1.25],
			"to": [14.25, 1.25, 16],
			"rotation": {"angle": 0, "axis": "y", "origin": [18.75, 9, 15.75]},
			"faces": {
				"north": {"uv": [0, 0, 2, 0.25], "texture": "#389"},
				"east": {"uv": [0, 0, 14.75, 0.25], "texture": "#missing"},
				"south": {"uv": [0, 0, 2, 0.25], "texture": "#missing"},
				"west": {"uv": [0, 0, 14.75, 0.25], "texture": "#missing"},
				"up": {"uv": [0, 0, 2, 14.75], "texture": "#372"},
				"down": {"uv": [0, 0, 2, 14.75], "texture": "#206"}
			}
		},
		{
			"from": [12.25, 1, 20.5],
			"to": [14.25, 1.25, 28.75],
			"rotation": {"angle": 0, "axis": "y", "origin": [16.75, 9, 15.75]},
			"faces": {
				"north": {"uv": [0, 0, 2, 0.25], "texture": "#missing"},
				"east": {"uv": [0, 0, 8.25, 0.25], "texture": "#missing"},
				"south": {"uv": [0, 0, 2, 0.25], "texture": "#389"},
				"west": {"uv": [0, 0, 8.25, 0.25], "texture": "#missing"},
				"up": {"uv": [0, 0, 2, 8.25], "texture": "#missing"},
				"down": {"uv": [0, 0, 2, 8.25], "texture": "#206"}
			}
		},
		{
			"from": [8, 15.25, 30],
			"to": [14.25, 15.5, 30.75],
			"rotation": {"angle": 0, "axis": "y", "origin": [19.5, 12.25, -7.5]},
			"faces": {
				"north": {"uv": [0, 0, 6.25, 0.75], "texture": "#missing"},
				"east": {"uv": [0, 0, 6.25, 0.75], "texture": "#missing"},
				"south": {"uv": [0, 0, 6.25, 0.75], "texture": "#389"},
				"west": {"uv": [0, 0, 6.25, 0.75], "texture": "#missing"},
				"up": {"uv": [0, 0, 6.25, 0.75], "texture": "#389"},
				"down": {"uv": [0, 0, 6.25, 0.75], "texture": "#missing"}
			}
		},
		{
			"from": [14.25, 15.25, 1.25],
			"to": [15, 15.5, 30.75],
			"rotation": {"angle": 0, "axis": "y", "origin": [19.5, 12.25, -7.5]},
			"faces": {
				"north": {"uv": [0, 0, 0.75, 16], "texture": "#389"},
				"east": {"uv": [0, 0, 0.75, 16], "texture": "#389"},
				"south": {"uv": [0, 0, 0.75, 16], "texture": "#389"},
				"west": {"uv": [0, 0, 0.75, 16], "texture": "#missing"},
				"up": {"uv": [0, 0, 0.75, 16], "texture": "#389"},
				"down": {"uv": [0, 0, 0.75, 16], "texture": "#missing"}
			}
		},
		{
			"from": [8, 15.25, 1.25],
			"to": [14.25, 15.5, 30],
			"rotation": {"angle": 0, "axis": "y", "origin": [19.5, 12.25, -7]},
			"faces": {
				"north": {"uv": [0, 0, 6.25, 0.25], "texture": "#389"},
				"east": {"uv": [0, 0, 16, 0.25], "texture": "#missing"},
				"south": {"uv": [0, 0, 6.25, 0.25], "texture": "#missing"},
				"west": {"uv": [0, 0, 16, 0.25], "texture": "#missing"},
				"up": {"uv": [0, 0, 6.25, 16], "texture": "#389"},
				"down": {"uv": [0, 0, 6.25, 16], "texture": "#80"}
			}
		},
		{
			"from": [8, 1, 1.25],
			"to": [12.25, 1.25, 28.75],
			"rotation": {"angle": 0, "axis": "y", "origin": [16.75, 9, 15.75]},
			"faces": {
				"north": {"uv": [0, 0, 4.25, 0.25], "texture": "#missing"},
				"east": {"uv": [0, 0, 16, 0.25], "texture": "#missing"},
				"south": {"uv": [0, 0, 4.25, 0.25], "texture": "#389"},
				"west": {"uv": [0, 0, 16, 0.25], "texture": "#missing"},
				"up": {"uv": [0, 0, 4.25, 16], "texture": "#372"},
				"down": {"uv": [0, 0, 4.25, 16], "texture": "#206"}
			}
		},
		{
			"from": [1, 1, 1.25],
			"to": [1.75, 6, 15.25],
			"rotation": {"angle": 0, "axis": "y", "origin": [-3.5, 9, 3.25]},
			"faces": {
				"north": {"uv": [0.75, 0, 1.5, 5], "texture": "#389"},
				"east": {"uv": [0, 0, 14, 5], "texture": "#684"},
				"south": {"uv": [0.75, 0, 1.5, 5], "texture": "#missing"},
				"west": {"uv": [0, 0, 14, 5], "texture": "#389"},
				"up": {"uv": [0.75, 0, 1.5, 14], "texture": "#missing"},
				"down": {"uv": [0.75, 0, 1.5, 14], "texture": "#206"}
			}
		},
		{
			"from": [1.75, 1.25, 1.25],
			"to": [3.75, 15.25, 1.5],
			"rotation": {"angle": 0, "axis": "y", "origin": [-1.5, 9, 1.25]},
			"faces": {
				"north": {"uv": [0.75, 0, 2.75, 14], "texture": "#684"},
				"east": {"uv": [0.75, 0, 1, 14], "texture": "#684"},
				"south": {"uv": [0.75, 0, 2.75, 14], "texture": "#684"},
				"west": {"uv": [0.75, 0, 2.75, 14], "texture": "#684"},
				"up": {"uv": [0.75, 0, 2.75, 14], "texture": "#684"},
				"down": {"uv": [0.75, 0, 2.75, 14], "texture": "#684"}
			}
		},
		{
			"from": [12.25, 1.25, 1.25],
			"to": [14.25, 15.25, 1.5],
			"rotation": {"angle": 0, "axis": "y", "origin": [9, 9, 1.25]},
			"faces": {
				"north": {"uv": [0.75, 0, 2.75, 14], "texture": "#684"},
				"east": {"uv": [0.75, 0, 2.75, 14], "texture": "#684"},
				"south": {"uv": [0.75, 0, 2.75, 14], "texture": "#684"},
				"west": {"uv": [0.75, 0, 1, 14], "texture": "#684"},
				"up": {"uv": [0.75, 0, 2.75, 14], "texture": "#684"},
				"down": {"uv": [0.75, 0, 2.75, 14], "texture": "#684"}
			}
		},
		{
			"from": [3.75, 14, 1.25],
			"to": [12.25, 15.25, 1.5],
			"rotation": {"angle": 0, "axis": "y", "origin": [7, 9, 1.25]},
			"faces": {
				"north": {"uv": [0.75, 0, 2.75, 14], "texture": "#684"},
				"east": {"uv": [0.75, 0, 2.75, 14], "texture": "#684"},
				"south": {"uv": [0.75, 0, 9.25, 1.25], "texture": "#684"},
				"west": {"uv": [0.75, 0, 2.75, 14], "texture": "#684"},
				"up": {"uv": [0.75, 0, 2.75, 14], "texture": "#684"},
				"down": {"uv": [0.75, 0, 9.25, 0.25], "texture": "#684"}
			}
		},
		{
			"from": [1, 6, 7.5],
			"to": [1.75, 15.25, 8],
			"rotation": {"angle": 0, "axis": "y", "origin": [-3.5, 11.5, 10.5]},
			"faces": {
				"north": {"uv": [0.25, 0, 0.75, 9.25], "texture": "#56"},
				"east": {"uv": [0.25, 0, 0.75, 9.25], "texture": "#56"},
				"south": {"uv": [0.25, 0, 0.75, 9.25], "texture": "#56"},
				"west": {"uv": [0.25, 0, 0.75, 9.25], "texture": "#56"},
				"up": {"uv": [0.25, 0, 0.75, 9.25], "texture": "#56"},
				"down": {"uv": [0.25, 0, 0.75, 9.25], "texture": "#56"}
			}
		},
		{
			"from": [1, 13, 2.5],
			"to": [1.75, 15.25, 7.5],
			"rotation": {"angle": 0, "axis": "y", "origin": [-3.5, 11.5, 2]},
			"faces": {
				"north": {"uv": [8, 0, 0, 2.25], "texture": "#56"},
				"east": {"uv": [8, 0, 0, 2.25], "texture": "#56"},
				"south": {"uv": [8, 0, 0, 2.25], "texture": "#56"},
				"west": {"uv": [8, 0, 0, 2.25], "texture": "#56"},
				"up": {"uv": [8, 0, 0, 2.25], "texture": "#56"},
				"down": {"uv": [8, 0, 0, 2.25], "texture": "#56"}
			}
		},
		{
			"from": [1, 13, 8],
			"to": [1.75, 15.25, 15],
			"rotation": {"angle": 0, "axis": "y", "origin": [-3.5, 11.5, 10.25]},
			"faces": {
				"north": {"uv": [7.5, 0, 14.5, 2.25], "texture": "#56"},
				"east": {"uv": [7.5, 0, 14.5, 2.25], "texture": "#56"},
				"south": {"uv": [7.5, 0, 14.5, 2.25], "texture": "#56"},
				"west": {"uv": [7.5, 0, 14.5, 2.25], "texture": "#56"},
				"up": {"uv": [7.5, 0, 14.5, 2.25], "texture": "#56"},
				"down": {"uv": [7.5, 0, 14.5, 2.25], "texture": "#56"}
			}
		},
		{
			"from": [1, 1, 15.25],
			"to": [1.75, 6, 16],
			"rotation": {"angle": 0, "axis": "y", "origin": [-3.5, 9, 23.25]},
			"faces": {
				"north": {"uv": [0.75, 0, 0, 5], "texture": "#missing"},
				"east": {"uv": [0.75, 0, 0, 5], "texture": "#684"},
				"south": {"uv": [0.75, 0, 0, 5], "texture": "#missing"},
				"west": {"uv": [0.75, 0, 0, 5], "texture": "#389"},
				"up": {"uv": [0.75, 0, 0, 0.75], "texture": "#missing"},
				"down": {"uv": [0.75, 0, 0, 0.75], "texture": "#206"}
			}
		},
		{
			"from": [1, 1, 16],
			"to": [3, 4, 16.25],
			"rotation": {"angle": 0, "axis": "y", "origin": [-3.5, 9, 20]},
			"faces": {
				"north": {"uv": [2, 0, 0, 3], "texture": "#3"},
				"east": {"uv": [0.25, 0, 0, 3], "texture": "#missing"},
				"south": {"uv": [2, 0, 0, 3], "texture": "#189"},
				"west": {"uv": [0.25, 0, 0, 3], "texture": "#189"},
				"up": {"uv": [2, 0, 0, 0.25], "texture": "#missing"},
				"down": {"uv": [2, 0, 0, 0.25], "texture": "#206"}
			}
		},
		{
			"from": [3, 1, 16],
			"to": [3.75, 6, 20.5],
			"rotation": {"angle": 0, "axis": "y", "origin": [-3.5, 9, 23.25]},
			"faces": {
				"north": {"uv": [0, 0, 0.75, 5], "texture": "#3"},
				"east": {"uv": [4.5, 0, 0, 5], "texture": "#3"},
				"south": {"uv": [0.75, 0, 0, 5], "texture": "#3"},
				"west": {"uv": [4.5, 0, 0, 5], "texture": "#189"},
				"up": {"uv": [0.75, 0, 0, 4.5], "texture": "#3"},
				"down": {"uv": [4.5, 0, 0, 5], "texture": "#206"}
			}
		},
		{
			"from": [1, 3.75, 16.25],
			"to": [3, 4, 20.25],
			"rotation": {"angle": 0, "axis": "y", "origin": [-3.5, 9, 20]},
			"faces": {
				"north": {"uv": [2, 0, 0, 0.25], "texture": "#missing"},
				"east": {"uv": [4, 0, 0, 0.25], "texture": "#missing"},
				"south": {"uv": [2, 0, 0, 0.25], "texture": "#missing"},
				"west": {"uv": [4, 0, 0, 0.25], "texture": "#189"},
				"up": {"uv": [2, 0, 0, 4], "texture": "#missing"},
				"down": {"uv": [2, 0, 0, 4], "texture": "#189"}
			}
		},
		{
			"from": [1, 4, 16],
			"to": [3, 6, 20.5],
			"rotation": {"angle": 0, "axis": "y", "origin": [-3.5, 9, 24.25]},
			"faces": {
				"north": {"uv": [2, 0, 0, 2], "texture": "#3"},
				"east": {"uv": [4.5, 0, 0, 2], "texture": "#missing"},
				"south": {"uv": [2, 0, 0, 2], "texture": "#3"},
				"west": {"uv": [4.5, 0, 0, 2], "texture": "#389"},
				"up": {"uv": [2, 0, 0, 4.5], "texture": "#3"},
				"down": {"uv": [2, 0, 0, 4.5], "texture": "#missing"}
			}
		},
		{
			"from": [1, 1, 20.25],
			"to": [3, 4, 20.5],
			"rotation": {"angle": 0, "axis": "y", "origin": [-3.5, 9, 24.25]},
			"faces": {
				"north": {"uv": [2, 0, 0, 3], "texture": "#189"},
				"east": {"uv": [0.25, 0, 0, 3], "texture": "#missing"},
				"south": {"uv": [2, 0, 0, 3], "texture": "#3"},
				"west": {"uv": [0.25, 0, 0, 3], "texture": "#189"},
				"up": {"uv": [2, 0, 0, 0.25], "texture": "#missing"},
				"down": {"uv": [2, 0, 0, 0.25], "texture": "#206"}
			}
		},
		{
			"from": [1, 6, 15],
			"to": [1.75, 15.25, 15.5],
			"rotation": {"angle": 0, "axis": "y", "origin": [-3.5, 11.5, 18.25]},
			"faces": {
				"north": {"uv": [0.25, 0, 0.75, 9.25], "texture": "#56"},
				"east": {"uv": [0.25, 0, 0.75, 9.25], "texture": "#56"},
				"south": {"uv": [0.25, 0, 0.75, 9.25], "texture": "#56"},
				"west": {"uv": [0.25, 0, 0.75, 9.25], "texture": "#56"},
				"up": {"uv": [0.25, 0, 0.75, 9.25], "texture": "#56"},
				"down": {"uv": [0.25, 0, 0.75, 9.25], "texture": "#56"}
			}
		},
		{
			"from": [1.25, 6.25, 15.5],
			"to": [1.75, 7, 23.5],
			"rotation": {"angle": 0, "axis": "y", "origin": [-3.5, 11.5, 18.5]},
			"faces": {
				"north": {"uv": [8, 0, 16, 0.75], "texture": "#189"},
				"east": {"uv": [8, 0, 16, 0.75], "texture": "#189"},
				"south": {"uv": [8, 0, 16, 0.75], "texture": "#189"},
				"west": {"uv": [8, 0, 16, 0.75], "texture": "#189"},
				"up": {"uv": [8, 0, 16, 0.75], "texture": "#189"},
				"down": {"uv": [8, 0, 16, 0.75], "texture": "#189"}
			}
		},
		{
			"from": [1, 1, 20.5],
			"to": [1.75, 6, 28.75],
			"rotation": {"angle": 0, "axis": "y", "origin": [-3.5, 9, 27.5]},
			"faces": {
				"north": {"uv": [0.75, 0, 0, 5], "texture": "#missing"},
				"east": {"uv": [8.25, 0, 0, 5], "texture": "#684"},
				"south": {"uv": [0.75, 0, 0, 5], "texture": "#389"},
				"west": {"uv": [8.25, 0, 0, 5], "texture": "#389"},
				"up": {"uv": [0.75, 0, 0, 8.25], "texture": "#missing"},
				"down": {"uv": [0.75, 0, 0, 8.25], "texture": "#206"}
			}
		},
		{
			"from": [1, 6, 23.5],
			"to": [1.75, 15.25, 24],
			"rotation": {"angle": 0, "axis": "y", "origin": [-3.5, 11.5, 26.5]},
			"faces": {
				"north": {"uv": [0.5, 0, 0, 9.25], "texture": "#56"},
				"east": {"uv": [0.5, 0, 0, 9.25], "texture": "#56"},
				"south": {"uv": [0.5, 0, 0, 9.25], "texture": "#56"},
				"west": {"uv": [0.5, 0, 0, 9.25], "texture": "#56"},
				"up": {"uv": [0.5, 0, 0, 9.25], "texture": "#56"},
				"down": {"uv": [0.5, 0, 0, 9.25], "texture": "#56"}
			}
		},
		{
			"from": [1.25, 6.25, 24],
			"to": [1.75, 7, 27.5],
			"rotation": {"angle": 0, "axis": "y", "origin": [-3.5, 11.5, 27]},
			"faces": {
				"north": {"uv": [3.5, 0, 7, 0.75], "texture": "#189"},
				"east": {"uv": [3.5, 0, 7, 0.75], "texture": "#189"},
				"south": {"uv": [3.5, 0, 7, 0.75], "texture": "#189"},
				"west": {"uv": [3.5, 0, 7, 0.75], "texture": "#189"},
				"up": {"uv": [3.5, 0, 7, 0.75], "texture": "#189"},
				"down": {"uv": [3.5, 0, 7, 0.75], "texture": "#189"}
			}
		},
		{
			"from": [1, 6, 27.5],
			"to": [1.75, 15.25, 27.75],
			"rotation": {"angle": 0, "axis": "y", "origin": [-3.5, 11.5, 30.5]},
			"faces": {
				"north": {"uv": [0.25, 0, 0, 9.25], "texture": "#56"},
				"east": {"uv": [0.25, 0, 0, 9.25], "texture": "#56"},
				"south": {"uv": [0.25, 0, 0, 9.25], "texture": "#56"},
				"west": {"uv": [0.25, 0, 0, 9.25], "texture": "#56"},
				"up": {"uv": [0.25, 0, 0, 9.25], "texture": "#56"},
				"down": {"uv": [0.25, 0, 0, 9.25], "texture": "#56"}
			}
		},
		{
			"from": [1.75, 9.25, 30],
			"to": [2.5, 13, 30.75],
			"rotation": {"angle": 0, "axis": "y", "origin": [-3.5, 14, 29.75]},
			"faces": {
				"north": {"uv": [0.75, 0, 0, 3.5], "texture": "#56"},
				"east": {"uv": [0.75, 0, 0, 3.5], "texture": "#56"},
				"south": {"uv": [0.75, 0, 0, 3.5], "texture": "#56"},
				"west": {"uv": [0.75, 0, 0, 3.5], "texture": "#56"},
				"up": {"uv": [0.75, 0, 0, 3.5], "texture": "#56"},
				"down": {"uv": [0.75, 0, 0, 3.5], "texture": "#56"}
			}
		},
		{
			"from": [1, 0.75, 30],
			"to": [8, 6.25, 32],
			"rotation": {"angle": 22.5, "axis": "x", "origin": [-3.5, 9.25, 31]},
			"faces": {
				"north": {"uv": [7, 0, 0, 5.5], "texture": "#189"},
				"east": {"uv": [2, 0, 0, 5.5], "texture": "#missing"},
				"south": {"uv": [7, 0, 0, 5.5], "texture": "#389"},
				"west": {"uv": [2, 0, 0, 5.5], "texture": "#389"},
				"up": {"uv": [7, 0, 0, 2], "texture": "#389"},
				"down": {"uv": [7, 0, 0, 2], "texture": "#missing"}
			}
		},
		{
			"from": [1, 6, 27.75],
			"to": [1.75, 15.25, 30.75],
			"rotation": {"angle": 0, "axis": "y", "origin": [-3.5, 14, 29.75]},
			"faces": {
				"north": {"uv": [0.75, 0, 0, 9.25], "texture": "#missing"},
				"east": {"uv": [3, 0, 0, 9.25], "texture": "#684"},
				"south": {"uv": [0.75, 0, 0, 9.25], "texture": "#389"},
				"west": {"uv": [3, 0, 0, 9.25], "texture": "#389"},
				"up": {"uv": [0.75, 0, 0, 3], "texture": "#missing"},
				"down": {"uv": [0.75, 0, 0, 3], "texture": "#missing"}
			}
		},
		{
			"from": [1.75, 6, 30],
			"to": [8, 9.25, 30.75],
			"rotation": {"angle": 0, "axis": "y", "origin": [-3.5, 14, 29.75]},
			"faces": {
				"north": {"uv": [6.25, 0, 12.5, 3.25], "texture": "#684"},
				"east": {"uv": [0.75, 0, 1.5, 3.25], "texture": "#missing"},
				"south": {"uv": [6.25, 0, 12.5, 3.25], "texture": "#389"},
				"west": {"uv": [0.75, 0, 1.5, 3.25], "texture": "#missing"},
				"up": {"uv": [6.25, 0, 12.5, 0.75], "texture": "#missing"},
				"down": {"uv": [6.25, 0, 12.5, 0.75], "texture": "#missing"}
			}
		},
		{
			"from": [2.5, 9.25, 30],
			"to": [8, 9.75, 30.75],
			"rotation": {"angle": 0, "axis": "y", "origin": [-2.75, 14, 29.75]},
			"faces": {
				"north": {"uv": [5.5, 0, 0, 0.25], "texture": "#56"},
				"east": {"uv": [5.5, 0, 0, 0.25], "texture": "#56"},
				"south": {"uv": [5.5, 0, 0, 0.25], "texture": "#56"},
				"west": {"uv": [5.5, 0, 0, 0.25], "texture": "#56"},
				"up": {"uv": [5.5, 0, 0, 0.25], "texture": "#56"},
				"down": {"uv": [5.5, 0, 0, 0.25], "texture": "#56"}
			}
		},
		{
			"from": [1.75, 13, 30],
			"to": [8, 15.25, 30.75],
			"rotation": {"angle": 0, "axis": "y", "origin": [-2.75, 17.5, 29.75]},
			"faces": {
				"north": {"uv": [6.25, 0, 0, 2.25], "texture": "#56"},
				"east": {"uv": [6.25, 0, 0, 2.25], "texture": "#56"},
				"south": {"uv": [6.25, 0, 0, 2.25], "texture": "#56"},
				"west": {"uv": [6.25, 0, 0, 2.25], "texture": "#56"},
				"up": {"uv": [6.25, 0, 0, 2.25], "texture": "#56"},
				"down": {"uv": [6.25, 0, 0, 2.25], "texture": "#56"}
			}
		},
		{
			"from": [1, 13, 15.5],
			"to": [1.75, 15.25, 23.5],
			"rotation": {"angle": 0, "axis": "y", "origin": [-3.5, 11.5, 18]},
			"faces": {
				"north": {"uv": [8, 0, 0, 2.25], "texture": "#56"},
				"east": {"uv": [8, 0, 0, 2.25], "texture": "#56"},
				"south": {"uv": [8, 0, 0, 2.25], "texture": "#56"},
				"west": {"uv": [8, 0, 0, 2.25], "texture": "#56"},
				"up": {"uv": [8, 0, 0, 2.25], "texture": "#56"},
				"down": {"uv": [8, 0, 0, 2.25], "texture": "#56"}
			}
		},
		{
			"from": [1, 13, 24],
			"to": [1.75, 15.25, 27.5],
			"rotation": {"angle": 0, "axis": "y", "origin": [-3.5, 11.5, 22]},
			"faces": {
				"north": {"uv": [3.5, 0, 0, 2.25], "texture": "#56"},
				"east": {"uv": [3.5, 0, 0, 2.25], "texture": "#56"},
				"south": {"uv": [3.5, 0, 0, 2.25], "texture": "#56"},
				"west": {"uv": [3.5, 0, 0, 2.25], "texture": "#56"},
				"up": {"uv": [3.5, 0, 0, 2.25], "texture": "#56"},
				"down": {"uv": [3.5, 0, 0, 2.25], "texture": "#56"}
			}
		},
		{
			"from": [1.75, 1, 1.25],
			"to": [3.75, 1.25, 16],
			"rotation": {"angle": 0, "axis": "y", "origin": [-2.75, 9, 15.75]},
			"faces": {
				"north": {"uv": [2, 0, 0, 0.25], "texture": "#389"},
				"east": {"uv": [16, 0, 0, 0.25], "texture": "#missing"},
				"south": {"uv": [2, 0, 0, 0.25], "texture": "#missing"},
				"west": {"uv": [16, 0, 0, 0.25], "texture": "#missing"},
				"up": {"uv": [2, 0, 0, 14.75], "texture": "#372"},
				"down": {"uv": [2, 0, 0, 16], "texture": "#206"}
			}
		},
		{
			"from": [1.75, 1, 20.5],
			"to": [3.75, 1.25, 28.75],
			"rotation": {"angle": 0, "axis": "y", "origin": [-0.75, 9, 15.75]},
			"faces": {
				"north": {"uv": [2, 0, 0, 0.25], "texture": "#missing"},
				"east": {"uv": [8.25, 0, 0, 0.25], "texture": "#missing"},
				"south": {"uv": [2, 0, 0, 0.25], "texture": "#389"},
				"west": {"uv": [8.25, 0, 0, 0.25], "texture": "#missing"},
				"up": {"uv": [2, 0, 0, 8.25], "texture": "#missing"},
				"down": {"uv": [2, 0, 0, 8.25], "texture": "#206"}
			}
		},
		{
			"from": [1.75, 15.25, 30],
			"to": [8, 15.5, 30.75],
			"rotation": {"angle": 0, "axis": "y", "origin": [-3.5, 12.25, -7.5]},
			"faces": {
				"north": {"uv": [6.25, 0, 0, 0.75], "texture": "#missing"},
				"east": {"uv": [6.25, 0, 0, 0.75], "texture": "#missing"},
				"south": {"uv": [6.25, 0, 0, 0.75], "texture": "#389"},
				"west": {"uv": [6.25, 0, 0, 0.75], "texture": "#missing"},
				"up": {"uv": [6.25, 0, 0, 0.75], "texture": "#389"},
				"down": {"uv": [6.25, 0, 0, 0.75], "texture": "#missing"}
			}
		},
		{
			"from": [1, 15.25, 1.25],
			"to": [1.75, 15.5, 30.75],
			"rotation": {"angle": 0, "axis": "y", "origin": [-3.5, 12.25, -7.5]},
			"faces": {
				"north": {"uv": [0.75, 0, 0, 16], "texture": "#389"},
				"east": {"uv": [0.75, 0, 0, 16], "texture": "#missing"},
				"south": {"uv": [0.75, 0, 0, 16], "texture": "#389"},
				"west": {"uv": [0.75, 0, 0, 16], "texture": "#389"},
				"up": {"uv": [0.75, 0, 0, 16], "texture": "#389"},
				"down": {"uv": [0.75, 0, 0, 16], "texture": "#missing"}
			}
		},
		{
			"from": [1.75, 15.25, 1.25],
			"to": [8, 15.5, 30],
			"rotation": {"angle": 0, "axis": "y", "origin": [-3.5, 12.25, -7]},
			"faces": {
				"north": {"uv": [6.25, 0, 12.5, 0.25], "texture": "#389"},
				"east": {"uv": [0, 0, 16, 0.25], "texture": "#missing"},
				"south": {"uv": [6.25, 0, 12.5, 0.25], "texture": "#missing"},
				"west": {"uv": [0, 0, 16, 0.25], "texture": "#missing"},
				"up": {"uv": [6.25, 0, 12.5, 16], "texture": "#389"},
				"down": {"uv": [6.25, 0, 12.5, 16], "texture": "#80"}
			}
		},
		{
			"from": [2.75, 15.5, 16.75],
			"to": [13.25, 16.75, 27.75],
			"rotation": {"angle": 0, "axis": "y", "origin": [-3.5, 12.5, -6]},
			"faces": {
				"north": {"uv": [6.25, 0, 16.75, 1.25], "texture": "#389"},
				"east": {"uv": [6.25, 0, 17.25, 1.25], "texture": "#389"},
				"south": {"uv": [6.25, 0, 16.75, 1.25], "texture": "#389"},
				"west": {"uv": [6.25, 0, 17.25, 1.25], "texture": "#389"},
				"up": {"uv": [6.25, 0, 16.75, 11], "texture": "#389"},
				"down": {"uv": [6.25, 0, 16.75, 11], "texture": "#389"}
			}
		},
		{
			"from": [2.75, 15.5, 16],
			"to": [13.25, 16.25, 16.75],
			"rotation": {"angle": 0, "axis": "y", "origin": [-3.5, 12.5, -17]},
			"faces": {
				"north": {"uv": [6.25, 0, 16.75, 1.25], "texture": "#389"},
				"east": {"uv": [6.25, 0, 17.25, 1.25], "texture": "#389"},
				"south": {"uv": [6.25, 0, 16.75, 11], "texture": "#389"},
				"west": {"uv": [6.25, 0, 17.25, 1.25], "texture": "#389"},
				"up": {"uv": [6.25, 0, 16.75, 11], "texture": "#389"},
				"down": {"uv": [6.25, 0, 16.75, 11], "texture": "#389"}
			}
		},
		{
			"from": [1, 6, 2.5],
			"to": [1.75, 6.25, 7.5],
			"rotation": {"angle": 0, "axis": "y", "origin": [-3.5, 10.25, 7.5]},
			"faces": {
				"north": {"uv": [0.25, 0, 8.25, 0.25], "texture": "#56"},
				"east": {"uv": [0.25, 0, 8.25, 0.25], "texture": "#56"},
				"south": {"uv": [0.25, 0, 8.25, 0.25], "texture": "#56"},
				"west": {"uv": [0.25, 0, 8.25, 0.25], "texture": "#56"},
				"up": {"uv": [0.25, 0, 8.25, 0.25], "texture": "#56"},
				"down": {"uv": [0.25, 0, 8.25, 0.25], "texture": "#56"}
			}
		},
		{
			"from": [1, 6, 15.5],
			"to": [1.75, 6.25, 23.5],
			"rotation": {"angle": 0, "axis": "y", "origin": [-3.5, 10.25, 23.5]},
			"faces": {
				"north": {"uv": [0.25, 0, 8.25, 0.25], "texture": "#56"},
				"east": {"uv": [0.25, 0, 8.25, 0.25], "texture": "#56"},
				"south": {"uv": [0.25, 0, 8.25, 0.25], "texture": "#56"},
				"west": {"uv": [0.25, 0, 8.25, 0.25], "texture": "#56"},
				"up": {"uv": [0.25, 0, 8.25, 0.25], "texture": "#56"},
				"down": {"uv": [0.25, 0, 8.25, 0.25], "texture": "#56"}
			}
		},
		{
			"from": [1, 6, 24],
			"to": [1.75, 6.25, 27.5],
			"rotation": {"angle": 0, "axis": "y", "origin": [-3.5, 10.25, 27.5]},
			"faces": {
				"north": {"uv": [0.25, 0, 3.75, 0.25], "texture": "#56"},
				"east": {"uv": [0.25, 0, 3.75, 0.25], "texture": "#56"},
				"south": {"uv": [0.25, 0, 3.75, 0.25], "texture": "#56"},
				"west": {"uv": [0.25, 0, 3.75, 0.25], "texture": "#56"},
				"up": {"uv": [0.25, 0, 3.75, 0.25], "texture": "#56"},
				"down": {"uv": [0.25, 0, 3.75, 0.25], "texture": "#56"}
			}
		},
		{
			"from": [14.25, 6, 15.5],
			"to": [15, 6.25, 23.5],
			"rotation": {"angle": 0, "axis": "y", "origin": [9.75, 10.25, 23.5]},
			"faces": {
				"north": {"uv": [0.75, 0, 1.5, 8], "texture": "#56"},
				"east": {"uv": [0.75, 0, 1.5, 8], "texture": "#56"},
				"south": {"uv": [0.75, 0, 1.5, 8], "texture": "#56"},
				"west": {"uv": [0.75, 0, 1.5, 8], "texture": "#56"},
				"up": {"uv": [0.75, 0, 1.5, 8], "texture": "#56"},
				"down": {"uv": [0.75, 0, 1.5, 8], "texture": "#56"}
			}
		},
		{
			"from": [14.25, 6, 24],
			"to": [15, 6.25, 27.5],
			"rotation": {"angle": 0, "axis": "y", "origin": [9.75, 10.25, 27.5]},
			"faces": {
				"north": {"uv": [0.25, 0, 3.75, 0.25], "texture": "#56"},
				"east": {"uv": [0.25, 0, 3.75, 0.25], "texture": "#56"},
				"south": {"uv": [0.25, 0, 3.75, 0.25], "texture": "#56"},
				"west": {"uv": [0.25, 0, 3.75, 0.25], "texture": "#56"},
				"up": {"uv": [0.25, 0, 3.75, 0.25], "texture": "#56"},
				"down": {"uv": [0.25, 0, 3.75, 0.25], "texture": "#56"}
			}
		},
		{
			"from": [14.25, 6.25, 24],
			"to": [14.75, 7, 27.5],
			"rotation": {"angle": 0, "axis": "y", "origin": [9.5, 11.5, 27]},
			"faces": {
				"north": {"uv": [3.5, 0, 7, 0.75], "texture": "#189"},
				"east": {"uv": [3.5, 0, 7, 0.75], "texture": "#189"},
				"south": {"uv": [3.5, 0, 7, 0.75], "texture": "#189"},
				"west": {"uv": [3.5, 0, 7, 0.75], "texture": "#189"},
				"up": {"uv": [3.5, 0, 7, 0.75], "texture": "#189"},
				"down": {"uv": [3.5, 0, 7, 0.75], "texture": "#189"}
			}
		},
		{
			"from": [14.25, 6.25, 15.5],
			"to": [14.75, 7, 23.5],
			"rotation": {"angle": 0, "axis": "y", "origin": [9.5, 11.5, 18.5]},
			"faces": {
				"north": {"uv": [8, 0, 16, 0.75], "texture": "#189"},
				"east": {"uv": [8, 0, 16, 0.75], "texture": "#189"},
				"south": {"uv": [8, 0, 16, 0.75], "texture": "#189"},
				"west": {"uv": [8, 0, 16, 0.75], "texture": "#189"},
				"up": {"uv": [8, 0, 16, 0.75], "texture": "#189"},
				"down": {"uv": [8, 0, 16, 0.75], "texture": "#189"}
			}
		},
		{
			"from": [14.25, 6, 2.5],
			"to": [15, 6.25, 7.5],
			"rotation": {"angle": 0, "axis": "y", "origin": [9.75, 10.25, 7.5]},
			"faces": {
				"north": {"uv": [0.25, 0, 8.25, 0.25], "texture": "#56"},
				"east": {"uv": [0.25, 0, 8.25, 0.25], "texture": "#56"},
				"south": {"uv": [0.25, 0, 8.25, 0.25], "texture": "#56"},
				"west": {"uv": [0.25, 0, 8.25, 0.25], "texture": "#56"},
				"up": {"uv": [0.25, 0, 8.25, 0.25], "texture": "#56"},
				"down": {"uv": [0.25, 0, 8.25, 0.25], "texture": "#56"}
			}
		},
		{
			"from": [1, 6, 8],
			"to": [1.75, 6.25, 15],
			"rotation": {"angle": 0, "axis": "y", "origin": [-3.5, 10.25, 15]},
			"faces": {
				"north": {"uv": [0.25, 0, 7.25, 0.25], "texture": "#56"},
				"east": {"uv": [0.25, 0, 7.25, 0.25], "texture": "#56"},
				"south": {"uv": [0.25, 0, 7.25, 0.25], "texture": "#56"},
				"west": {"uv": [0.25, 0, 7.25, 0.25], "texture": "#56"},
				"up": {"uv": [0.25, 0, 7.25, 0.25], "texture": "#56"},
				"down": {"uv": [0.25, 0, 7.25, 0.25], "texture": "#56"}
			}
		},
		{
			"from": [14, 3, 4],
			"to": [14.25, 3.25, 6.25],
			"rotation": {"angle": 0, "axis": "y", "origin": [19.25, 9, 11.25]},
			"faces": {
				"north": {"uv": [0, 0, 0.25, 0.25], "texture": "#694"},
				"east": {"uv": [0, 0, 0.25, 0.25], "texture": "#694"},
				"south": {"uv": [0, 0, 0.25, 0.25], "texture": "#694"},
				"west": {"uv": [0, 0, 0.25, 0.25], "texture": "#694"},
				"up": {"uv": [0, 0, 0.25, 0.25], "texture": "#694"},
				"down": {"uv": [0, 0, 0.25, 0.25], "texture": "#694"}
			}
		},
		{
			"from": [13.75, 3.25, 4],
			"to": [14.25, 5.25, 6.25],
			"rotation": {"angle": 0, "axis": "y", "origin": [19.25, 9.25, 11.25]},
			"faces": {
				"north": {"uv": [0, 0, 0.5, 2], "texture": "#265"},
				"east": {"uv": [0, 0, 2.25, 2], "texture": "#265"},
				"south": {"uv": [0, 0, 0.5, 2], "texture": "#265"},
				"west": {"uv": [0, 0, 2.25, 2], "texture": "#265"},
				"up": {"uv": [0, 0, 0.5, 2.25], "texture": "#265"},
				"down": {"uv": [0, 0, 2.25, 2], "texture": "#265"}
			}
		},
		{
			"from": [1.75, 1.25, 20.5],
			"to": [3.75, 3, 27.5],
			"rotation": {"angle": 0, "axis": "y", "origin": [-2.75, 9, 23.25]},
			"faces": {
				"north": {"uv": [0.75, 0, 2.75, 7], "texture": "#372"},
				"east": {"uv": [0.75, 0, 7.75, 1.75], "texture": "#372"},
				"south": {"uv": [0.75, 0, 2.75, 7], "texture": "#372"},
				"west": {"uv": [0.75, 0, 2.75, 7], "texture": "#372"},
				"up": {"uv": [0.75, 0, 2.75, 7], "texture": "#372"},
				"down": {"uv": [0.75, 0, 2.75, 7], "texture": "#372"}
			}
		},
		{
			"from": [3.75, 1.25, 23.5],
			"to": [12.25, 3, 27.5],
			"rotation": {"angle": 0, "axis": "y", "origin": [-2.75, 9, 23.25]},
			"faces": {
				"north": {"uv": [0.75, 0, 9.25, 1.75], "texture": "#372"},
				"east": {"uv": [0.75, 0, 9.25, 1.75], "texture": "#372"},
				"south": {"uv": [0.75, 0, 9.25, 1.75], "texture": "#372"},
				"west": {"uv": [0.75, 0, 9.25, 1.75], "texture": "#372"},
				"up": {"uv": [0.75, 0, 9.25, 1.75], "texture": "#372"},
				"down": {"uv": [0.75, 0, 9.25, 1.75], "texture": "#372"}
			}
		},
		{
			"from": [12.25, 1.25, 20.5],
			"to": [14.25, 3, 27.5],
			"rotation": {"angle": 0, "axis": "y", "origin": [7.75, 9, 23.25]},
			"faces": {
				"north": {"uv": [0.75, 0, 7.75, 1.75], "texture": "#372"},
				"east": {"uv": [0.75, 0, 7.75, 1.75], "texture": "#372"},
				"south": {"uv": [0.75, 0, 7.75, 1.75], "texture": "#372"},
				"west": {"uv": [0.75, 0, 7.75, 1.75], "texture": "#372"},
				"up": {"uv": [0.75, 0, 2.75, 7], "texture": "#372"},
				"down": {"uv": [0.75, 0, 7.75, 1.75], "texture": "#372"}
			}
		},
		{
			"from": [1.75, 4.25, 28],
			"to": [14.25, 9, 30],
			"rotation": {"angle": 0, "axis": "y", "origin": [17, 11.5, 33]},
			"faces": {
				"north": {"uv": [0, 0, 12.5, 4.75], "texture": "#189"},
				"east": {"uv": [0, 0, 2, 4.75], "texture": "#missing"},
				"south": {"uv": [0, 0, 12.5, 4.75], "texture": "#missing"},
				"west": {"uv": [0, 0, 2, 4.75], "texture": "#missing"},
				"up": {"uv": [0, 0, 12.5, 2], "texture": "#189"},
				"down": {"uv": [0, 0, 12.5, 2], "texture": "#missing"}
			}
		},
		{
			"from": [1.25, 0, 17.75],
			"to": [2.75, 0.25, 18.75],
			"rotation": {"angle": 0, "axis": "y", "origin": [-3.25, 8, 26.5]},
			"faces": {
				"north": {"uv": [1, 0, 0, 0.25], "texture": "#295"},
				"east": {"uv": [1, 0, 0, 0.25], "texture": "#295"},
				"south": {"uv": [1, 0, 0, 0.25], "texture": "#295"},
				"west": {"uv": [1, 0, 0, 0.25], "texture": "#295"},
				"up": {"uv": [1, 0, 0, 0.25], "texture": "#295"},
				"down": {"uv": [1, 0, 0, 0.25], "texture": "#295"}
			}
		},
		{
			"from": [1.25, -7.25, 19.5],
			"to": [2.75, -7, 21.5],
			"rotation": {"angle": 45, "axis": "x", "origin": [-3.25, 0.75, 28.25]},
			"faces": {
				"north": {"uv": [2, 0, 0, 0.25], "texture": "#295"},
				"east": {"uv": [2, 0, 0, 0.25], "texture": "#295"},
				"south": {"uv": [2, 0, 0, 0.25], "texture": "#295"},
				"west": {"uv": [2, 0, 0, 0.25], "texture": "#295"},
				"up": {"uv": [2, 0, 0, 0.25], "texture": "#295"},
				"down": {"uv": [2, 0, 0, 0.25], "texture": "#295"}
			}
		},
		{
			"from": [1.25, 1.25, 16.5],
			"to": [2.75, 2.25, 16.75],
			"rotation": {"angle": 0, "axis": "y", "origin": [-3.25, 9.5, 24.5]},
			"faces": {
				"north": {"uv": [0.25, 0, 0, 1], "texture": "#295"},
				"east": {"uv": [0.25, 0, 0, 1], "texture": "#295"},
				"south": {"uv": [0.25, 0, 0, 1], "texture": "#295"},
				"west": {"uv": [0.25, 0, 0, 1], "texture": "#295"},
				"up": {"uv": [0.25, 0, 0, 1], "texture": "#295"},
				"down": {"uv": [0.25, 0, 0, 1], "texture": "#295"}
			}
		},
		{
			"from": [1.25, 10.5, 19.5],
			"to": [2.75, 10.75, 21.5],
			"rotation": {"angle": -45, "axis": "x", "origin": [-3.25, 2.75, 28.25]},
			"faces": {
				"north": {"uv": [0, 0, 2, 0.25], "texture": "#295"},
				"east": {"uv": [0, 0, 2, 0.25], "texture": "#295"},
				"south": {"uv": [0, 0, 2, 0.25], "texture": "#295"},
				"west": {"uv": [0, 0, 2, 0.25], "texture": "#295"},
				"up": {"uv": [0, 0, 2, 0.25], "texture": "#295"},
				"down": {"uv": [0, 0, 2, 0.25], "texture": "#295"}
			}
		},
		{
			"from": [1.25, 3.25, 17.75],
			"to": [2.75, 3.5, 18.75],
			"rotation": {"angle": 0, "axis": "y", "origin": [-3.25, 11.25, 26.5]},
			"faces": {
				"north": {"uv": [1, 0, 0, 0.25], "texture": "#295"},
				"east": {"uv": [1, 0, 0, 0.25], "texture": "#295"},
				"south": {"uv": [1, 0, 0, 0.25], "texture": "#295"},
				"west": {"uv": [1, 0, 0, 0.25], "texture": "#295"},
				"up": {"uv": [1, 0, 0, 0.25], "texture": "#295"},
				"down": {"uv": [1, 0, 0, 0.25], "texture": "#295"}
			}
		},
		{
			"from": [1.25, 10.5, 15],
			"to": [2.75, 10.75, 17],
			"rotation": {"angle": 45, "axis": "x", "origin": [-3.25, 2.75, 8.25]},
			"faces": {
				"north": {"uv": [4, 0.25, 2, 0.5], "texture": "#295"},
				"east": {"uv": [4, 0.25, 2, 0.5], "texture": "#295"},
				"south": {"uv": [4, 0.25, 2, 0.5], "texture": "#295"},
				"west": {"uv": [4, 0.25, 2, 0.5], "texture": "#295"},
				"up": {"uv": [4, 0.25, 2, 0.5], "texture": "#295"},
				"down": {"uv": [4, 0.25, 2, 0.5], "texture": "#295"}
			}
		},
		{
			"from": [1.25, 1.25, 19.75],
			"to": [2.75, 2.25, 20],
			"rotation": {"angle": 0, "axis": "y", "origin": [-3.25, 9.5, 27.75]},
			"faces": {
				"north": {"uv": [0.25, 0, 0, 1], "texture": "#295"},
				"east": {"uv": [0.25, 0, 0, 1], "texture": "#295"},
				"south": {"uv": [0.25, 0, 0, 1], "texture": "#295"},
				"west": {"uv": [0.25, 0, 0, 1], "texture": "#295"},
				"up": {"uv": [0.25, 0, 0, 1], "texture": "#295"},
				"down": {"uv": [0.25, 0, 0, 1], "texture": "#295"}
			}
		},
		{
			"from": [1.25, -7.25, 15],
			"to": [2.75, -7, 17],
			"rotation": {"angle": -45, "axis": "x", "origin": [-3.25, 0.75, 8.25]},
			"faces": {
				"north": {"uv": [4, 0, 2, 0.25], "texture": "#295"},
				"east": {"uv": [4, 0, 2, 0.25], "texture": "#295"},
				"south": {"uv": [4, 0, 2, 0.25], "texture": "#295"},
				"west": {"uv": [4, 0, 2, 0.25], "texture": "#295"},
				"up": {"uv": [4, 0, 2, 0.25], "texture": "#295"},
				"down": {"uv": [4, 0, 2, 0.25], "texture": "#295"}
			}
		},
		{
			"from": [1.5, 0.25, 17.75],
			"to": [2.5, 3.25, 18.75],
			"rotation": {"angle": 0, "axis": "y", "origin": [-3.25, 8.25, 26.5]},
			"faces": {
				"north": {"uv": [1, 0, 0, 3], "texture": "#374"},
				"east": {"uv": [1, 0, 0, 3], "texture": "#374"},
				"south": {"uv": [1, 0, 0, 3], "texture": "#374"},
				"west": {"uv": [1, 0, 0, 3], "texture": "#374"},
				"up": {"uv": [1, 0, 0, 3], "texture": "#374"},
				"down": {"uv": [1, 0, 0, 3], "texture": "#374"}
			}
		},
		{
			"from": [1.5, 0.25, 18.75],
			"to": [2.5, 0.5, 19],
			"rotation": {"angle": 0, "axis": "y", "origin": [-3.25, 8.25, 26.5]},
			"faces": {
				"north": {"uv": [0.25, 0, 0, 0.25], "texture": "#374"},
				"east": {"uv": [0.25, 0, 0, 0.25], "texture": "#374"},
				"south": {"uv": [0.25, 0, 0, 0.25], "texture": "#374"},
				"west": {"uv": [0.25, 0, 0, 0.25], "texture": "#374"},
				"up": {"uv": [0.25, 0, 0, 0.25], "texture": "#374"},
				"down": {"uv": [0.25, 0, 0, 0.25], "texture": "#374"}
			}
		},
		{
			"from": [1.5, 0.5, 18.75],
			"to": [2.5, 0.75, 19.25],
			"rotation": {"angle": 0, "axis": "y", "origin": [-3.25, 8.25, 26.5]},
			"faces": {
				"north": {"uv": [0.5, 0, 0, 0.25], "texture": "#374"},
				"east": {"uv": [0.5, 0, 0, 0.25], "texture": "#374"},
				"south": {"uv": [0.5, 0, 0, 0.25], "texture": "#374"},
				"west": {"uv": [0.5, 0, 0, 0.25], "texture": "#374"},
				"up": {"uv": [0.5, 0, 0, 0.25], "texture": "#374"},
				"down": {"uv": [0.5, 0, 0, 0.25], "texture": "#374"}
			}
		},
		{
			"from": [1.5, 0.75, 18.75],
			"to": [2.5, 1, 19.5],
			"rotation": {"angle": 0, "axis": "y", "origin": [-3.25, 8.25, 26.5]},
			"faces": {
				"north": {"uv": [0.75, 0, 0, 0.25], "texture": "#374"},
				"east": {"uv": [0.75, 0, 0, 0.25], "texture": "#374"},
				"south": {"uv": [0.75, 0, 0, 0.25], "texture": "#374"},
				"west": {"uv": [0.75, 0, 0, 0.25], "texture": "#374"},
				"up": {"uv": [0.75, 0, 0, 0.25], "texture": "#374"},
				"down": {"uv": [0.75, 0, 0, 0.25], "texture": "#374"}
			}
		},
		{
			"from": [1.5, 1, 18.75],
			"to": [2.5, 2.5, 19.75],
			"rotation": {"angle": 0, "axis": "y", "origin": [-3.25, 8.25, 26.5]},
			"faces": {
				"north": {"uv": [1, 0, 0, 1.5], "texture": "#374"},
				"east": {"uv": [1, 0, 0, 1.5], "texture": "#374"},
				"south": {"uv": [1, 0, 0, 1.5], "texture": "#374"},
				"west": {"uv": [1, 0, 0, 1.5], "texture": "#374"},
				"up": {"uv": [1, 0, 0, 1.5], "texture": "#374"},
				"down": {"uv": [1, 0, 0, 1.5], "texture": "#374"}
			}
		},
		{
			"from": [1.5, 2.5, 18.75],
			"to": [2.5, 2.75, 19.5],
			"rotation": {"angle": 0, "axis": "y", "origin": [-3.25, -4.75, 26.5]},
			"faces": {
				"north": {"uv": [0.75, 0.25, 0, 0.5], "texture": "#374"},
				"east": {"uv": [0.75, 0.25, 0, 0.5], "texture": "#374"},
				"south": {"uv": [0.75, 0.25, 0, 0.5], "texture": "#374"},
				"west": {"uv": [0.75, 0.25, 0, 0.5], "texture": "#374"},
				"up": {"uv": [0.75, 0.25, 0, 0.5], "texture": "#374"},
				"down": {"uv": [0.75, 0.25, 0, 0.5], "texture": "#374"}
			}
		},
		{
			"from": [1.5, 2.75, 18.75],
			"to": [2.5, 3, 19.25],
			"rotation": {"angle": 0, "axis": "y", "origin": [-3.25, -4.75, 26.5]},
			"faces": {
				"north": {"uv": [0.5, 0.25, 0, 0.5], "texture": "#374"},
				"east": {"uv": [0.5, 0.25, 0, 0.5], "texture": "#374"},
				"south": {"uv": [0.5, 0.25, 0, 0.5], "texture": "#374"},
				"west": {"uv": [0.5, 0.25, 0, 0.5], "texture": "#374"},
				"up": {"uv": [0.5, 0.25, 0, 0.5], "texture": "#374"},
				"down": {"uv": [0.5, 0.25, 0, 0.5], "texture": "#374"}
			}
		},
		{
			"from": [1.5, 3, 18.75],
			"to": [2.5, 3.25, 19],
			"rotation": {"angle": 0, "axis": "y", "origin": [-3.25, -4.75, 26.5]},
			"faces": {
				"north": {"uv": [0.25, 0.25, 0, 0.5], "texture": "#374"},
				"east": {"uv": [0.25, 0.25, 0, 0.5], "texture": "#374"},
				"south": {"uv": [0.25, 0.25, 0, 0.5], "texture": "#374"},
				"west": {"uv": [0.25, 0.25, 0, 0.5], "texture": "#374"},
				"up": {"uv": [0.25, 0.25, 0, 0.5], "texture": "#374"},
				"down": {"uv": [0.25, 0.25, 0, 0.5], "texture": "#374"}
			}
		},
		{
			"from": [1.5, 0.25, 17.5],
			"to": [2.5, 0.5, 17.75],
			"rotation": {"angle": 0, "axis": "y", "origin": [-3.25, 8.25, 10]},
			"faces": {
				"north": {"uv": [0.5, 0, 0.25, 0.25], "texture": "#374"},
				"east": {"uv": [0.5, 0, 0.25, 0.25], "texture": "#374"},
				"south": {"uv": [0.5, 0, 0.25, 0.25], "texture": "#374"},
				"west": {"uv": [0.5, 0, 0.25, 0.25], "texture": "#374"},
				"up": {"uv": [0.5, 0, 0.25, 0.25], "texture": "#374"},
				"down": {"uv": [0.5, 0, 0.25, 0.25], "texture": "#374"}
			}
		},
		{
			"from": [1.5, 0.5, 17.25],
			"to": [2.5, 0.75, 17.75],
			"rotation": {"angle": 0, "axis": "y", "origin": [-3.25, 8.25, 10]},
			"faces": {
				"north": {"uv": [1, 0, 0.5, 0.25], "texture": "#374"},
				"east": {"uv": [1, 0, 0.5, 0.25], "texture": "#374"},
				"south": {"uv": [1, 0, 0.5, 0.25], "texture": "#374"},
				"west": {"uv": [1, 0, 0.5, 0.25], "texture": "#374"},
				"up": {"uv": [1, 0, 0.5, 0.25], "texture": "#374"},
				"down": {"uv": [1, 0, 0.5, 0.25], "texture": "#374"}
			}
		},
		{
			"from": [1.5, 0.75, 17],
			"to": [2.5, 1, 17.75],
			"rotation": {"angle": 0, "axis": "y", "origin": [-3.25, 8.25, 10]},
			"faces": {
				"north": {"uv": [1.5, 0, 0.75, 0.25], "texture": "#374"},
				"east": {"uv": [1.5, 0, 0.75, 0.25], "texture": "#374"},
				"south": {"uv": [1.5, 0, 0.75, 0.25], "texture": "#374"},
				"west": {"uv": [1.5, 0, 0.75, 0.25], "texture": "#374"},
				"up": {"uv": [1.5, 0, 0.75, 0.25], "texture": "#374"},
				"down": {"uv": [1.5, 0, 0.75, 0.25], "texture": "#374"}
			}
		},
		{
			"from": [1.5, 1, 16.75],
			"to": [2.5, 2.5, 17.75],
			"rotation": {"angle": 0, "axis": "y", "origin": [-3.25, 8.25, 10]},
			"faces": {
				"north": {"uv": [2, 0, 1, 1.5], "texture": "#374"},
				"east": {"uv": [2, 0, 1, 1.5], "texture": "#374"},
				"south": {"uv": [2, 0, 1, 1.5], "texture": "#374"},
				"west": {"uv": [2, 0, 1, 1.5], "texture": "#374"},
				"up": {"uv": [2, 0, 1, 1.5], "texture": "#374"},
				"down": {"uv": [2, 0, 1, 1.5], "texture": "#374"}
			}
		},
		{
			"from": [1.5, 2.5, 17],
			"to": [2.5, 2.75, 17.75],
			"rotation": {"angle": 0, "axis": "y", "origin": [-3.25, -4.75, 10]},
			"faces": {
				"north": {"uv": [1.5, 0.25, 0.75, 0.5], "texture": "#374"},
				"east": {"uv": [1.5, 0.25, 0.75, 0.5], "texture": "#374"},
				"south": {"uv": [1.5, 0.25, 0.75, 0.5], "texture": "#374"},
				"west": {"uv": [1.5, 0.25, 0.75, 0.5], "texture": "#374"},
				"up": {"uv": [1.5, 0.25, 0.75, 0.5], "texture": "#374"},
				"down": {"uv": [1.5, 0.25, 0.75, 0.5], "texture": "#374"}
			}
		},
		{
			"from": [1.5, 2.75, 17.25],
			"to": [2.5, 3, 17.75],
			"rotation": {"angle": 0, "axis": "y", "origin": [-3.25, -4.75, 10]},
			"faces": {
				"north": {"uv": [1, 0.25, 0.5, 0.5], "texture": "#374"},
				"east": {"uv": [1, 0.25, 0.5, 0.5], "texture": "#374"},
				"south": {"uv": [1, 0.25, 0.5, 0.5], "texture": "#374"},
				"west": {"uv": [1, 0.25, 0.5, 0.5], "texture": "#374"},
				"up": {"uv": [1, 0.25, 0.5, 0.5], "texture": "#374"},
				"down": {"uv": [1, 0.25, 0.5, 0.5], "texture": "#374"}
			}
		},
		{
			"from": [1.5, 3, 17.5],
			"to": [2.5, 3.25, 17.75],
			"rotation": {"angle": 0, "axis": "y", "origin": [-3.25, -4.75, 10]},
			"faces": {
				"north": {"uv": [0.5, 0.25, 0.25, 0.5], "texture": "#374"},
				"east": {"uv": [0.5, 0.25, 0.25, 0.5], "texture": "#374"},
				"south": {"uv": [0.5, 0.25, 0.25, 0.5], "texture": "#374"},
				"west": {"uv": [0.5, 0.25, 0.25, 0.5], "texture": "#374"},
				"up": {"uv": [0.5, 0.25, 0.25, 0.5], "texture": "#374"},
				"down": {"uv": [0.5, 0.25, 0.25, 0.5], "texture": "#374"}
			}
		},
		{
			"from": [13.25, 0, 17.75],
			"to": [14.75, 0.25, 18.75],
			"rotation": {"angle": 0, "axis": "y", "origin": [8.75, 8, 26.5]},
			"faces": {
				"north": {"uv": [1, 0, 0, 0.25], "texture": "#295"},
				"east": {"uv": [1, 0, 0, 0.25], "texture": "#295"},
				"south": {"uv": [1, 0, 0, 0.25], "texture": "#295"},
				"west": {"uv": [1, 0, 0, 0.25], "texture": "#295"},
				"up": {"uv": [1, 0, 0, 0.25], "texture": "#295"},
				"down": {"uv": [1, 0, 0, 0.25], "texture": "#295"}
			}
		},
		{
			"from": [13.25, -7.25, 19.5],
			"to": [14.75, -7, 21.5],
			"rotation": {"angle": 45, "axis": "x", "origin": [8.75, 0.75, 28.25]},
			"faces": {
				"north": {"uv": [2, 0, 0, 0.25], "texture": "#295"},
				"east": {"uv": [2, 0, 0, 0.25], "texture": "#295"},
				"south": {"uv": [2, 0, 0, 0.25], "texture": "#295"},
				"west": {"uv": [2, 0, 0, 0.25], "texture": "#295"},
				"up": {"uv": [2, 0, 0, 0.25], "texture": "#295"},
				"down": {"uv": [2, 0, 0, 0.25], "texture": "#295"}
			}
		},
		{
			"from": [13.25, 1.25, 16.5],
			"to": [14.75, 2.25, 16.75],
			"rotation": {"angle": 0, "axis": "y", "origin": [8.75, 9.5, 24.5]},
			"faces": {
				"north": {"uv": [0.25, 0, 0, 1], "texture": "#295"},
				"east": {"uv": [0.25, 0, 0, 1], "texture": "#295"},
				"south": {"uv": [0.25, 0, 0, 1], "texture": "#295"},
				"west": {"uv": [0.25, 0, 0, 1], "texture": "#295"},
				"up": {"uv": [0.25, 0, 0, 1], "texture": "#295"},
				"down": {"uv": [0.25, 0, 0, 1], "texture": "#295"}
			}
		},
		{
			"from": [13.25, 10.5, 19.5],
			"to": [14.75, 10.75, 21.5],
			"rotation": {"angle": -45, "axis": "x", "origin": [8.75, 2.75, 28.25]},
			"faces": {
				"north": {"uv": [0, 0, 2, 0.25], "texture": "#295"},
				"east": {"uv": [0, 0, 2, 0.25], "texture": "#295"},
				"south": {"uv": [0, 0, 2, 0.25], "texture": "#295"},
				"west": {"uv": [0, 0, 2, 0.25], "texture": "#295"},
				"up": {"uv": [0, 0, 2, 0.25], "texture": "#295"},
				"down": {"uv": [0, 0, 2, 0.25], "texture": "#295"}
			}
		},
		{
			"from": [13.25, 3.25, 17.75],
			"to": [14.75, 3.5, 18.75],
			"rotation": {"angle": 0, "axis": "y", "origin": [8.75, 11.25, 26.5]},
			"faces": {
				"north": {"uv": [1, 0, 0, 0.25], "texture": "#295"},
				"east": {"uv": [1, 0, 0, 0.25], "texture": "#295"},
				"south": {"uv": [1, 0, 0, 0.25], "texture": "#295"},
				"west": {"uv": [1, 0, 0, 0.25], "texture": "#295"},
				"up": {"uv": [1, 0, 0, 0.25], "texture": "#295"},
				"down": {"uv": [1, 0, 0, 0.25], "texture": "#295"}
			}
		},
		{
			"from": [13.25, 10.5, 15],
			"to": [14.75, 10.75, 17],
			"rotation": {"angle": 45, "axis": "x", "origin": [8.75, 2.75, 8.25]},
			"faces": {
				"north": {"uv": [4, 0.25, 2, 0.5], "texture": "#295"},
				"east": {"uv": [4, 0.25, 2, 0.5], "texture": "#295"},
				"south": {"uv": [4, 0.25, 2, 0.5], "texture": "#295"},
				"west": {"uv": [4, 0.25, 2, 0.5], "texture": "#295"},
				"up": {"uv": [4, 0.25, 2, 0.5], "texture": "#295"},
				"down": {"uv": [4, 0.25, 2, 0.5], "texture": "#295"}
			}
		},
		{
			"from": [13.25, 1.25, 19.75],
			"to": [14.75, 2.25, 20],
			"rotation": {"angle": 0, "axis": "y", "origin": [8.75, 9.5, 27.75]},
			"faces": {
				"north": {"uv": [0.25, 0, 0, 1], "texture": "#295"},
				"east": {"uv": [0.25, 0, 0, 1], "texture": "#295"},
				"south": {"uv": [0.25, 0, 0, 1], "texture": "#295"},
				"west": {"uv": [0.25, 0, 0, 1], "texture": "#295"},
				"up": {"uv": [0.25, 0, 0, 1], "texture": "#295"},
				"down": {"uv": [0.25, 0, 0, 1], "texture": "#295"}
			}
		},
		{
			"from": [13.25, -7.25, 15],
			"to": [14.75, -7, 17],
			"rotation": {"angle": -45, "axis": "x", "origin": [8.75, 0.75, 8.25]},
			"faces": {
				"north": {"uv": [4, 0, 2, 0.25], "texture": "#295"},
				"east": {"uv": [4, 0, 2, 0.25], "texture": "#295"},
				"south": {"uv": [4, 0, 2, 0.25], "texture": "#295"},
				"west": {"uv": [4, 0, 2, 0.25], "texture": "#295"},
				"up": {"uv": [4, 0, 2, 0.25], "texture": "#295"},
				"down": {"uv": [4, 0, 2, 0.25], "texture": "#295"}
			}
		},
		{
			"from": [13.5, 0.25, 17.75],
			"to": [14.5, 3.25, 18.75],
			"rotation": {"angle": 0, "axis": "y", "origin": [8.75, 8.25, 26.5]},
			"faces": {
				"north": {"uv": [1, 0, 0, 3], "texture": "#374"},
				"east": {"uv": [1, 0, 0, 3], "texture": "#374"},
				"south": {"uv": [1, 0, 0, 3], "texture": "#374"},
				"west": {"uv": [1, 0, 0, 3], "texture": "#374"},
				"up": {"uv": [1, 0, 0, 3], "texture": "#374"},
				"down": {"uv": [1, 0, 0, 3], "texture": "#374"}
			}
		},
		{
			"from": [13.5, 0.25, 18.75],
			"to": [14.5, 0.5, 19],
			"rotation": {"angle": 0, "axis": "y", "origin": [8.75, 8.25, 26.5]},
			"faces": {
				"north": {"uv": [0.25, 0, 0, 0.25], "texture": "#374"},
				"east": {"uv": [0.25, 0, 0, 0.25], "texture": "#374"},
				"south": {"uv": [0.25, 0, 0, 0.25], "texture": "#374"},
				"west": {"uv": [0.25, 0, 0, 0.25], "texture": "#374"},
				"up": {"uv": [0.25, 0, 0, 0.25], "texture": "#374"},
				"down": {"uv": [0.25, 0, 0, 0.25], "texture": "#374"}
			}
		},
		{
			"from": [13.5, 0.5, 18.75],
			"to": [14.5, 0.75, 19.25],
			"rotation": {"angle": 0, "axis": "y", "origin": [8.75, 8.25, 26.5]},
			"faces": {
				"north": {"uv": [0.5, 0, 0, 0.25], "texture": "#374"},
				"east": {"uv": [0.5, 0, 0, 0.25], "texture": "#374"},
				"south": {"uv": [0.5, 0, 0, 0.25], "texture": "#374"},
				"west": {"uv": [0.5, 0, 0, 0.25], "texture": "#374"},
				"up": {"uv": [0.5, 0, 0, 0.25], "texture": "#374"},
				"down": {"uv": [0.5, 0, 0, 0.25], "texture": "#374"}
			}
		},
		{
			"from": [13.5, 0.75, 18.75],
			"to": [14.5, 1, 19.5],
			"rotation": {"angle": 0, "axis": "y", "origin": [8.75, 8.25, 26.5]},
			"faces": {
				"north": {"uv": [0.75, 0, 0, 0.25], "texture": "#374"},
				"east": {"uv": [0.75, 0, 0, 0.25], "texture": "#374"},
				"south": {"uv": [0.75, 0, 0, 0.25], "texture": "#374"},
				"west": {"uv": [0.75, 0, 0, 0.25], "texture": "#374"},
				"up": {"uv": [0.75, 0, 0, 0.25], "texture": "#374"},
				"down": {"uv": [0.75, 0, 0, 0.25], "texture": "#374"}
			}
		},
		{
			"from": [13.5, 1, 18.75],
			"to": [14.5, 2.5, 19.75],
			"rotation": {"angle": 0, "axis": "y", "origin": [8.75, 8.25, 26.5]},
			"faces": {
				"north": {"uv": [1, 0, 0, 1.5], "texture": "#374"},
				"east": {"uv": [1, 0, 0, 1.5], "texture": "#374"},
				"south": {"uv": [1, 0, 0, 1.5], "texture": "#374"},
				"west": {"uv": [1, 0, 0, 1.5], "texture": "#374"},
				"up": {"uv": [1, 0, 0, 1.5], "texture": "#374"},
				"down": {"uv": [1, 0, 0, 1.5], "texture": "#374"}
			}
		},
		{
			"from": [13.5, 2.5, 18.75],
			"to": [14.5, 2.75, 19.5],
			"rotation": {"angle": 0, "axis": "y", "origin": [8.75, -4.75, 26.5]},
			"faces": {
				"north": {"uv": [0.75, 0.25, 0, 0.5], "texture": "#374"},
				"east": {"uv": [0.75, 0.25, 0, 0.5], "texture": "#374"},
				"south": {"uv": [0.75, 0.25, 0, 0.5], "texture": "#374"},
				"west": {"uv": [0.75, 0.25, 0, 0.5], "texture": "#374"},
				"up": {"uv": [0.75, 0.25, 0, 0.5], "texture": "#374"},
				"down": {"uv": [0.75, 0.25, 0, 0.5], "texture": "#374"}
			}
		},
		{
			"from": [13.5, 2.75, 18.75],
			"to": [14.5, 3, 19.25],
			"rotation": {"angle": 0, "axis": "y", "origin": [8.75, -4.75, 26.5]},
			"faces": {
				"north": {"uv": [0.5, 0.25, 0, 0.5], "texture": "#374"},
				"east": {"uv": [0.5, 0.25, 0, 0.5], "texture": "#374"},
				"south": {"uv": [0.5, 0.25, 0, 0.5], "texture": "#374"},
				"west": {"uv": [0.5, 0.25, 0, 0.5], "texture": "#374"},
				"up": {"uv": [0.5, 0.25, 0, 0.5], "texture": "#374"},
				"down": {"uv": [0.5, 0.25, 0, 0.5], "texture": "#374"}
			}
		},
		{
			"from": [13.5, 3, 18.75],
			"to": [14.5, 3.25, 19],
			"rotation": {"angle": 0, "axis": "y", "origin": [8.75, -4.75, 26.5]},
			"faces": {
				"north": {"uv": [0.25, 0.25, 0, 0.5], "texture": "#374"},
				"east": {"uv": [0.25, 0.25, 0, 0.5], "texture": "#374"},
				"south": {"uv": [0.25, 0.25, 0, 0.5], "texture": "#374"},
				"west": {"uv": [0.25, 0.25, 0, 0.5], "texture": "#374"},
				"up": {"uv": [0.25, 0.25, 0, 0.5], "texture": "#374"},
				"down": {"uv": [0.25, 0.25, 0, 0.5], "texture": "#374"}
			}
		},
		{
			"from": [13.5, 0.25, 17.5],
			"to": [14.5, 0.5, 17.75],
			"rotation": {"angle": 0, "axis": "y", "origin": [8.75, 8.25, 10]},
			"faces": {
				"north": {"uv": [0.5, 0, 0.25, 0.25], "texture": "#374"},
				"east": {"uv": [0.5, 0, 0.25, 0.25], "texture": "#374"},
				"south": {"uv": [0.5, 0, 0.25, 0.25], "texture": "#374"},
				"west": {"uv": [0.5, 0, 0.25, 0.25], "texture": "#374"},
				"up": {"uv": [0.5, 0, 0.25, 0.25], "texture": "#374"},
				"down": {"uv": [0.5, 0, 0.25, 0.25], "texture": "#374"}
			}
		},
		{
			"from": [13.5, 0.5, 17.25],
			"to": [14.5, 0.75, 17.75],
			"rotation": {"angle": 0, "axis": "y", "origin": [8.75, 8.25, 10]},
			"faces": {
				"north": {"uv": [1, 0, 0.5, 0.25], "texture": "#374"},
				"east": {"uv": [1, 0, 0.5, 0.25], "texture": "#374"},
				"south": {"uv": [1, 0, 0.5, 0.25], "texture": "#374"},
				"west": {"uv": [1, 0, 0.5, 0.25], "texture": "#374"},
				"up": {"uv": [1, 0, 0.5, 0.25], "texture": "#374"},
				"down": {"uv": [1, 0, 0.5, 0.25], "texture": "#374"}
			}
		},
		{
			"from": [13.5, 0.75, 17],
			"to": [14.5, 1, 17.75],
			"rotation": {"angle": 0, "axis": "y", "origin": [8.75, 8.25, 10]},
			"faces": {
				"north": {"uv": [1.5, 0, 0.75, 0.25], "texture": "#374"},
				"east": {"uv": [1.5, 0, 0.75, 0.25], "texture": "#374"},
				"south": {"uv": [1.5, 0, 0.75, 0.25], "texture": "#374"},
				"west": {"uv": [1.5, 0, 0.75, 0.25], "texture": "#374"},
				"up": {"uv": [1.5, 0, 0.75, 0.25], "texture": "#374"},
				"down": {"uv": [1.5, 0, 0.75, 0.25], "texture": "#374"}
			}
		},
		{
			"from": [13.5, 1, 16.75],
			"to": [14.5, 2.5, 17.75],
			"rotation": {"angle": 0, "axis": "y", "origin": [8.75, 8.25, 10]},
			"faces": {
				"north": {"uv": [2, 0, 1, 1.5], "texture": "#374"},
				"east": {"uv": [2, 0, 1, 1.5], "texture": "#374"},
				"south": {"uv": [2, 0, 1, 1.5], "texture": "#374"},
				"west": {"uv": [2, 0, 1, 1.5], "texture": "#374"},
				"up": {"uv": [2, 0, 1, 1.5], "texture": "#374"},
				"down": {"uv": [2, 0, 1, 1.5], "texture": "#374"}
			}
		},
		{
			"from": [13.5, 2.5, 17],
			"to": [14.5, 2.75, 17.75],
			"rotation": {"angle": 0, "axis": "y", "origin": [8.75, -4.75, 10]},
			"faces": {
				"north": {"uv": [1.5, 0.25, 0.75, 0.5], "texture": "#374"},
				"east": {"uv": [1.5, 0.25, 0.75, 0.5], "texture": "#374"},
				"south": {"uv": [1.5, 0.25, 0.75, 0.5], "texture": "#374"},
				"west": {"uv": [1.5, 0.25, 0.75, 0.5], "texture": "#374"},
				"up": {"uv": [1.5, 0.25, 0.75, 0.5], "texture": "#374"},
				"down": {"uv": [1.5, 0.25, 0.75, 0.5], "texture": "#374"}
			}
		},
		{
			"from": [13.5, 2.75, 17.25],
			"to": [14.5, 3, 17.75],
			"rotation": {"angle": 0, "axis": "y", "origin": [8.75, -4.75, 10]},
			"faces": {
				"north": {"uv": [1, 0.25, 0.5, 0.5], "texture": "#374"},
				"east": {"uv": [1, 0.25, 0.5, 0.5], "texture": "#374"},
				"south": {"uv": [1, 0.25, 0.5, 0.5], "texture": "#374"},
				"west": {"uv": [1, 0.25, 0.5, 0.5], "texture": "#374"},
				"up": {"uv": [1, 0.25, 0.5, 0.5], "texture": "#374"},
				"down": {"uv": [1, 0.25, 0.5, 0.5], "texture": "#374"}
			}
		},
		{
			"from": [13.5, 3, 17.5],
			"to": [14.5, 3.25, 17.75],
			"rotation": {"angle": 0, "axis": "y", "origin": [8.75, -4.75, 10]},
			"faces": {
				"north": {"uv": [0.5, 0.25, 0.25, 0.5], "texture": "#374"},
				"east": {"uv": [0.5, 0.25, 0.25, 0.5], "texture": "#374"},
				"south": {"uv": [0.5, 0.25, 0.25, 0.5], "texture": "#374"},
				"west": {"uv": [0.5, 0.25, 0.25, 0.5], "texture": "#374"},
				"up": {"uv": [0.5, 0.25, 0.25, 0.5], "texture": "#374"},
				"down": {"uv": [0.5, 0.25, 0.25, 0.5], "texture": "#374"}
			}
		},
		{
			"from": [3.75, 1, 1.25],
			"to": [8, 1.25, 28.75],
			"rotation": {"angle": 0, "axis": "y", "origin": [-0.75, 9, 15.75]},
			"faces": {
				"north": {"uv": [4.25, 0, 0, 0.25], "texture": "#missing"},
				"east": {"uv": [16, 0, 0, 0.25], "texture": "#missing"},
				"south": {"uv": [4.25, 0, 0, 0.25], "texture": "#389"},
				"west": {"uv": [16, 0, 0, 0.25], "texture": "#missing"},
				"up": {"uv": [4.25, 0, 0, 16], "texture": "#372"},
				"down": {"uv": [0, 0, 4.25, 16], "texture": "#206"}
			}
		},
		{
			"from": [13.5, 4.96579, 30.16687],
			"to": [14.25, 5.71579, 30.91687],
			"rotation": {"angle": 22.5, "axis": "x", "origin": [19.5, 6.25, 30.75]},
			"faces": {
				"north": {"uv": [0, 0, 16, 16], "texture": "#560"},
				"east": {"uv": [0, 0, 16, 16], "texture": "#560"},
				"south": {"uv": [0, 0, 16, 16], "texture": "#560"},
				"west": {"uv": [0, 0, 16, 16], "texture": "#560"},
				"up": {"uv": [0, 0, 16, 16], "texture": "#560"},
				"down": {"uv": [0, 0, 16, 16], "texture": "#560"}
			}
		},
		{
			"from": [12, 4.96579, 30.16687],
			"to": [13.5, 5.71579, 30.91687],
			"rotation": {"angle": 22.5, "axis": "x", "origin": [18.75, 6.25, 30.75]},
			"faces": {
				"north": {"uv": [0, 0, 1.5, 0.75], "texture": "#686"},
				"east": {"uv": [0, 0, 1.5, 0.75], "texture": "#686"},
				"south": {"uv": [0, 0, 1.5, 0.75], "texture": "#686"},
				"west": {"uv": [0, 0, 1.5, 0.75], "texture": "#686"},
				"up": {"uv": [0, 0, 1.5, 0.75], "texture": "#686"},
				"down": {"uv": [0, 0, 1.5, 0.75], "texture": "#686"}
			}
		},
		{
			"from": [12, 3.71579, 29.66687],
			"to": [14.25, 4.46579, 30.41687],
			"rotation": {"angle": 22.5, "axis": "x", "origin": [18.75, 5, 30.25]},
			"faces": {
				"north": {"uv": [0, 0, 16, 16], "texture": "#518"},
				"east": {"uv": [0, 0, 16, 16], "texture": "#518"},
				"south": {"uv": [0, 0, 16, 16], "texture": "#518"},
				"west": {"uv": [0, 0, 16, 16], "texture": "#518"},
				"up": {"uv": [0, 0, 16, 16], "texture": "#518"},
				"down": {"uv": [0, 0, 16, 16], "texture": "#518"}
			}
		},
		{
			"from": [1.75, 3.71579, 29.66687],
			"to": [4, 4.46579, 30.41687],
			"rotation": {"angle": 22.5, "axis": "x", "origin": [8.5, 5, 30.25]},
			"faces": {
				"north": {"uv": [0, 0, 16, 16], "texture": "#518"},
				"east": {"uv": [0, 0, 16, 16], "texture": "#518"},
				"south": {"uv": [0, 0, 16, 16], "texture": "#518"},
				"west": {"uv": [0, 0, 16, 16], "texture": "#518"},
				"up": {"uv": [0, 0, 16, 16], "texture": "#518"},
				"down": {"uv": [0, 0, 16, 16], "texture": "#518"}
			}
		},
		{
			"from": [1.75, 4.96579, 30.16687],
			"to": [2.5, 5.71579, 30.91687],
			"rotation": {"angle": 22.5, "axis": "x", "origin": [7.75, 6.25, 30.75]},
			"faces": {
				"north": {"uv": [0, 0, 16, 16], "texture": "#560"},
				"east": {"uv": [0, 0, 16, 16], "texture": "#560"},
				"south": {"uv": [0, 0, 16, 16], "texture": "#560"},
				"west": {"uv": [0, 0, 16, 16], "texture": "#560"},
				"up": {"uv": [0, 0, 16, 16], "texture": "#560"},
				"down": {"uv": [0, 0, 16, 16], "texture": "#560"}
			}
		},
		{
			"from": [2.5, 4.96579, 30.16687],
			"to": [4, 5.71579, 30.91687],
			"rotation": {"angle": 22.5, "axis": "x", "origin": [9.25, 6.25, 30.75]},
			"faces": {
				"north": {"uv": [0, 0, 1.5, 0.75], "texture": "#686"},
				"east": {"uv": [0, 0, 1.5, 0.75], "texture": "#686"},
				"south": {"uv": [0, 0, 1.5, 0.75], "texture": "#686"},
				"west": {"uv": [0, 0, 1.5, 0.75], "texture": "#686"},
				"up": {"uv": [0, 0, 1.5, 0.75], "texture": "#686"},
				"down": {"uv": [0, 0, 1.5, 0.75], "texture": "#686"}
			}
		},
		{
			"from": [4.5, 1.25, 4.25],
			"to": [5, 3.5, 5],
			"rotation": {"angle": 0, "axis": "y", "origin": [11.25, 9.25, 10.25]},
			"faces": {
				"north": {"uv": [0, 0, 0.5, 2.25], "texture": "#189"},
				"east": {"uv": [0, 0, 0.5, 2.25], "texture": "#189"},
				"south": {"uv": [0, 0, 0.5, 2.25], "texture": "#189"},
				"west": {"uv": [0, 0, 0.5, 2.25], "texture": "#189"},
				"up": {"uv": [0, 0, 0.5, 2.25], "texture": "#189"},
				"down": {"uv": [0, 0, 0.5, 2.25], "texture": "#189"}
			}
		},
		{
			"from": [8.75, 3, 27],
			"to": [9.25, 5.25, 27.75],
			"rotation": {"angle": 0, "axis": "y", "origin": [15.5, 11, 33]},
			"faces": {
				"north": {"uv": [0, 0, 0.5, 2.25], "texture": "#189"},
				"east": {"uv": [0, 0, 0.5, 2.25], "texture": "#189"},
				"south": {"uv": [0, 0, 0.5, 2.25], "texture": "#189"},
				"west": {"uv": [0, 0, 0.5, 2.25], "texture": "#189"},
				"up": {"uv": [0, 0, 0.5, 2.25], "texture": "#189"},
				"down": {"uv": [0, 0, 0.5, 2.25], "texture": "#189"}
			}
		},
		{
			"from": [12.25, 3, 27],
			"to": [12.75, 5.25, 27.75],
			"rotation": {"angle": 0, "axis": "y", "origin": [19, 11, 33]},
			"faces": {
				"north": {"uv": [0, 0, 0.5, 2.25], "texture": "#189"},
				"east": {"uv": [0, 0, 0.5, 2.25], "texture": "#189"},
				"south": {"uv": [0, 0, 0.5, 2.25], "texture": "#189"},
				"west": {"uv": [0, 0, 0.5, 2.25], "texture": "#189"},
				"up": {"uv": [0, 0, 0.5, 2.25], "texture": "#189"},
				"down": {"uv": [0, 0, 0.5, 2.25], "texture": "#189"}
			}
		},
		{
			"from": [5.25, 3, 27],
			"to": [5.75, 5.25, 27.75],
			"rotation": {"angle": 0, "axis": "y", "origin": [12, 11, 33]},
			"faces": {
				"north": {"uv": [0, 0, 0.5, 2.25], "texture": "#189"},
				"east": {"uv": [0, 0, 0.5, 2.25], "texture": "#189"},
				"south": {"uv": [0, 0, 0.5, 2.25], "texture": "#189"},
				"west": {"uv": [0, 0, 0.5, 2.25], "texture": "#189"},
				"up": {"uv": [0, 0, 0.5, 2.25], "texture": "#189"},
				"down": {"uv": [0, 0, 0.5, 2.25], "texture": "#189"}
			}
		},
		{
			"from": [4.5, 1.25, 9.25],
			"to": [5, 3.5, 10],
			"rotation": {"angle": 0, "axis": "y", "origin": [11.25, 9.25, 15.25]},
			"faces": {
				"north": {"uv": [0, 0, 0.5, 2.25], "texture": "#189"},
				"east": {"uv": [0, 0, 0.5, 2.25], "texture": "#189"},
				"south": {"uv": [0, 0, 0.5, 2.25], "texture": "#189"},
				"west": {"uv": [0, 0, 0.5, 2.25], "texture": "#189"},
				"up": {"uv": [0, 0, 0.5, 2.25], "texture": "#189"},
				"down": {"uv": [0, 0, 0.5, 2.25], "texture": "#189"}
			}
		},
		{
			"from": [4.5, 1.25, 14.25],
			"to": [5, 3.5, 15],
			"rotation": {"angle": 0, "axis": "y", "origin": [11.25, 9.25, 20.25]},
			"faces": {
				"north": {"uv": [0, 0, 0.5, 2.25], "texture": "#189"},
				"east": {"uv": [0, 0, 0.5, 2.25], "texture": "#189"},
				"south": {"uv": [0, 0, 0.5, 2.25], "texture": "#189"},
				"west": {"uv": [0, 0, 0.5, 2.25], "texture": "#189"},
				"up": {"uv": [0, 0, 0.5, 2.25], "texture": "#189"},
				"down": {"uv": [0, 0, 0.5, 2.25], "texture": "#189"}
			}
		},
		{
			"from": [2.5, 1.25, 4.25],
			"to": [3, 3.5, 5],
			"rotation": {"angle": 0, "axis": "y", "origin": [9.25, 9.25, 10.25]},
			"faces": {
				"north": {"uv": [0, 0, 0.75, 2.25], "texture": "#189"},
				"east": {"uv": [0, 0, 0.75, 2.25], "texture": "#189"},
				"south": {"uv": [0, 0, 0.75, 2.25], "texture": "#189"},
				"west": {"uv": [0, 0, 0.75, 2.25], "texture": "#189"},
				"up": {"uv": [0, 0, 0.75, 2.25], "texture": "#189"},
				"down": {"uv": [0, 0, 0.75, 2.25], "texture": "#189"}
			}
		},
		{
			"from": [6.75, 3, 27],
			"to": [7.25, 5.25, 27.75],
			"rotation": {"angle": 0, "axis": "y", "origin": [13.5, 11, 33]},
			"faces": {
				"north": {"uv": [0, 0, 0.75, 2.25], "texture": "#189"},
				"east": {"uv": [0, 0, 0.75, 2.25], "texture": "#189"},
				"south": {"uv": [0, 0, 0.75, 2.25], "texture": "#189"},
				"west": {"uv": [0, 0, 0.75, 2.25], "texture": "#189"},
				"up": {"uv": [0, 0, 0.75, 2.25], "texture": "#189"},
				"down": {"uv": [0, 0, 0.75, 2.25], "texture": "#189"}
			}
		},
		{
			"from": [10.25, 3, 27],
			"to": [10.75, 5.25, 27.75],
			"rotation": {"angle": 0, "axis": "y", "origin": [17, 11, 33]},
			"faces": {
				"north": {"uv": [0, 0, 0.75, 2.25], "texture": "#189"},
				"east": {"uv": [0, 0, 0.75, 2.25], "texture": "#189"},
				"south": {"uv": [0, 0, 0.75, 2.25], "texture": "#189"},
				"west": {"uv": [0, 0, 0.75, 2.25], "texture": "#189"},
				"up": {"uv": [0, 0, 0.75, 2.25], "texture": "#189"},
				"down": {"uv": [0, 0, 0.75, 2.25], "texture": "#189"}
			}
		},
		{
			"from": [3.25, 3, 27],
			"to": [3.75, 5.25, 27.75],
			"rotation": {"angle": 0, "axis": "y", "origin": [10, 11, 33]},
			"faces": {
				"north": {"uv": [0, 0, 0.75, 2.25], "texture": "#189"},
				"east": {"uv": [0, 0, 0.75, 2.25], "texture": "#189"},
				"south": {"uv": [0, 0, 0.75, 2.25], "texture": "#189"},
				"west": {"uv": [0, 0, 0.75, 2.25], "texture": "#189"},
				"up": {"uv": [0, 0, 0.75, 2.25], "texture": "#189"},
				"down": {"uv": [0, 0, 0.75, 2.25], "texture": "#189"}
			}
		},
		{
			"from": [2.5, 1.25, 9.25],
			"to": [3, 3.5, 10],
			"rotation": {"angle": 0, "axis": "y", "origin": [9.25, 9.25, 15.25]},
			"faces": {
				"north": {"uv": [0, 0, 0.75, 2.25], "texture": "#189"},
				"east": {"uv": [0, 0, 0.75, 2.25], "texture": "#189"},
				"south": {"uv": [0, 0, 0.75, 2.25], "texture": "#189"},
				"west": {"uv": [0, 0, 0.75, 2.25], "texture": "#189"},
				"up": {"uv": [0, 0, 0.75, 2.25], "texture": "#189"},
				"down": {"uv": [0, 0, 0.75, 2.25], "texture": "#189"}
			}
		},
		{
			"from": [2.5, 1.25, 14.25],
			"to": [3, 3.5, 15],
			"rotation": {"angle": 0, "axis": "y", "origin": [9.25, 9.25, 20.25]},
			"faces": {
				"north": {"uv": [0, 0, 0.75, 2.25], "texture": "#189"},
				"east": {"uv": [0, 0, 0.75, 2.25], "texture": "#189"},
				"south": {"uv": [0, 0, 0.75, 2.25], "texture": "#189"},
				"west": {"uv": [0, 0, 0.75, 2.25], "texture": "#189"},
				"up": {"uv": [0, 0, 0.75, 2.25], "texture": "#189"},
				"down": {"uv": [0, 0, 0.75, 2.25], "texture": "#189"}
			}
		},
		{
			"from": [2, 3.25, 3],
			"to": [5.5, 3.75, 5.25],
			"rotation": {"angle": 0, "axis": "y", "origin": [9.25, 9.25, 10.25]},
			"faces": {
				"north": {"uv": [0, 0, 3.5, 0.5], "texture": "#265"},
				"east": {"uv": [0, 0, 2.25, 0.5], "texture": "#265"},
				"south": {"uv": [6.5, 6, 10, 8], "texture": "#81"},
				"west": {"uv": [0, 0, 3.5, 2.25], "texture": "#265"},
				"up": {"uv": [0, 0, 3.5, 2.25], "texture": "#265"},
				"down": {"uv": [6.5, 5.5, 10, 7.5], "texture": "#81"}
			}
		},
		{
			"from": [6.25, 5, 25.75],
			"to": [9.75, 5.5, 28],
			"rotation": {"angle": 0, "axis": "y", "origin": [13.5, 11, 33]},
			"faces": {
				"north": {"uv": [0, 0, 3.5, 0.5], "texture": "#265"},
				"east": {"uv": [0, 0, 2.25, 0.5], "texture": "#265"},
				"south": {"uv": [6.5, 6, 10, 8], "texture": "#81"},
				"west": {"uv": [0, 0, 3.5, 2.25], "texture": "#265"},
				"up": {"uv": [0, 0, 3.5, 2.25], "texture": "#265"},
				"down": {"uv": [6.5, 5.5, 10, 7.5], "texture": "#81"}
			}
		},
		{
			"from": [9.75, 5, 25.75],
			"to": [13.25, 5.5, 28],
			"rotation": {"angle": 0, "axis": "y", "origin": [17, 11, 33]},
			"faces": {
				"north": {"uv": [0, 0, 3.5, 0.5], "texture": "#265"},
				"east": {"uv": [0, 0, 2.25, 0.5], "texture": "#265"},
				"south": {"uv": [6.5, 6, 10, 8], "texture": "#81"},
				"west": {"uv": [0, 0, 3.5, 2.25], "texture": "#265"},
				"up": {"uv": [0, 0, 3.5, 2.25], "texture": "#265"},
				"down": {"uv": [6.5, 5.5, 10, 7.5], "texture": "#81"}
			}
		},
		{
			"from": [2.75, 5, 25.75],
			"to": [6.25, 5.5, 28],
			"rotation": {"angle": 0, "axis": "y", "origin": [10, 11, 33]},
			"faces": {
				"north": {"uv": [0, 0, 3.5, 0.5], "texture": "#265"},
				"east": {"uv": [0, 0, 2.25, 0.5], "texture": "#265"},
				"south": {"uv": [6.5, 6, 10, 8], "texture": "#81"},
				"west": {"uv": [0, 0, 3.5, 2.25], "texture": "#265"},
				"up": {"uv": [0, 0, 3.5, 2.25], "texture": "#265"},
				"down": {"uv": [6.5, 5.5, 10, 7.5], "texture": "#81"}
			}
		},
		{
			"from": [2, 3.25, 8],
			"to": [5.5, 3.75, 10.25],
			"rotation": {"angle": 0, "axis": "y", "origin": [9.25, 9.25, 15.25]},
			"faces": {
				"north": {"uv": [0, 0, 3.5, 0.5], "texture": "#265"},
				"east": {"uv": [0, 0, 2.25, 0.5], "texture": "#265"},
				"south": {"uv": [6.5, 6, 10, 8], "texture": "#81"},
				"west": {"uv": [0, 0, 3.5, 2.25], "texture": "#265"},
				"up": {"uv": [0, 0, 3.5, 2.25], "texture": "#265"},
				"down": {"uv": [6.5, 5.5, 10, 7.5], "texture": "#81"}
			}
		},
		{
			"from": [2, 3.25, 13],
			"to": [5.5, 3.75, 15.25],
			"rotation": {"angle": 0, "axis": "y", "origin": [9.25, 9.25, 20.25]},
			"faces": {
				"north": {"uv": [0, 0, 3.5, 0.5], "texture": "#265"},
				"east": {"uv": [0, 0, 2.25, 0.5], "texture": "#265"},
				"south": {"uv": [6.5, 6, 10, 8], "texture": "#81"},
				"west": {"uv": [0, 0, 3.5, 2.25], "texture": "#265"},
				"up": {"uv": [0, 0, 3.5, 2.25], "texture": "#265"},
				"down": {"uv": [6.5, 5.5, 10, 7.5], "texture": "#81"}
			}
		},
		{
			"from": [2, 3.5, 5],
			"to": [5.5, 7, 5.5],
			"rotation": {"angle": 0, "axis": "y", "origin": [9.25, 9.25, 10.5]},
			"faces": {
				"north": {"uv": [0, 0, 3.5, 3.5], "texture": "#265"},
				"east": {"uv": [0, 0, 0.5, 3.5], "texture": "#265"},
				"south": {"uv": [7, 6, 10.5, 9.5], "texture": "#81"},
				"west": {"uv": [0, 0, 0.5, 3.5], "texture": "#265"},
				"up": {"uv": [0, 0, 3.5, 0.5], "texture": "#265"},
				"down": {"uv": [7, 5.5, 10.5, 9], "texture": "#81"}
			}
		},
		{
			"from": [6.25, 5.25, 27.75],
			"to": [9.75, 8.75, 28.25],
			"rotation": {"angle": 0, "axis": "y", "origin": [13.5, 11, 33.25]},
			"faces": {
				"north": {"uv": [0, 0, 3.5, 3.5], "texture": "#265"},
				"east": {"uv": [0, 0, 0.5, 3.5], "texture": "#265"},
				"south": {"uv": [7, 6, 10.5, 9.5], "texture": "#81"},
				"west": {"uv": [0, 0, 0.5, 3.5], "texture": "#265"},
				"up": {"uv": [0, 0, 3.5, 0.5], "texture": "#265"},
				"down": {"uv": [7, 5.5, 10.5, 9], "texture": "#81"}
			}
		},
		{
			"from": [9.75, 5.25, 27.75],
			"to": [13.25, 8.75, 28.25],
			"rotation": {"angle": 0, "axis": "y", "origin": [17, 11, 33.25]},
			"faces": {
				"north": {"uv": [0, 0, 3.5, 3.5], "texture": "#265"},
				"east": {"uv": [0, 0, 0.5, 3.5], "texture": "#265"},
				"south": {"uv": [7, 6, 10.5, 9.5], "texture": "#81"},
				"west": {"uv": [0, 0, 0.5, 3.5], "texture": "#265"},
				"up": {"uv": [0, 0, 3.5, 0.5], "texture": "#265"},
				"down": {"uv": [7, 5.5, 10.5, 9], "texture": "#81"}
			}
		},
		{
			"from": [2.75, 5.25, 27.75],
			"to": [6.25, 8.75, 28.25],
			"rotation": {"angle": 0, "axis": "y", "origin": [10, 11, 33.25]},
			"faces": {
				"north": {"uv": [0, 0, 3.5, 3.5], "texture": "#265"},
				"east": {"uv": [0, 0, 0.5, 3.5], "texture": "#265"},
				"south": {"uv": [7, 6, 10.5, 9.5], "texture": "#81"},
				"west": {"uv": [0, 0, 0.5, 3.5], "texture": "#265"},
				"up": {"uv": [0, 0, 3.5, 0.5], "texture": "#265"},
				"down": {"uv": [7, 5.5, 10.5, 9], "texture": "#81"}
			}
		},
		{
			"from": [2, 3.5, 10],
			"to": [5.5, 7, 10.5],
			"rotation": {"angle": 0, "axis": "y", "origin": [9.25, 9.25, 15.5]},
			"faces": {
				"north": {"uv": [0, 0, 3.5, 3.5], "texture": "#265"},
				"east": {"uv": [0, 0, 0.5, 3.5], "texture": "#265"},
				"south": {"uv": [7, 6, 10.5, 9.5], "texture": "#81"},
				"west": {"uv": [0, 0, 0.5, 3.5], "texture": "#265"},
				"up": {"uv": [0, 0, 3.5, 0.5], "texture": "#265"},
				"down": {"uv": [7, 5.5, 10.5, 9], "texture": "#81"}
			}
		},
		{
			"from": [2, 3.5, 15],
			"to": [5.5, 7, 15.5],
			"rotation": {"angle": 0, "axis": "y", "origin": [9.25, 9.25, 20.5]},
			"faces": {
				"north": {"uv": [0, 0, 3.5, 3.5], "texture": "#265"},
				"east": {"uv": [0, 0, 0.5, 3.5], "texture": "#265"},
				"south": {"uv": [7, 6, 10.5, 9.5], "texture": "#81"},
				"west": {"uv": [0, 0, 0.5, 3.5], "texture": "#265"},
				"up": {"uv": [0, 0, 3.5, 0.5], "texture": "#265"},
				"down": {"uv": [7, 5.5, 10.5, 9], "texture": "#81"}
			}
		},
		{
			"from": [2.75, 7.75, 5.25],
			"to": [4.75, 8, 5.5],
			"rotation": {"angle": 0, "axis": "y", "origin": [6.75, 9.5, 10.75]},
			"faces": {
				"north": {"uv": [0, 0, 2, 0.25], "texture": "#694"},
				"east": {"uv": [0, 0, 2, 0.25], "texture": "#694"},
				"south": {"uv": [0, 0, 2, 0.25], "texture": "#694"},
				"west": {"uv": [0, 0, 2, 0.25], "texture": "#694"},
				"up": {"uv": [0, 0, 2, 0.25], "texture": "#694"},
				"down": {"uv": [0, 0, 2, 0.25], "texture": "#694"}
			}
		},
		{
			"from": [2.75, 7.75, 10.25],
			"to": [4.75, 8, 10.5],
			"rotation": {"angle": 0, "axis": "y", "origin": [6.75, 9.5, 15.75]},
			"faces": {
				"north": {"uv": [0, 0, 2, 0.25], "texture": "#694"},
				"east": {"uv": [0, 0, 2, 0.25], "texture": "#694"},
				"south": {"uv": [0, 0, 2, 0.25], "texture": "#694"},
				"west": {"uv": [0, 0, 2, 0.25], "texture": "#694"},
				"up": {"uv": [0, 0, 2, 0.25], "texture": "#694"},
				"down": {"uv": [0, 0, 2, 0.25], "texture": "#694"}
			}
		},
		{
			"from": [2.75, 7.75, 15.25],
			"to": [4.75, 8, 15.5],
			"rotation": {"angle": 0, "axis": "y", "origin": [6.75, 9.5, 20.75]},
			"faces": {
				"north": {"uv": [0, 0, 2, 0.25], "texture": "#694"},
				"east": {"uv": [0, 0, 2, 0.25], "texture": "#694"},
				"south": {"uv": [0, 0, 2, 0.25], "texture": "#694"},
				"west": {"uv": [0, 0, 2, 0.25], "texture": "#694"},
				"up": {"uv": [0, 0, 2, 0.25], "texture": "#694"},
				"down": {"uv": [0, 0, 2, 0.25], "texture": "#694"}
			}
		},
		{
			"from": [2.5, 7, 5.25],
			"to": [2.75, 8, 5.5],
			"rotation": {"angle": 0, "axis": "y", "origin": [6.75, 9.5, 10.75]},
			"faces": {
				"north": {"uv": [0, 0, 0.25, 1], "texture": "#694"},
				"east": {"uv": [0, 0, 0.25, 1], "texture": "#694"},
				"south": {"uv": [0, 0, 0.25, 1], "texture": "#694"},
				"west": {"uv": [0, 0, 0.25, 1], "texture": "#694"},
				"up": {"uv": [0, 0, 0.25, 1], "texture": "#694"},
				"down": {"uv": [0, 0, 0.25, 1], "texture": "#694"}
			}
		},
		{
			"from": [2.5, 7, 10.25],
			"to": [2.75, 8, 10.5],
			"rotation": {"angle": 0, "axis": "y", "origin": [6.75, 9.5, 15.75]},
			"faces": {
				"north": {"uv": [0, 0, 0.25, 1], "texture": "#694"},
				"east": {"uv": [0, 0, 0.25, 1], "texture": "#694"},
				"south": {"uv": [0, 0, 0.25, 1], "texture": "#694"},
				"west": {"uv": [0, 0, 0.25, 1], "texture": "#694"},
				"up": {"uv": [0, 0, 0.25, 1], "texture": "#694"},
				"down": {"uv": [0, 0, 0.25, 1], "texture": "#694"}
			}
		},
		{
			"from": [2.5, 7, 15.25],
			"to": [2.75, 8, 15.5],
			"rotation": {"angle": 0, "axis": "y", "origin": [6.75, 9.5, 20.75]},
			"faces": {
				"north": {"uv": [0, 0, 0.25, 1], "texture": "#694"},
				"east": {"uv": [0, 0, 0.25, 1], "texture": "#694"},
				"south": {"uv": [0, 0, 0.25, 1], "texture": "#694"},
				"west": {"uv": [0, 0, 0.25, 1], "texture": "#694"},
				"up": {"uv": [0, 0, 0.25, 1], "texture": "#694"},
				"down": {"uv": [0, 0, 0.25, 1], "texture": "#694"}
			}
		},
		{
			"from": [3, 7.25, 5],
			"to": [4.5, 8.25, 5.25],
			"rotation": {"angle": 0, "axis": "y", "origin": [7.25, 9.5, 10.5]},
			"faces": {
				"north": {"uv": [0, 0, 16, 16], "texture": "#295"},
				"east": {"uv": [0, 0, 16, 16], "texture": "#295"},
				"south": {"uv": [0, 0, 16, 16], "texture": "#295"},
				"west": {"uv": [0, 0, 16, 16], "texture": "#295"},
				"up": {"uv": [0, 0, 16, 16], "texture": "#295"},
				"down": {"uv": [0, 0, 16, 16], "texture": "#295"}
			}
		},
		{
			"from": [3, 7.25, 10],
			"to": [4.5, 8.25, 10.25],
			"rotation": {"angle": 0, "axis": "y", "origin": [7.25, 9.5, 15.5]},
			"faces": {
				"north": {"uv": [0, 0, 16, 16], "texture": "#295"},
				"east": {"uv": [0, 0, 16, 16], "texture": "#295"},
				"south": {"uv": [0, 0, 16, 16], "texture": "#295"},
				"west": {"uv": [0, 0, 16, 16], "texture": "#295"},
				"up": {"uv": [0, 0, 16, 16], "texture": "#295"},
				"down": {"uv": [0, 0, 16, 16], "texture": "#295"}
			}
		},
		{
			"from": [3, 7.25, 15],
			"to": [4.5, 8.25, 15.25],
			"rotation": {"angle": 0, "axis": "y", "origin": [7.25, 9.5, 20.5]},
			"faces": {
				"north": {"uv": [0, 0, 16, 16], "texture": "#295"},
				"east": {"uv": [0, 0, 16, 16], "texture": "#295"},
				"south": {"uv": [0, 0, 16, 16], "texture": "#295"},
				"west": {"uv": [0, 0, 16, 16], "texture": "#295"},
				"up": {"uv": [0, 0, 16, 16], "texture": "#295"},
				"down": {"uv": [0, 0, 16, 16], "texture": "#295"}
			}
		},
		{
			"from": [4.75, 7, 5.25],
			"to": [5, 15.25, 5.5],
			"rotation": {"angle": 0, "axis": "y", "origin": [9, 9.5, 10.75]},
			"faces": {
				"north": {"uv": [0, 0, 0.25, 7.25], "texture": "#694"},
				"east": {"uv": [0, 0, 0.25, 7.25], "texture": "#694"},
				"south": {"uv": [0, 0, 0.25, 7.25], "texture": "#694"},
				"west": {"uv": [0, 0, 0.25, 7.25], "texture": "#694"},
				"up": {"uv": [0, 0, 0.25, 7.25], "texture": "#694"},
				"down": {"uv": [0, 0, 0.25, 7.25], "texture": "#694"}
			}
		},
		{
			"from": [4.75, 7, 10.25],
			"to": [5, 15.25, 10.5],
			"rotation": {"angle": 0, "axis": "y", "origin": [9, 9.5, 15.75]},
			"faces": {
				"north": {"uv": [0, 0, 0.25, 7.25], "texture": "#694"},
				"east": {"uv": [0, 0, 0.25, 7.25], "texture": "#694"},
				"south": {"uv": [0, 0, 0.25, 7.25], "texture": "#694"},
				"west": {"uv": [0, 0, 0.25, 7.25], "texture": "#694"},
				"up": {"uv": [0, 0, 0.25, 7.25], "texture": "#694"},
				"down": {"uv": [0, 0, 0.25, 7.25], "texture": "#694"}
			}
		},
		{
			"from": [4.75, 7, 15.25],
			"to": [5, 15.25, 15.5],
			"rotation": {"angle": 0, "axis": "y", "origin": [9, 9.5, 20.75]},
			"faces": {
				"north": {"uv": [0, 0, 0.25, 7.25], "texture": "#694"},
				"east": {"uv": [0, 0, 0.25, 7.25], "texture": "#694"},
				"south": {"uv": [0, 0, 0.25, 7.25], "texture": "#694"},
				"west": {"uv": [0, 0, 0.25, 7.25], "texture": "#694"},
				"up": {"uv": [0, 0, 0.25, 7.25], "texture": "#694"},
				"down": {"uv": [0, 0, 0.25, 7.25], "texture": "#694"}
			}
		},
		{
			"from": [14.5, 1.25, 11.75],
			"to": [14.75, 1.5, 14.75],
			"rotation": {"angle": 0, "axis": "y", "origin": [19.5, 9.25, 18.5]},
			"faces": {
				"north": {"uv": [0, 0, 4.5, 0.25], "texture": "#65"},
				"east": {"uv": [0, 0, 4.5, 0.25], "texture": "#65"},
				"south": {"uv": [0, 0, 4.5, 0.25], "texture": "#65"},
				"west": {"uv": [0, 0, 4.5, 0.25], "texture": "#65"},
				"up": {"uv": [0, 0, 4.5, 0.25], "texture": "#65"},
				"down": {"uv": [0, 0, 4.5, 0.25], "texture": "#65"}
			}
		},
		{
			"from": [14.25, 12.75, 8],
			"to": [15, 13, 15],
			"rotation": {"angle": 0, "axis": "y", "origin": [19.5, 20.75, 15.75]},
			"faces": {
				"north": {"uv": [0, 0, 0.75, 7.5], "texture": "#189"},
				"east": {"uv": [0, 0, 0.75, 7.5], "texture": "#189"},
				"south": {"uv": [0, 0, 0.75, 7.5], "texture": "#189"},
				"west": {"uv": [0, 0, 0.75, 7.5], "texture": "#189"},
				"up": {"uv": [0, 0, 0.75, 7.5], "texture": "#189"},
				"down": {"uv": [0, 0, 0.75, 7.5], "texture": "#189"}
			}
		},
		{
			"from": [14.5, 1.25, 8.25],
			"to": [14.75, 1.5, 11.25],
			"rotation": {"angle": 0, "axis": "y", "origin": [19.5, 9.25, 15.5]},
			"faces": {
				"north": {"uv": [0, 0, 4.5, 0.25], "texture": "#65"},
				"east": {"uv": [0, 0, 4.5, 0.25], "texture": "#65"},
				"south": {"uv": [0, 0, 4.5, 0.25], "texture": "#65"},
				"west": {"uv": [0, 0, 4.5, 0.25], "texture": "#65"},
				"up": {"uv": [0, 0, 4.5, 0.25], "texture": "#65"},
				"down": {"uv": [0, 0, 4.5, 0.25], "texture": "#65"}
			}
		},
		{
			"from": [14.5, 1.25, 14.75],
			"to": [14.75, 12.75, 15],
			"rotation": {"angle": 0, "axis": "y", "origin": [19.5, 9.5, 18.25]},
			"faces": {
				"north": {"uv": [0, 0, 0.25, 11.5], "texture": "#65"},
				"east": {"uv": [0, 0, 0.25, 11.5], "texture": "#65"},
				"south": {"uv": [0, 0, 0.25, 11.5], "texture": "#65"},
				"west": {"uv": [0, 0, 0.25, 11.5], "texture": "#65"},
				"up": {"uv": [0, 0, 0.25, 11.5], "texture": "#65"},
				"down": {"uv": [0, 0, 0.25, 11.5], "texture": "#65"}
			}
		},
		{
			"from": [14.5, 1.25, 11.25],
			"to": [14.75, 12.75, 11.75],
			"rotation": {"angle": 0, "axis": "y", "origin": [19.5, 9.5, 15]},
			"faces": {
				"north": {"uv": [0, 0, 0.5, 11.5], "texture": "#65"},
				"east": {"uv": [0, 0, 0.5, 11.5], "texture": "#65"},
				"south": {"uv": [0, 0, 0.5, 11.5], "texture": "#65"},
				"west": {"uv": [0, 0, 0.5, 11.5], "texture": "#65"},
				"up": {"uv": [0, 0, 0.5, 11.5], "texture": "#65"},
				"down": {"uv": [0, 0, 0.5, 11.5], "texture": "#65"}
			}
		},
		{
			"from": [14.5, 1.25, 8],
			"to": [14.75, 12.75, 8.25],
			"rotation": {"angle": 0, "axis": "y", "origin": [19.5, 9.5, 11.5]},
			"faces": {
				"north": {"uv": [0, 0, 0.25, 11.5], "texture": "#65"},
				"east": {"uv": [0, 0, 0.25, 11.5], "texture": "#65"},
				"south": {"uv": [0, 0, 0.25, 11.5], "texture": "#65"},
				"west": {"uv": [0, 0, 0.25, 11.5], "texture": "#65"},
				"up": {"uv": [0, 0, 0.25, 11.5], "texture": "#65"},
				"down": {"uv": [0, 0, 0.25, 11.5], "texture": "#65"}
			}
		},
		{
			"from": [14.5, 12.5, 8.25],
			"to": [14.75, 12.75, 11.25],
			"rotation": {"angle": 0, "axis": "y", "origin": [19.5, 20.5, 15.5]},
			"faces": {
				"north": {"uv": [0, 0, 3, 0.25], "texture": "#65"},
				"east": {"uv": [0, 0, 3, 0.25], "texture": "#65"},
				"south": {"uv": [0, 0, 3, 0.25], "texture": "#65"},
				"west": {"uv": [0, 0, 3, 0.25], "texture": "#65"},
				"up": {"uv": [0, 0, 3, 0.25], "texture": "#65"},
				"down": {"uv": [0, 0, 3, 0.25], "texture": "#65"}
			}
		},
		{
			"from": [14.5, 12.5, 11.75],
			"to": [14.75, 12.75, 14.75],
			"rotation": {"angle": 0, "axis": "y", "origin": [19.5, 20.5, 18.5]},
			"faces": {
				"north": {"uv": [0, 0, 3, 0.25], "texture": "#65"},
				"east": {"uv": [0, 0, 3, 0.25], "texture": "#65"},
				"south": {"uv": [0, 0, 3, 0.25], "texture": "#65"},
				"west": {"uv": [0, 0, 3, 0.25], "texture": "#65"},
				"up": {"uv": [0, 0, 3, 0.25], "texture": "#65"},
				"down": {"uv": [0, 0, 3, 0.25], "texture": "#65"}
			}
		},
		{
			"from": [1.25, 6.25, 2.5],
			"to": [1.5, 13, 7.5],
			"rotation": {"angle": 0, "axis": "y", "origin": [-3.5, 11.5, 2.5]},
			"faces": {
				"north": {"uv": [0, 0, 16, 16], "texture": "#280"},
				"east": {"uv": [0, 0, 16, 16], "texture": "#280"},
				"south": {"uv": [0, 0, 16, 16], "texture": "#280"},
				"west": {"uv": [0, 0, 16, 16], "texture": "#280"},
				"up": {"uv": [0, 0, 16, 16], "texture": "#280"},
				"down": {"uv": [0, 0, 16, 16], "texture": "#280"}
			}
		},
		{
			"from": [1.25, 6.25, 8],
			"to": [1.5, 13, 15],
			"rotation": {"angle": 0, "axis": "y", "origin": [-3.5, 11.5, 10]},
			"faces": {
				"north": {"uv": [0, 0, 16, 16], "texture": "#280"},
				"east": {"uv": [0, 0, 16, 16], "texture": "#280"},
				"south": {"uv": [0, 0, 16, 16], "texture": "#280"},
				"west": {"uv": [0, 0, 16, 16], "texture": "#280"},
				"up": {"uv": [0, 0, 16, 16], "texture": "#280"},
				"down": {"uv": [0, 0, 16, 16], "texture": "#280"}
			}
		},
		{
			"from": [1.25, 7, 15.5],
			"to": [1.5, 13, 23.5],
			"rotation": {"angle": 0, "axis": "y", "origin": [-3.5, 11.5, 18.5]},
			"faces": {
				"north": {"uv": [0, 0, 16, 16], "texture": "#280"},
				"east": {"uv": [0, 0, 16, 16], "texture": "#280"},
				"south": {"uv": [0, 0, 16, 16], "texture": "#280"},
				"west": {"uv": [0, 0, 16, 16], "texture": "#280"},
				"up": {"uv": [0, 0, 16, 16], "texture": "#280"},
				"down": {"uv": [0, 0, 16, 16], "texture": "#280"}
			}
		},
		{
			"from": [1.25, 7, 24],
			"to": [1.5, 13, 27.5],
			"rotation": {"angle": 0, "axis": "y", "origin": [-3.5, 11.5, 27]},
			"faces": {
				"north": {"uv": [0, 0, 16, 16], "texture": "#280"},
				"east": {"uv": [0, 0, 16, 16], "texture": "#280"},
				"south": {"uv": [0, 0, 16, 16], "texture": "#280"},
				"west": {"uv": [0, 0, 16, 16], "texture": "#280"},
				"up": {"uv": [0, 0, 16, 16], "texture": "#280"},
				"down": {"uv": [0, 0, 16, 16], "texture": "#280"}
			}
		},
		{
			"from": [2.5, 9.75, 30.25],
			"to": [13.5, 13, 30.5],
			"rotation": {"angle": 0, "axis": "y", "origin": [-2.75, 14.25, 29.75]},
			"faces": {
				"north": {"uv": [0, 0, 16, 16], "texture": "#280"},
				"east": {"uv": [0, 0, 16, 16], "texture": "#280"},
				"south": {"uv": [0, 0, 16, 16], "texture": "#280"},
				"west": {"uv": [0, 0, 16, 16], "texture": "#280"},
				"up": {"uv": [0, 0, 16, 16], "texture": "#280"},
				"down": {"uv": [0, 0, 16, 16], "texture": "#280"}
			}
		},
		{
			"from": [14.5, 7, 24],
			"to": [14.75, 13, 27.5],
			"rotation": {"angle": 0, "axis": "y", "origin": [9.75, 11.5, 27]},
			"faces": {
				"north": {"uv": [0, 0, 16, 16], "texture": "#280"},
				"east": {"uv": [0, 0, 16, 16], "texture": "#280"},
				"south": {"uv": [0, 0, 16, 16], "texture": "#280"},
				"west": {"uv": [0, 0, 16, 16], "texture": "#280"},
				"up": {"uv": [0, 0, 16, 16], "texture": "#280"},
				"down": {"uv": [0, 0, 16, 16], "texture": "#280"}
			}
		},
		{
			"from": [14.5, 7, 15.5],
			"to": [14.75, 13, 23.5],
			"rotation": {"angle": 0, "axis": "y", "origin": [9.75, 11.5, 18.5]},
			"faces": {
				"north": {"uv": [0, 0, 16, 16], "texture": "#280"},
				"east": {"uv": [0, 0, 16, 16], "texture": "#280"},
				"south": {"uv": [0, 0, 16, 16], "texture": "#280"},
				"west": {"uv": [0, 0, 16, 16], "texture": "#280"},
				"up": {"uv": [0, 0, 16, 16], "texture": "#280"},
				"down": {"uv": [0, 0, 16, 16], "texture": "#280"}
			}
		},
		{
			"from": [14.5, 1.5, 11.75],
			"to": [14.75, 12.5, 14.75],
			"rotation": {"angle": 0, "axis": "y", "origin": [19.5, 20.25, 18.25]},
			"faces": {
				"north": {"uv": [0, 0, 16, 16], "texture": "#280"},
				"east": {"uv": [0, 0, 16, 16], "texture": "#280"},
				"south": {"uv": [0, 0, 16, 16], "texture": "#280"},
				"west": {"uv": [0, 0, 16, 16], "texture": "#280"},
				"up": {"uv": [0, 0, 16, 16], "texture": "#280"},
				"down": {"uv": [0, 0, 16, 16], "texture": "#280"}
			}
		},
		{
			"from": [14.5, 1.5, 8.25],
			"to": [14.75, 12.5, 11.25],
			"rotation": {"angle": 0, "axis": "y", "origin": [19.5, 20.25, 14.75]},
			"faces": {
				"north": {"uv": [0, 0, 16, 16], "texture": "#280"},
				"east": {"uv": [0, 0, 16, 16], "texture": "#280"},
				"south": {"uv": [0, 0, 16, 16], "texture": "#280"},
				"west": {"uv": [0, 0, 16, 16], "texture": "#280"},
				"up": {"uv": [0, 0, 16, 16], "texture": "#280"},
				"down": {"uv": [0, 0, 16, 16], "texture": "#280"}
			}
		},
		{
			"from": [14.5, 6.25, 2.5],
			"to": [14.75, 13, 7.5],
			"rotation": {"angle": 0, "axis": "y", "origin": [9.75, 11.5, 2.5]},
			"faces": {
				"north": {"uv": [0, 0, 16, 16], "texture": "#280"},
				"east": {"uv": [0, 0, 16, 16], "texture": "#280"},
				"south": {"uv": [0, 0, 16, 16], "texture": "#280"},
				"west": {"uv": [0, 0, 16, 16], "texture": "#280"},
				"up": {"uv": [0, 0, 16, 16], "texture": "#280"},
				"down": {"uv": [0, 0, 16, 16], "texture": "#280"}
			}
		}
	],
	"display": {
		"thirdperson_righthand": {
			"scale": [4, 4, 4]
		},
		"head": {
			"scale": [4, 4, 4]
		}
	}
}