{
	"credit": "This model is made by Antlucl and Keonian_ for Harlon City Server only. It is strictly not permitted to modify or use this model for any other project. This model has been created using the Blockbench software.",
	"textures": {
		"2": "block/black_concrete",
		"6": "block/white_concrete",
		"23": "block/HTmetro",
		"24": "block/gray_wool",
		"30": "block/HTblue",
		"37": "block/HT-scd",
		"46": "block/HT",
		"particle": "block/light_gray_concrete"
	},
	"elements": [
		{
			"name": "Harlon City Server",
			"from": [0.5, 4.9, 7.375],
			"to": [0.75, 9.9, 12.25],
			"rotation": {"angle": 0, "axis": "y", "origin": [-0.25, -1.8, -17.5]},
			"faces": {
				"north": {"uv": [0, 0, 1, 1], "texture": "#6"},
				"east": {"uv": [0, 0, 1, 1], "texture": "#30"},
				"south": {"uv": [0, 0, 1, 1], "texture": "#6"},
				"west": {"uv": [0, 0, 1, 1], "texture": "#6"},
				"up": {"uv": [0, 0, 1, 1], "texture": "#6"},
				"down": {"uv": [0, 0, 1, 1], "texture": "#6"}
			}
		},
		{
			"name": "Harlon City Server",
			"from": [0.5, 9.9, 7.37],
			"to": [0.75, 10.65, 10.52],
			"rotation": {"angle": 0, "axis": "y", "origin": [-0.25, -1.8, -17.5]},
			"faces": {
				"north": {"uv": [0, 0, 1, 1], "texture": "#6"},
				"east": {"uv": [0, 0, 1, 1], "texture": "#30"},
				"south": {"uv": [0, 0, 1, 1], "texture": "#6"},
				"west": {"uv": [0, 0, 1, 1], "texture": "#46"},
				"up": {"uv": [0, 0, 1, 1], "texture": "#6"},
				"down": {"uv": [0, 0, 1, 1], "texture": "#6"}
			}
		},
		{
			"name": "Harlon City Server",
			"from": [0.49, 19.677, 5.6],
			"to": [0.49, 19.802, 5.875],
			"rotation": {"angle": 22.5, "axis": "x", "origin": [-0.25, -1.8, -17.5]},
			"faces": {
				"north": {"uv": [0, 0, 1, 1], "texture": "#23"},
				"east": {"uv": [0, 0, 1, 1], "texture": "#23"},
				"south": {"uv": [0, 0, 1, 1], "texture": "#23"},
				"west": {"uv": [0, 0, 1, 1], "texture": "#46"},
				"up": {"uv": [1, 1, 0, 0], "texture": "#23"},
				"down": {"uv": [1, 1, 0, 0], "texture": "#23"}
			}
		},
		{
			"name": "Harlon City Server",
			"from": [0.49, 19.802, 5.6],
			"to": [0.49, 20.052, 5.775],
			"rotation": {"angle": 22.5, "axis": "x", "origin": [-0.25, -1.8, -17.5]},
			"faces": {
				"north": {"uv": [0, 0, 1, 1], "texture": "#23"},
				"east": {"uv": [0, 0, 1, 1], "texture": "#23"},
				"south": {"uv": [0, 0, 1, 1], "texture": "#23"},
				"west": {"uv": [0, 0, 1, 1], "texture": "#46"},
				"up": {"uv": [1, 1, 0, 0], "texture": "#23"},
				"down": {"uv": [1, 1, 0, 0], "texture": "#23"}
			}
		},
		{
			"name": "Harlon City Server",
			"from": [0.49, 20.052, 5.6],
			"to": [0.49, 20.177, 5.675],
			"rotation": {"angle": 22.5, "axis": "x", "origin": [-0.25, -1.8, -17.5]},
			"faces": {
				"north": {"uv": [0, 0, 1, 1], "texture": "#23"},
				"east": {"uv": [0, 0, 1, 1], "texture": "#23"},
				"south": {"uv": [0, 0, 1, 1], "texture": "#23"},
				"west": {"uv": [0, 0, 1, 1], "texture": "#46"},
				"up": {"uv": [1, 1, 0, 0], "texture": "#23"},
				"down": {"uv": [1, 1, 0, 0], "texture": "#23"}
			}
		},
		{
			"name": "Harlon City Server",
			"from": [0.49, 19.677, 3.625],
			"to": [0.49, 20.427, 5.6],
			"rotation": {"angle": 22.5, "axis": "x", "origin": [-0.25, -1.8, -17.5]},
			"faces": {
				"north": {"uv": [0, 0, 1, 1], "texture": "#23"},
				"east": {"uv": [0, 0, 1, 1], "texture": "#23"},
				"south": {"uv": [0, 0, 1, 1], "texture": "#23"},
				"west": {"uv": [0, 0, 1, 1], "texture": "#46"},
				"up": {"uv": [1, 1, 0, 0], "texture": "#23"},
				"down": {"uv": [1, 1, 0, 0], "texture": "#23"}
			}
		},
		{
			"name": "Harlon City Server",
			"from": [0.5, 9.9, 10.52],
			"to": [0.75, 10.65, 12.25],
			"rotation": {"angle": 0, "axis": "y", "origin": [-0.25, -1.8, -17.5]},
			"faces": {
				"north": {"uv": [0, 0, 1, 1], "texture": "#6"},
				"east": {"uv": [0, 0, 1, 1], "texture": "#30"},
				"south": {"uv": [0, 0, 1, 1], "texture": "#6"},
				"west": {"uv": [0, 0, 1, 1], "texture": "#6"},
				"up": {"uv": [0, 0, 1, 1], "texture": "#6"},
				"down": {"uv": [0, 0, 1, 1], "texture": "#6"}
			}
		},
		{
			"name": "Harlon City Server",
			"from": [0.5, 10.65, 7.375],
			"to": [0.75, 11.15, 12.25],
			"rotation": {"angle": 0, "axis": "y", "origin": [-0.25, -1.8, -17.5]},
			"faces": {
				"north": {"uv": [0, 0, 1, 1], "texture": "#6"},
				"east": {"uv": [0, 0, 1, 1], "texture": "#30"},
				"south": {"uv": [0, 0, 1, 1], "texture": "#6"},
				"west": {"uv": [0, 0, 1, 1], "texture": "#6"},
				"up": {"uv": [0, 0, 1, 1], "texture": "#6"},
				"down": {"uv": [0, 0, 1, 1], "texture": "#6"}
			}
		},
		{
			"name": "Harlon City Server",
			"from": [0.55, 11.15, 7.875],
			"to": [0.7, 11.4, 11.625],
			"rotation": {"angle": 0, "axis": "y", "origin": [-0.25, -1.8, -17.5]},
			"faces": {
				"north": {"uv": [0, 0, 1, 1], "texture": "#2"},
				"east": {"uv": [0, 0, 1, 1], "texture": "#2"},
				"south": {"uv": [0, 0, 1, 1], "texture": "#2"},
				"west": {"uv": [0, 0, 1, 1], "texture": "#2"},
				"up": {"uv": [0, 0, 1, 1], "texture": "#2"},
				"down": {"uv": [0, 0, 1, 1], "texture": "#2"}
			}
		},
		{
			"name": "Harlon City Server",
			"from": [0.5, 4.9, 12.25],
			"to": [0.75, 18.65, 12.375],
			"rotation": {"angle": 0, "axis": "y", "origin": [-0.25, -1.8, -17.5]},
			"faces": {
				"north": {"uv": [0, 0, 1, 16], "texture": "#24"},
				"east": {"uv": [0, 0, 1, 16], "texture": "#24"},
				"south": {"uv": [0, 0, 1, 16], "texture": "#24"},
				"west": {"uv": [0, 0, 1, 16], "texture": "#24"},
				"up": {"uv": [0, 0, 1, 16], "texture": "#24"},
				"down": {"uv": [0, 0, 1, 16], "texture": "#24"}
			}
		},
		{
			"name": "Harlon City Server",
			"from": [0.48, 4.9, 12.25],
			"to": [0.48, 18.65, 12.375],
			"rotation": {"angle": 0, "axis": "y", "origin": [-0.25, -1.8, -17.5]},
			"faces": {
				"north": {"uv": [0, 0, 1, 16], "texture": "#24"},
				"east": {"uv": [0, 0, 1, 16], "texture": "#24"},
				"south": {"uv": [0, 0, 1, 16], "texture": "#24"},
				"west": {"uv": [0, 0, 1, 16], "texture": "#24"},
				"up": {"uv": [0, 0, 1, 16], "texture": "#24"},
				"down": {"uv": [0, 0, 1, 16], "texture": "#24"}
			}
		},
		{
			"name": "Harlon City Server",
			"from": [0.5, 11.15, 11.875],
			"to": [0.75, 17.65, 12.25],
			"rotation": {"angle": 0, "axis": "y", "origin": [-0.25, -1.8, -17.5]},
			"faces": {
				"north": {"uv": [0, 0, 1, 1], "texture": "#6"},
				"east": {"uv": [0, 0, 1, 1], "texture": "#30"},
				"south": {"uv": [0, 0, 1, 1], "texture": "#6"},
				"west": {"uv": [0, 0, 1, 1], "texture": "#6"},
				"up": {"uv": [0, 0, 1, 1], "texture": "#6"},
				"down": {"uv": [0, 0, 1, 1], "texture": "#6"}
			}
		},
		{
			"name": "Harlon City Server",
			"from": [0.5, 11.15, 7.375],
			"to": [0.75, 17.65, 7.625],
			"rotation": {"angle": 0, "axis": "y", "origin": [-0.25, -1.8, -17.5]},
			"faces": {
				"north": {"uv": [0, 0, 1, 1], "texture": "#6"},
				"east": {"uv": [0, 0, 1, 1], "texture": "#30"},
				"south": {"uv": [0, 0, 1, 1], "texture": "#6"},
				"west": {"uv": [0, 0, 1, 1], "texture": "#6"},
				"up": {"uv": [0, 0, 1, 1], "texture": "#6"},
				"down": {"uv": [0, 0, 1, 1], "texture": "#6"}
			}
		},
		{
			"name": "Harlon City Server",
			"from": [0.55, 11.15, 7.625],
			"to": [0.7, 17.65, 7.875],
			"rotation": {"angle": 0, "axis": "y", "origin": [-0.25, -1.8, -17.5]},
			"faces": {
				"north": {"uv": [0, 0, 1, 1], "texture": "#2"},
				"east": {"uv": [0, 0, 1, 1], "texture": "#2"},
				"south": {"uv": [0, 0, 1, 1], "texture": "#2"},
				"west": {"uv": [0, 0, 1, 1], "texture": "#2"},
				"up": {"uv": [0, 0, 1, 1], "texture": "#2"},
				"down": {"uv": [0, 0, 1, 1], "texture": "#2"}
			}
		},
		{
			"name": "Harlon City Server",
			"from": [0.55, 11.15, 11.625],
			"to": [0.7, 17.65, 11.875],
			"rotation": {"angle": 0, "axis": "y", "origin": [-0.25, -1.8, -17.5]},
			"faces": {
				"north": {"uv": [0, 0, 1, 1], "texture": "#2"},
				"east": {"uv": [0, 0, 1, 1], "texture": "#2"},
				"south": {"uv": [0, 0, 1, 1], "texture": "#2"},
				"west": {"uv": [0, 0, 1, 1], "texture": "#2"},
				"up": {"uv": [0, 0, 1, 1], "texture": "#2"},
				"down": {"uv": [0, 0, 1, 1], "texture": "#2"}
			}
		},
		{
			"name": "Harlon City Server",
			"from": [0.55, 17.4, 7.875],
			"to": [0.7, 17.65, 11.625],
			"rotation": {"angle": 0, "axis": "y", "origin": [-0.25, -1.8, -17.5]},
			"faces": {
				"north": {"uv": [0, 0, 1, 1], "texture": "#2"},
				"east": {"uv": [0, 0, 1, 1], "texture": "#2"},
				"south": {"uv": [0, 0, 1, 1], "texture": "#2"},
				"west": {"uv": [0, 0, 1, 1], "texture": "#2"},
				"up": {"uv": [0, 0, 1, 1], "texture": "#2"},
				"down": {"uv": [0, 0, 1, 1], "texture": "#2"}
			}
		},
		{
			"name": "Harlon City Server",
			"from": [0.5, 17.65, 7.375],
			"to": [0.75, 18.65, 12.25],
			"rotation": {"angle": 0, "axis": "y", "origin": [-0.25, -1.8, -17.5]},
			"faces": {
				"north": {"uv": [0, 0, 1, 1], "texture": "#6"},
				"east": {"uv": [0, 0, 1, 1], "texture": "#30"},
				"south": {"uv": [0, 0, 1, 1], "texture": "#6"},
				"west": {"uv": [0, 0, 1, 1], "texture": "#6"},
				"up": {"uv": [0, 0, 1, 1], "texture": "#6"},
				"down": {"uv": [0, 0, 1, 1], "texture": "#6"}
			}
		},
		{
			"name": "Harlon City Server",
			"from": [0.76, 17.9, 7.625],
			"to": [0.76, 18.4, 11.875],
			"rotation": {"angle": 0, "axis": "y", "origin": [-0.25, -1.8, -17.5]},
			"faces": {
				"north": {"uv": [0, 0, 1, 1], "texture": "#30"},
				"east": {"uv": [0, 0, 16, 16], "texture": "#37"},
				"south": {"uv": [0, 0, 1, 1], "texture": "#30"},
				"west": {"uv": [0, 0, 1, 1], "texture": "#30"},
				"up": {"uv": [1, 1, 0, 0], "texture": "#30"},
				"down": {"uv": [1, 1, 0, 0], "texture": "#30"}
			}
		}
	],
	"display": {
		"thirdperson_righthand": {
			"scale": [4, 4, 4]
		},
		"head": {
			"scale": [4, 4, 4]
		}
	},
	"groups": [
		{
			"name": "Door",
			"origin": [0, 0.25, -6.75],
			"color": 0,
			"children": [0, 1, 2, 3, 4, 5, 6, 7, 8, 9, 10, 11, 12, 13, 14, 15, 16, 17]
		}
	]
}