{
	"format_version": "1.20.4",
	"credit": "Made with Blockbench",
	"textures": {
		"0": "block/red_concrete",
		"1": "block/light_gray_concrete",
		"3": "block/black_concrete",
		"particle": "block/red_concrete"
	},
	"elements": [
		{
			"name": "Harlon City Server",
			"from": [4.65, 7.59, 11],
			"to": [11.35, 7.74, 11.5],
			"rotation": {"angle": 0, "axis": "y", "origin": [0, -3, -1.5]},
			"faces": {
				"north": {"uv": [0, 0, 1, 1], "texture": "#3"},
				"east": {"uv": [0, 0, 1, 1], "texture": "#3"},
				"south": {"uv": [0, 0, 1, 1], "texture": "#3"},
				"west": {"uv": [0, 0, 1, 1], "texture": "#3"},
				"up": {"uv": [0, 0, 1, 1], "texture": "#3"},
				"down": {"uv": [0, 0, 1, 1], "texture": "#3"}
			}
		},
		{
			"name": "Harlon City Server",
			"from": [2.6, 1, 11.95],
			"to": [13.4, 1.25, 12.55],
			"rotation": {"angle": 0, "axis": "y", "origin": [0, -0.75, -3]},
			"faces": {
				"north": {"uv": [0, 0, 1, 1], "texture": "#0"},
				"east": {"uv": [0, 0, 1, 1], "texture": "#0"},
				"south": {"uv": [0, 0, 1, 1], "texture": "#0"},
				"west": {"uv": [0, 0, 1, 1], "texture": "#0"},
				"up": {"uv": [0, 0, 1, 1], "texture": "#0"},
				"down": {"uv": [0, 0, 1, 1], "texture": "#0"}
			}
		},
		{
			"name": "Harlon City Server",
			"from": [5.8, 1.6, 10.75],
			"to": [10.2, 1.95, 11.1],
			"rotation": {"angle": 0, "axis": "y", "origin": [0, -0.75, -3]},
			"faces": {
				"north": {"uv": [0, 0, 1, 1], "texture": "#0"},
				"east": {"uv": [0, 0, 1, 1], "texture": "#0"},
				"south": {"uv": [0, 0, 1, 1], "texture": "#0"},
				"west": {"uv": [0, 0, 1, 1], "texture": "#0"},
				"up": {"uv": [0, 0, 1, 1], "texture": "#0"},
				"down": {"uv": [0, 0, 1, 1], "texture": "#0"}
			}
		},
		{
			"name": "Harlon City Server",
			"from": [5.85, 1.2, 10.5],
			"to": [6.15, 2.05, 11.35],
			"rotation": {"angle": 0, "axis": "y", "origin": [0, -0.75, -3]},
			"faces": {
				"north": {"uv": [0, 0, 1, 1], "texture": "#0"},
				"east": {"uv": [0, 0, 1, 1], "texture": "#0"},
				"south": {"uv": [0, 0, 1, 1], "texture": "#0"},
				"west": {"uv": [0, 0, 1, 1], "texture": "#0"},
				"up": {"uv": [0, 0, 1, 1], "texture": "#0"},
				"down": {"uv": [0, 0, 1, 1], "texture": "#0"}
			}
		},
		{
			"name": "Harlon City Server",
			"from": [9.85, 1.2, 10.5],
			"to": [10.15, 2.05, 11.35],
			"rotation": {"angle": 0, "axis": "y", "origin": [0, -0.75, -3]},
			"faces": {
				"north": {"uv": [0, 0, 1, 1], "texture": "#0"},
				"east": {"uv": [0, 0, 1, 1], "texture": "#0"},
				"south": {"uv": [0, 0, 1, 1], "texture": "#0"},
				"west": {"uv": [0, 0, 1, 1], "texture": "#0"},
				"up": {"uv": [0, 0, 1, 1], "texture": "#0"},
				"down": {"uv": [0, 0, 1, 1], "texture": "#0"}
			}
		},
		{
			"name": "Harlon City Server",
			"from": [5.85, 2.05, 10.75],
			"to": [6.15, 2.4, 11.1],
			"rotation": {"angle": 0, "axis": "y", "origin": [0, -0.75, -3]},
			"faces": {
				"north": {"uv": [0, 0, 1, 1], "texture": "#0"},
				"east": {"uv": [0, 0, 1, 1], "texture": "#0"},
				"south": {"uv": [0, 0, 1, 1], "texture": "#0"},
				"west": {"uv": [0, 0, 1, 1], "texture": "#0"},
				"up": {"uv": [0, 0, 1, 1], "texture": "#0"},
				"down": {"uv": [0, 0, 1, 1], "texture": "#0"}
			}
		},
		{
			"name": "Harlon City Server",
			"from": [9.85, 2.05, 10.75],
			"to": [10.15, 2.4, 11.1],
			"rotation": {"angle": 0, "axis": "y", "origin": [0, -0.75, -3]},
			"faces": {
				"north": {"uv": [0, 0, 1, 1], "texture": "#0"},
				"east": {"uv": [0, 0, 1, 1], "texture": "#0"},
				"south": {"uv": [0, 0, 1, 1], "texture": "#0"},
				"west": {"uv": [0, 0, 1, 1], "texture": "#0"},
				"up": {"uv": [0, 0, 1, 1], "texture": "#0"},
				"down": {"uv": [0, 0, 1, 1], "texture": "#0"}
			}
		},
		{
			"name": "Harlon City Server",
			"from": [5.85, 2.05, 11.1],
			"to": [6.15, 2.25, 11.3],
			"rotation": {"angle": 0, "axis": "y", "origin": [0, -0.75, -3]},
			"faces": {
				"north": {"uv": [0, 0, 1, 1], "texture": "#0"},
				"east": {"uv": [0, 0, 1, 1], "texture": "#0"},
				"south": {"uv": [0, 0, 1, 1], "texture": "#0"},
				"west": {"uv": [0, 0, 1, 1], "texture": "#0"},
				"up": {"uv": [0, 0, 1, 1], "texture": "#0"},
				"down": {"uv": [0, 0, 1, 1], "texture": "#0"}
			}
		},
		{
			"name": "Harlon City Server",
			"from": [9.85, 2.05, 11.1],
			"to": [10.15, 2.25, 11.3],
			"rotation": {"angle": 0, "axis": "y", "origin": [0, -0.75, -3]},
			"faces": {
				"north": {"uv": [0, 0, 1, 1], "texture": "#0"},
				"east": {"uv": [0, 0, 1, 1], "texture": "#0"},
				"south": {"uv": [0, 0, 1, 1], "texture": "#0"},
				"west": {"uv": [0, 0, 1, 1], "texture": "#0"},
				"up": {"uv": [0, 0, 1, 1], "texture": "#0"},
				"down": {"uv": [0, 0, 1, 1], "texture": "#0"}
			}
		},
		{
			"name": "Harlon City Server",
			"from": [5.85, 2.05, 10.55],
			"to": [6.15, 2.25, 10.75],
			"rotation": {"angle": 0, "axis": "y", "origin": [0, -0.75, -3]},
			"faces": {
				"north": {"uv": [0, 0, 1, 1], "texture": "#0"},
				"east": {"uv": [0, 0, 1, 1], "texture": "#0"},
				"south": {"uv": [0, 0, 1, 1], "texture": "#0"},
				"west": {"uv": [0, 0, 1, 1], "texture": "#0"},
				"up": {"uv": [0, 0, 1, 1], "texture": "#0"},
				"down": {"uv": [0, 0, 1, 1], "texture": "#0"}
			}
		},
		{
			"name": "Harlon City Server",
			"from": [9.85, 2.05, 10.55],
			"to": [10.15, 2.25, 10.75],
			"rotation": {"angle": 0, "axis": "y", "origin": [0, -0.75, -3]},
			"faces": {
				"north": {"uv": [0, 0, 1, 1], "texture": "#0"},
				"east": {"uv": [0, 0, 1, 1], "texture": "#0"},
				"south": {"uv": [0, 0, 1, 1], "texture": "#0"},
				"west": {"uv": [0, 0, 1, 1], "texture": "#0"},
				"up": {"uv": [0, 0, 1, 1], "texture": "#0"},
				"down": {"uv": [0, 0, 1, 1], "texture": "#0"}
			}
		},
		{
			"name": "Harlon City Server",
			"from": [5.65, 1, 7.7],
			"to": [10.35, 1.25, 8.3],
			"rotation": {"angle": 0, "axis": "y", "origin": [0, -0.75, -1]},
			"faces": {
				"north": {"uv": [0, 0, 1, 1], "texture": "#0"},
				"east": {"uv": [0, 0, 1, 1], "texture": "#0"},
				"south": {"uv": [0, 0, 1, 1], "texture": "#0"},
				"west": {"uv": [0, 0, 1, 1], "texture": "#0"},
				"up": {"uv": [0, 0, 1, 1], "texture": "#0"},
				"down": {"uv": [0, 0, 1, 1], "texture": "#0"}
			}
		},
		{
			"name": "Harlon City Server",
			"from": [5.65, 1, 8.3],
			"to": [6.25, 1.25, 13.45],
			"rotation": {"angle": 0, "axis": "y", "origin": [0, -0.75, -1]},
			"faces": {
				"north": {"uv": [0, 0, 8.5, 1], "texture": "#0"},
				"east": {"uv": [0, 0, 8.5, 1], "texture": "#0"},
				"south": {"uv": [0, 0, 8.5, 1], "texture": "#0"},
				"west": {"uv": [0, 0, 8.5, 1], "texture": "#0"},
				"up": {"uv": [0, 0, 8.5, 1], "texture": "#0"},
				"down": {"uv": [0, 0, 8.5, 1], "texture": "#0"}
			}
		},
		{
			"name": "Harlon City Server",
			"from": [9.75, 1, 8.3],
			"to": [10.35, 1.25, 13.45],
			"rotation": {"angle": 0, "axis": "y", "origin": [0, -0.75, -1]},
			"faces": {
				"north": {"uv": [0, 0, 8.5, 1], "texture": "#0"},
				"east": {"uv": [0, 0, 8.5, 1], "texture": "#0"},
				"south": {"uv": [0, 0, 8.5, 1], "texture": "#0"},
				"west": {"uv": [0, 0, 8.5, 1], "texture": "#0"},
				"up": {"uv": [0, 0, 8.5, 1], "texture": "#0"},
				"down": {"uv": [0, 0, 8.5, 1], "texture": "#0"}
			}
		},
		{
			"name": "Harlon City Server",
			"from": [7.95, 1, 4.1],
			"to": [7.95, 1.2, 8.15],
			"rotation": {"angle": 22.5, "axis": "x", "origin": [8.025, 1, 8]},
			"faces": {
				"north": {"uv": [0, 0, 1, 1], "texture": "#1"},
				"east": {"uv": [0, 0, 1, 1], "texture": "#1"},
				"south": {"uv": [0, 0, 1, 1], "texture": "#1"},
				"west": {"uv": [0, 0, 1, 1], "texture": "#1"},
				"up": {"uv": [0, 0, 1, 1], "texture": "#1"},
				"down": {"uv": [0, 0, 1, 1], "texture": "#1"}
			}
		},
		{
			"name": "Harlon City Server",
			"from": [7.8, 2.75, 4.85],
			"to": [8.25, 2.95, 10.55],
			"rotation": {"angle": 22.5, "axis": "x", "origin": [8.025, 1, 8]},
			"faces": {
				"north": {"uv": [0, 0, 1, 1], "texture": "#0"},
				"east": {"uv": [0, 0, 1, 1], "texture": "#0"},
				"south": {"uv": [0, 0, 1, 1], "texture": "#0"},
				"west": {"uv": [0, 0, 1, 1], "texture": "#0"},
				"up": {"uv": [0, 0, 1, 1], "texture": "#0"},
				"down": {"uv": [0, 0, 1, 1], "texture": "#0"}
			}
		},
		{
			"name": "Harlon City Server",
			"from": [7.9, 2.65, 4.85],
			"to": [8.15, 3.05, 10.55],
			"rotation": {"angle": 22.5, "axis": "x", "origin": [8.025, 1, 8]},
			"faces": {
				"north": {"uv": [0, 0, 1, 1], "texture": "#0"},
				"east": {"uv": [0, 0, 1, 1], "texture": "#0"},
				"south": {"uv": [0, 0, 1, 1], "texture": "#0"},
				"west": {"uv": [0, 0, 1, 1], "texture": "#0"},
				"up": {"uv": [0, 0, 1, 1], "texture": "#0"},
				"down": {"uv": [0, 0, 1, 1], "texture": "#0"}
			}
		},
		{
			"name": "Harlon City Server",
			"from": [7.75, 0.95, 4.1],
			"to": [7.9, 2.65, 4.4],
			"rotation": {"angle": 22.5, "axis": "x", "origin": [8.025, 1, 8]},
			"faces": {
				"north": {"uv": [0, 0, 1, 1], "texture": "#1"},
				"east": {"uv": [0, 0, 1, 1], "texture": "#1"},
				"south": {"uv": [0, 0, 1, 1], "texture": "#1"},
				"west": {"uv": [0, 0, 1, 1], "texture": "#1"},
				"up": {"uv": [0, 0, 1, 1], "texture": "#1"},
				"down": {"uv": [0, 0, 1, 1], "texture": "#1"}
			}
		},
		{
			"name": "Harlon City Server",
			"from": [8.15, 0.95, 4.1],
			"to": [8.3, 2.65, 4.4],
			"rotation": {"angle": 22.5, "axis": "x", "origin": [8.025, 1, 8]},
			"faces": {
				"north": {"uv": [0, 0, 1, 1], "texture": "#1"},
				"east": {"uv": [0, 0, 1, 1], "texture": "#1"},
				"south": {"uv": [0, 0, 1, 1], "texture": "#1"},
				"west": {"uv": [0, 0, 1, 1], "texture": "#1"},
				"up": {"uv": [0, 0, 1, 1], "texture": "#1"},
				"down": {"uv": [0, 0, 1, 1], "texture": "#1"}
			}
		},
		{
			"name": "Harlon City Server",
			"from": [7.5, 3.69307, 5.47193],
			"to": [8.55, 4.04307, 5.82193],
			"rotation": {"angle": -22.5, "axis": "x", "origin": [8.025, 4.06807, 5.59693]},
			"faces": {
				"north": {"uv": [0, 0, 1, 1], "texture": "#0"},
				"east": {"uv": [0, 0, 1, 1], "texture": "#0"},
				"south": {"uv": [0, 0, 1, 1], "texture": "#0"},
				"west": {"uv": [0, 0, 1, 1], "texture": "#0"},
				"up": {"uv": [0, 0, 1, 1], "texture": "#0"},
				"down": {"uv": [0, 0, 1, 1], "texture": "#0"}
			}
		},
		{
			"name": "Harlon City Server",
			"from": [7.5, 3.72743, 5.54466],
			"to": [8.55, 4.07743, 5.89466],
			"rotation": {"angle": 22.5, "axis": "x", "origin": [8.025, 3.90243, 5.71966]},
			"faces": {
				"north": {"uv": [0, 0, 1, 1], "texture": "#0"},
				"east": {"uv": [0, 0, 1, 1], "texture": "#0"},
				"south": {"uv": [0, 0, 1, 1], "texture": "#0"},
				"west": {"uv": [0, 0, 1, 1], "texture": "#0"},
				"up": {"uv": [0, 0, 1, 1], "texture": "#0"},
				"down": {"uv": [0, 0, 1, 1], "texture": "#0"}
			}
		},
		{
			"name": "Harlon City Server",
			"from": [7.25, 1.3, 3.95],
			"to": [8.8, 1.75, 4.4],
			"rotation": {"angle": 22.5, "axis": "x", "origin": [8.025, 0, 10.95]},
			"faces": {
				"north": {"uv": [0, 0, 1, 1], "texture": "#1"},
				"east": {"uv": [0, 0, 1, 1], "texture": "#1"},
				"south": {"uv": [0, 0, 1, 1], "texture": "#1"},
				"west": {"uv": [0, 0, 1, 1], "texture": "#1"},
				"up": {"uv": [0, 0, 1, 1], "texture": "#1"},
				"down": {"uv": [0, 0, 1, 1], "texture": "#1"}
			}
		},
		{
			"name": "Harlon City Server",
			"from": [7.25, 3.7766, 5.04931],
			"to": [8.8, 4.2266, 5.49931],
			"rotation": {"angle": -22.5, "axis": "x", "origin": [8.025, 4.0016, 5.27431]},
			"faces": {
				"north": {"uv": [0, 0, 1, 1], "texture": "#1"},
				"east": {"uv": [0, 0, 1, 1], "texture": "#1"},
				"south": {"uv": [0, 0, 1, 1], "texture": "#1"},
				"west": {"uv": [0, 0, 1, 1], "texture": "#1"},
				"up": {"uv": [0, 0, 1, 1], "texture": "#1"},
				"down": {"uv": [0, 0, 1, 1], "texture": "#1"}
			}
		},
		{
			"name": "Harlon City Server",
			"from": [3.85, 6.7, 12.1],
			"to": [12.15, 7, 12.4],
			"rotation": {"angle": 0, "axis": "y", "origin": [0, -3, -3]},
			"faces": {
				"north": {"uv": [0, 0, 1, 1], "texture": "#1"},
				"east": {"uv": [0, 0, 1, 1], "texture": "#1"},
				"south": {"uv": [0, 0, 1, 1], "texture": "#1"},
				"west": {"uv": [0, 0, 1, 1], "texture": "#1"},
				"up": {"uv": [0, 0, 1, 1], "texture": "#1"},
				"down": {"uv": [0, 0, 1, 1], "texture": "#1"}
			}
		},
		{
			"name": "Harlon City Server",
			"from": [14.1, 5, 12.1],
			"to": [14.4, 6.05, 12.4],
			"rotation": {"angle": 0, "axis": "y", "origin": [0, -3, -3]},
			"faces": {
				"north": {"uv": [0, 0, 1, 1], "texture": "#1"},
				"east": {"uv": [0, 0, 1, 1], "texture": "#1"},
				"south": {"uv": [0, 0, 1, 1], "texture": "#1"},
				"west": {"uv": [0, 0, 1, 1], "texture": "#1"},
				"up": {"uv": [0, 0, 1, 1], "texture": "#1"},
				"down": {"uv": [0, 0, 1, 1], "texture": "#1"}
			}
		},
		{
			"name": "Harlon City Server",
			"from": [1.6, 5, 12.1],
			"to": [1.9, 6.05, 12.4],
			"rotation": {"angle": 0, "axis": "y", "origin": [0, -3, -3]},
			"faces": {
				"north": {"uv": [0, 0, 1, 1], "texture": "#1"},
				"east": {"uv": [0, 0, 1, 1], "texture": "#1"},
				"south": {"uv": [0, 0, 1, 1], "texture": "#1"},
				"west": {"uv": [0, 0, 1, 1], "texture": "#1"},
				"up": {"uv": [0, 0, 1, 1], "texture": "#1"},
				"down": {"uv": [0, 0, 1, 1], "texture": "#1"}
			}
		},
		{
			"name": "Harlon City Server",
			"from": [12.15, 6.3, 12.1],
			"to": [14.6, 6.6, 12.4],
			"rotation": {"angle": -22.5, "axis": "z", "origin": [13.125, 6.85, 12.25]},
			"faces": {
				"north": {"uv": [0, 0, 1, 1], "texture": "#1"},
				"east": {"uv": [0, 0, 1, 1], "texture": "#1"},
				"south": {"uv": [0, 0, 1, 1], "texture": "#1"},
				"west": {"uv": [0, 0, 1, 1], "texture": "#1"},
				"up": {"uv": [0, 0, 1, 1], "texture": "#1"},
				"down": {"uv": [0, 0, 1, 1], "texture": "#1"}
			}
		},
		{
			"name": "Harlon City Server",
			"from": [1.4, 6.3, 12.1],
			"to": [3.85, 6.6, 12.4],
			"rotation": {"angle": 22.5, "axis": "z", "origin": [2.875, 6.85, 12.25]},
			"faces": {
				"north": {"uv": [0, 0, 1, 1], "texture": "#1"},
				"east": {"uv": [0, 0, 1, 1], "texture": "#1"},
				"south": {"uv": [0, 0, 1, 1], "texture": "#1"},
				"west": {"uv": [0, 0, 1, 1], "texture": "#1"},
				"up": {"uv": [0, 0, 1, 1], "texture": "#1"},
				"down": {"uv": [0, 0, 1, 1], "texture": "#1"}
			}
		},
		{
			"name": "Harlon City Server",
			"from": [5.65, 1, 13.45],
			"to": [10.35, 1.25, 14.05],
			"rotation": {"angle": 0, "axis": "y", "origin": [0, -0.75, -1]},
			"faces": {
				"north": {"uv": [0, 0, 1, 1], "texture": "#0"},
				"east": {"uv": [0, 0, 1, 1], "texture": "#0"},
				"south": {"uv": [0, 0, 1, 1], "texture": "#0"},
				"west": {"uv": [0, 0, 1, 1], "texture": "#0"},
				"up": {"uv": [0, 0, 1, 1], "texture": "#0"},
				"down": {"uv": [0, 0, 1, 1], "texture": "#0"}
			}
		},
		{
			"name": "Harlon City Server",
			"from": [7.7, 1, 4.15],
			"to": [8.35, 1.45, 4.35],
			"rotation": {"angle": 22.5, "axis": "x", "origin": [8.025, 1, 8]},
			"faces": {
				"north": {"uv": [0, 0, 1, 1], "texture": "#1"},
				"east": {"uv": [0, 0, 1, 1], "texture": "#1"},
				"south": {"uv": [0, 0, 1, 1], "texture": "#1"},
				"west": {"uv": [0, 0, 1, 1], "texture": "#1"},
				"up": {"uv": [0, 0, 1, 1], "texture": "#1"},
				"down": {"uv": [0, 0, 1, 1], "texture": "#1"}
			}
		},
		{
			"name": "Harlon City Server",
			"from": [7.1, 3.9266, 4.94931],
			"to": [7.5, 4.1766, 5.94931],
			"rotation": {"angle": -22.5, "axis": "x", "origin": [8.025, 4.0016, 5.27431]},
			"faces": {
				"north": {"uv": [0, 0, 1, 1], "texture": "#1"},
				"east": {"uv": [0, 0, 1, 1], "texture": "#1"},
				"south": {"uv": [0, 0, 1, 1], "texture": "#1"},
				"west": {"uv": [0, 0, 1, 1], "texture": "#1"},
				"up": {"uv": [0, 0, 1, 1], "texture": "#1"},
				"down": {"uv": [0, 0, 1, 1], "texture": "#1"}
			}
		},
		{
			"name": "Harlon City Server",
			"from": [8.55, 3.9266, 4.94931],
			"to": [8.95, 4.1766, 5.94931],
			"rotation": {"angle": -22.5, "axis": "x", "origin": [8.025, 4.0016, 5.27431]},
			"faces": {
				"north": {"uv": [0, 0, 1, 1], "texture": "#1"},
				"east": {"uv": [0, 0, 1, 1], "texture": "#1"},
				"south": {"uv": [0, 0, 1, 1], "texture": "#1"},
				"west": {"uv": [0, 0, 1, 1], "texture": "#1"},
				"up": {"uv": [0, 0, 1, 1], "texture": "#1"},
				"down": {"uv": [0, 0, 1, 1], "texture": "#1"}
			}
		},
		{
			"name": "Harlon City Server",
			"from": [5.1, 6.7, 11.2],
			"to": [5.4, 7, 13.3],
			"rotation": {"angle": 0, "axis": "y", "origin": [3.5, -3, -3]},
			"faces": {
				"north": {"uv": [0, 0, 1, 1], "texture": "#1"},
				"east": {"uv": [0, 0, 1, 1], "texture": "#1"},
				"south": {"uv": [0, 0, 1, 1], "texture": "#1"},
				"west": {"uv": [0, 0, 1, 1], "texture": "#1"},
				"up": {"uv": [0, 0, 1, 1], "texture": "#1"},
				"down": {"uv": [0, 0, 1, 1], "texture": "#1"}
			}
		},
		{
			"name": "Harlon City Server",
			"from": [10.6, 6.8, 11.1],
			"to": [10.9, 7.6, 11.4],
			"rotation": {"angle": 0, "axis": "y", "origin": [-1, -3, -3]},
			"faces": {
				"north": {"uv": [0, 0, 1, 1], "texture": "#1"},
				"east": {"uv": [0, 0, 1, 1], "texture": "#1"},
				"south": {"uv": [0, 0, 1, 1], "texture": "#1"},
				"west": {"uv": [0, 0, 1, 1], "texture": "#1"},
				"up": {"uv": [0, 0, 1, 1], "texture": "#1"},
				"down": {"uv": [0, 0, 1, 1], "texture": "#1"}
			}
		},
		{
			"name": "Harlon City Server",
			"from": [4.65, 7.59, 13],
			"to": [11.35, 7.74, 13.5],
			"rotation": {"angle": 0, "axis": "y", "origin": [0, -3, -4.75]},
			"faces": {
				"north": {"uv": [0, 0, 1, 1], "texture": "#3"},
				"east": {"uv": [0, 0, 1, 1], "texture": "#3"},
				"south": {"uv": [0, 0, 1, 1], "texture": "#3"},
				"west": {"uv": [0, 0, 1, 1], "texture": "#3"},
				"up": {"uv": [0, 0, 1, 1], "texture": "#3"},
				"down": {"uv": [0, 0, 1, 1], "texture": "#3"}
			}
		},
		{
			"name": "Harlon City Server",
			"from": [11.5, 7, 11],
			"to": [14.4, 7.15, 11.5],
			"rotation": {"angle": -22.5, "axis": "z", "origin": [12.9, 7.85, 13.75]},
			"faces": {
				"north": {"uv": [0, 0, 1, 1], "texture": "#3"},
				"east": {"uv": [0, 0, 1, 1], "texture": "#3"},
				"south": {"uv": [0, 0, 1, 1], "texture": "#3"},
				"west": {"uv": [0, 0, 1, 1], "texture": "#3"},
				"up": {"uv": [0, 0, 1, 1], "texture": "#3"},
				"down": {"uv": [0, 0, 1, 1], "texture": "#3"}
			}
		},
		{
			"name": "Harlon City Server",
			"from": [11.5, 7, 13],
			"to": [14.4, 7.15, 13.5],
			"rotation": {"angle": -22.5, "axis": "z", "origin": [12.9, 7.85, 10.5]},
			"faces": {
				"north": {"uv": [0, 0, 1, 1], "texture": "#3"},
				"east": {"uv": [0, 0, 1, 1], "texture": "#3"},
				"south": {"uv": [0, 0, 1, 1], "texture": "#3"},
				"west": {"uv": [0, 0, 1, 1], "texture": "#3"},
				"up": {"uv": [0, 0, 1, 1], "texture": "#3"},
				"down": {"uv": [0, 0, 1, 1], "texture": "#3"}
			}
		},
		{
			"name": "Harlon City Server",
			"from": [1.6, 7, 11],
			"to": [4.5, 7.15, 11.5],
			"rotation": {"angle": 22.5, "axis": "z", "origin": [3.1, 7.85, 13.75]},
			"faces": {
				"north": {"uv": [0, 0, 1, 1], "texture": "#3"},
				"east": {"uv": [0, 0, 1, 1], "texture": "#3"},
				"south": {"uv": [0, 0, 1, 1], "texture": "#3"},
				"west": {"uv": [0, 0, 1, 1], "texture": "#3"},
				"up": {"uv": [0, 0, 1, 1], "texture": "#3"},
				"down": {"uv": [0, 0, 1, 1], "texture": "#3"}
			}
		},
		{
			"name": "Harlon City Server",
			"from": [1.6, 7, 13],
			"to": [4.5, 7.15, 13.5],
			"rotation": {"angle": 22.5, "axis": "z", "origin": [3.1, 7.85, 10.5]},
			"faces": {
				"north": {"uv": [0, 0, 1, 1], "texture": "#3"},
				"east": {"uv": [0, 0, 1, 1], "texture": "#3"},
				"south": {"uv": [0, 0, 1, 1], "texture": "#3"},
				"west": {"uv": [0, 0, 1, 1], "texture": "#3"},
				"up": {"uv": [0, 0, 1, 1], "texture": "#3"},
				"down": {"uv": [0, 0, 1, 1], "texture": "#3"}
			}
		},
		{
			"name": "Harlon City Server",
			"from": [10.6, 6.7, 11.2],
			"to": [10.9, 7, 13.3],
			"rotation": {"angle": 0, "axis": "y", "origin": [-3.5, -3, -3]},
			"faces": {
				"north": {"uv": [0, 0, 1, 1], "texture": "#1"},
				"east": {"uv": [0, 0, 1, 1], "texture": "#1"},
				"south": {"uv": [0, 0, 1, 1], "texture": "#1"},
				"west": {"uv": [0, 0, 1, 1], "texture": "#1"},
				"up": {"uv": [0, 0, 1, 1], "texture": "#1"},
				"down": {"uv": [0, 0, 1, 1], "texture": "#1"}
			}
		},
		{
			"name": "Harlon City Server",
			"from": [10.6, 6.8, 13.1],
			"to": [10.9, 7.6, 13.4],
			"rotation": {"angle": 0, "axis": "y", "origin": [0, -3, -3]},
			"faces": {
				"north": {"uv": [0, 0, 1, 1], "texture": "#1"},
				"east": {"uv": [0, 0, 1, 1], "texture": "#1"},
				"south": {"uv": [0, 0, 1, 1], "texture": "#1"},
				"west": {"uv": [0, 0, 1, 1], "texture": "#1"},
				"up": {"uv": [0, 0, 1, 1], "texture": "#1"},
				"down": {"uv": [0, 0, 1, 1], "texture": "#1"}
			}
		},
		{
			"name": "Harlon City Server",
			"from": [5.1, 6.8, 11.1],
			"to": [5.4, 7.6, 11.4],
			"rotation": {"angle": 0, "axis": "y", "origin": [1, -3, -3]},
			"faces": {
				"north": {"uv": [0, 0, 1, 1], "texture": "#1"},
				"east": {"uv": [0, 0, 1, 1], "texture": "#1"},
				"south": {"uv": [0, 0, 1, 1], "texture": "#1"},
				"west": {"uv": [0, 0, 1, 1], "texture": "#1"},
				"up": {"uv": [0, 0, 1, 1], "texture": "#1"},
				"down": {"uv": [0, 0, 1, 1], "texture": "#1"}
			}
		},
		{
			"name": "Harlon City Server",
			"from": [5.1, 6.8, 13.1],
			"to": [5.4, 7.6, 13.4],
			"rotation": {"angle": 0, "axis": "y", "origin": [1, -3, -3]},
			"faces": {
				"north": {"uv": [0, 0, 1, 1], "texture": "#1"},
				"east": {"uv": [0, 0, 1, 1], "texture": "#1"},
				"south": {"uv": [0, 0, 1, 1], "texture": "#1"},
				"west": {"uv": [0, 0, 1, 1], "texture": "#1"},
				"up": {"uv": [0, 0, 1, 1], "texture": "#1"},
				"down": {"uv": [0, 0, 1, 1], "texture": "#1"}
			}
		},
		{
			"name": "Harlon City Server",
			"from": [7.5, 0.5, 7.5],
			"to": [8.5, 0.75, 8.5],
			"rotation": {"angle": 0, "axis": "y", "origin": [0, -0.75, -1]},
			"faces": {
				"north": {"uv": [0, 0, 1, 1], "texture": "#1"},
				"east": {"uv": [0, 0, 1, 1], "texture": "#1"},
				"south": {"uv": [0, 0, 1, 1], "texture": "#1"},
				"west": {"uv": [0, 0, 1, 1], "texture": "#1"},
				"up": {"uv": [0, 0, 1, 1], "texture": "#1"},
				"down": {"uv": [0, 0, 1, 1], "texture": "#1"}
			}
		},
		{
			"name": "Harlon City Server",
			"from": [7.5, 0, 7.5],
			"to": [8.5, 0.25, 8.5],
			"rotation": {"angle": 0, "axis": "y", "origin": [0, -0.75, -1]},
			"faces": {
				"north": {"uv": [0, 0, 1, 1], "texture": "#1"},
				"east": {"uv": [0, 0, 1, 1], "texture": "#1"},
				"south": {"uv": [0, 0, 1, 1], "texture": "#1"},
				"west": {"uv": [0, 0, 1, 1], "texture": "#1"},
				"up": {"uv": [0, 0, 1, 1], "texture": "#1"},
				"down": {"uv": [0, 0, 1, 1], "texture": "#1"}
			}
		},
		{
			"name": "Harlon City Server",
			"from": [7.5, -0.5, 7.5],
			"to": [8.5, -0.25, 8.5],
			"rotation": {"angle": 0, "axis": "y", "origin": [0, -0.75, -1]},
			"faces": {
				"north": {"uv": [0, 0, 1, 1], "texture": "#1"},
				"east": {"uv": [0, 0, 1, 1], "texture": "#1"},
				"south": {"uv": [0, 0, 1, 1], "texture": "#1"},
				"west": {"uv": [0, 0, 1, 1], "texture": "#1"},
				"up": {"uv": [0, 0, 1, 1], "texture": "#1"},
				"down": {"uv": [0, 0, 1, 1], "texture": "#1"}
			}
		},
		{
			"name": "Harlon City Server",
			"from": [7.7, 0.75, 7.7],
			"to": [8.3, 1, 8.3],
			"rotation": {"angle": 0, "axis": "y", "origin": [0, -0.75, -1]},
			"faces": {
				"north": {"uv": [0, 0, 1, 1], "texture": "#1"},
				"east": {"uv": [0, 0, 1, 1], "texture": "#1"},
				"south": {"uv": [0, 0, 1, 1], "texture": "#1"},
				"west": {"uv": [0, 0, 1, 1], "texture": "#1"},
				"up": {"uv": [0, 0, 1, 1], "texture": "#1"},
				"down": {"uv": [0, 0, 1, 1], "texture": "#1"}
			}
		},
		{
			"name": "Harlon City Server",
			"from": [7.7, 0.25, 7.7],
			"to": [8.3, 0.5, 8.3],
			"rotation": {"angle": 0, "axis": "y", "origin": [0, -0.75, -1]},
			"faces": {
				"north": {"uv": [0, 0, 1, 1], "texture": "#1"},
				"east": {"uv": [0, 0, 1, 1], "texture": "#1"},
				"south": {"uv": [0, 0, 1, 1], "texture": "#1"},
				"west": {"uv": [0, 0, 1, 1], "texture": "#1"},
				"up": {"uv": [0, 0, 1, 1], "texture": "#1"},
				"down": {"uv": [0, 0, 1, 1], "texture": "#1"}
			}
		},
		{
			"name": "Harlon City Server",
			"from": [7.7, -0.25, 7.7],
			"to": [8.3, 0, 8.3],
			"rotation": {"angle": 0, "axis": "y", "origin": [0, -0.75, -1]},
			"faces": {
				"north": {"uv": [0, 0, 1, 1], "texture": "#1"},
				"east": {"uv": [0, 0, 1, 1], "texture": "#1"},
				"south": {"uv": [0, 0, 1, 1], "texture": "#1"},
				"west": {"uv": [0, 0, 1, 1], "texture": "#1"},
				"up": {"uv": [0, 0, 1, 1], "texture": "#1"},
				"down": {"uv": [0, 0, 1, 1], "texture": "#1"}
			}
		},
		{
			"name": "Harlon City Server",
			"from": [7.5, -1, 7.5],
			"to": [8.5, -0.75, 8.5],
			"rotation": {"angle": 0, "axis": "y", "origin": [0, -0.75, -1]},
			"faces": {
				"north": {"uv": [0, 0, 1, 1], "texture": "#1"},
				"east": {"uv": [0, 0, 1, 1], "texture": "#1"},
				"south": {"uv": [0, 0, 1, 1], "texture": "#1"},
				"west": {"uv": [0, 0, 1, 1], "texture": "#1"},
				"up": {"uv": [0, 0, 1, 1], "texture": "#1"},
				"down": {"uv": [0, 0, 1, 1], "texture": "#1"}
			}
		},
		{
			"name": "Harlon City Server",
			"from": [7.7, -0.75, 7.7],
			"to": [8.3, -0.5, 8.3],
			"rotation": {"angle": 0, "axis": "y", "origin": [0, -0.75, -1]},
			"faces": {
				"north": {"uv": [0, 0, 1, 1], "texture": "#1"},
				"east": {"uv": [0, 0, 1, 1], "texture": "#1"},
				"south": {"uv": [0, 0, 1, 1], "texture": "#1"},
				"west": {"uv": [0, 0, 1, 1], "texture": "#1"},
				"up": {"uv": [0, 0, 1, 1], "texture": "#1"},
				"down": {"uv": [0, 0, 1, 1], "texture": "#1"}
			}
		},
		{
			"name": "Harlon City Server",
			"from": [12.15, -0.5, 11.75],
			"to": [13.15, -0.25, 12.75],
			"rotation": {"angle": 0, "axis": "y", "origin": [0, -0.75, -3]},
			"faces": {
				"north": {"uv": [0, 0, 1, 1], "texture": "#1"},
				"east": {"uv": [0, 0, 1, 1], "texture": "#1"},
				"south": {"uv": [0, 0, 1, 1], "texture": "#1"},
				"west": {"uv": [0, 0, 1, 1], "texture": "#1"},
				"up": {"uv": [0, 0, 1, 1], "texture": "#1"},
				"down": {"uv": [0, 0, 1, 1], "texture": "#1"}
			}
		},
		{
			"name": "Harlon City Server",
			"from": [12.15, 0, 11.75],
			"to": [13.15, 0.25, 12.75],
			"rotation": {"angle": 0, "axis": "y", "origin": [0, -0.75, -3]},
			"faces": {
				"north": {"uv": [0, 0, 1, 1], "texture": "#1"},
				"east": {"uv": [0, 0, 1, 1], "texture": "#1"},
				"south": {"uv": [0, 0, 1, 1], "texture": "#1"},
				"west": {"uv": [0, 0, 1, 1], "texture": "#1"},
				"up": {"uv": [0, 0, 1, 1], "texture": "#1"},
				"down": {"uv": [0, 0, 1, 1], "texture": "#1"}
			}
		},
		{
			"name": "Harlon City Server",
			"from": [12.15, 0.5, 11.75],
			"to": [13.15, 0.75, 12.75],
			"rotation": {"angle": 0, "axis": "y", "origin": [0, -0.75, -3]},
			"faces": {
				"north": {"uv": [0, 0, 1, 1], "texture": "#1"},
				"east": {"uv": [0, 0, 1, 1], "texture": "#1"},
				"south": {"uv": [0, 0, 1, 1], "texture": "#1"},
				"west": {"uv": [0, 0, 1, 1], "texture": "#1"},
				"up": {"uv": [0, 0, 1, 1], "texture": "#1"},
				"down": {"uv": [0, 0, 1, 1], "texture": "#1"}
			}
		},
		{
			"name": "Harlon City Server",
			"from": [12.35, 0.75, 11.95],
			"to": [12.95, 1, 12.55],
			"rotation": {"angle": 0, "axis": "y", "origin": [0, -0.75, -3]},
			"faces": {
				"north": {"uv": [0, 0, 1, 1], "texture": "#1"},
				"east": {"uv": [0, 0, 1, 1], "texture": "#1"},
				"south": {"uv": [0, 0, 1, 1], "texture": "#1"},
				"west": {"uv": [0, 0, 1, 1], "texture": "#1"},
				"up": {"uv": [0, 0, 1, 1], "texture": "#1"},
				"down": {"uv": [0, 0, 1, 1], "texture": "#1"}
			}
		},
		{
			"name": "Harlon City Server",
			"from": [12.35, 0.25, 11.95],
			"to": [12.95, 0.5, 12.55],
			"rotation": {"angle": 0, "axis": "y", "origin": [0, -0.75, -3]},
			"faces": {
				"north": {"uv": [0, 0, 1, 1], "texture": "#1"},
				"east": {"uv": [0, 0, 1, 1], "texture": "#1"},
				"south": {"uv": [0, 0, 1, 1], "texture": "#1"},
				"west": {"uv": [0, 0, 1, 1], "texture": "#1"},
				"up": {"uv": [0, 0, 1, 1], "texture": "#1"},
				"down": {"uv": [0, 0, 1, 1], "texture": "#1"}
			}
		},
		{
			"name": "Harlon City Server",
			"from": [12.35, -0.25, 11.95],
			"to": [12.95, 0, 12.55],
			"rotation": {"angle": 0, "axis": "y", "origin": [0, -0.75, -3]},
			"faces": {
				"north": {"uv": [0, 0, 1, 1], "texture": "#1"},
				"east": {"uv": [0, 0, 1, 1], "texture": "#1"},
				"south": {"uv": [0, 0, 1, 1], "texture": "#1"},
				"west": {"uv": [0, 0, 1, 1], "texture": "#1"},
				"up": {"uv": [0, 0, 1, 1], "texture": "#1"},
				"down": {"uv": [0, 0, 1, 1], "texture": "#1"}
			}
		},
		{
			"name": "Harlon City Server",
			"from": [2.85, 0.5, 11.75],
			"to": [3.85, 0.75, 12.75],
			"rotation": {"angle": 0, "axis": "y", "origin": [0, -0.75, -3]},
			"faces": {
				"north": {"uv": [0, 0, 1, 1], "texture": "#1"},
				"east": {"uv": [0, 0, 1, 1], "texture": "#1"},
				"south": {"uv": [0, 0, 1, 1], "texture": "#1"},
				"west": {"uv": [0, 0, 1, 1], "texture": "#1"},
				"up": {"uv": [0, 0, 1, 1], "texture": "#1"},
				"down": {"uv": [0, 0, 1, 1], "texture": "#1"}
			}
		},
		{
			"name": "Harlon City Server",
			"from": [2.85, 0, 11.75],
			"to": [3.85, 0.25, 12.75],
			"rotation": {"angle": 0, "axis": "y", "origin": [0, -0.75, -3]},
			"faces": {
				"north": {"uv": [0, 0, 1, 1], "texture": "#1"},
				"east": {"uv": [0, 0, 1, 1], "texture": "#1"},
				"south": {"uv": [0, 0, 1, 1], "texture": "#1"},
				"west": {"uv": [0, 0, 1, 1], "texture": "#1"},
				"up": {"uv": [0, 0, 1, 1], "texture": "#1"},
				"down": {"uv": [0, 0, 1, 1], "texture": "#1"}
			}
		},
		{
			"name": "Harlon City Server",
			"from": [2.85, -0.5, 11.75],
			"to": [3.85, -0.25, 12.75],
			"rotation": {"angle": 0, "axis": "y", "origin": [0, -0.75, -3]},
			"faces": {
				"north": {"uv": [0, 0, 1, 1], "texture": "#1"},
				"east": {"uv": [0, 0, 1, 1], "texture": "#1"},
				"south": {"uv": [0, 0, 1, 1], "texture": "#1"},
				"west": {"uv": [0, 0, 1, 1], "texture": "#1"},
				"up": {"uv": [0, 0, 1, 1], "texture": "#1"},
				"down": {"uv": [0, 0, 1, 1], "texture": "#1"}
			}
		},
		{
			"name": "Harlon City Server",
			"from": [3.05, -0.25, 11.95],
			"to": [3.65, 0, 12.55],
			"rotation": {"angle": 0, "axis": "y", "origin": [0, -0.75, -3]},
			"faces": {
				"north": {"uv": [0, 0, 1, 1], "texture": "#1"},
				"east": {"uv": [0, 0, 1, 1], "texture": "#1"},
				"south": {"uv": [0, 0, 1, 1], "texture": "#1"},
				"west": {"uv": [0, 0, 1, 1], "texture": "#1"},
				"up": {"uv": [0, 0, 1, 1], "texture": "#1"},
				"down": {"uv": [0, 0, 1, 1], "texture": "#1"}
			}
		},
		{
			"name": "Harlon City Server",
			"from": [3.05, 0.25, 11.95],
			"to": [3.65, 0.5, 12.55],
			"rotation": {"angle": 0, "axis": "y", "origin": [0, -0.75, -3]},
			"faces": {
				"north": {"uv": [0, 0, 1, 1], "texture": "#1"},
				"east": {"uv": [0, 0, 1, 1], "texture": "#1"},
				"south": {"uv": [0, 0, 1, 1], "texture": "#1"},
				"west": {"uv": [0, 0, 1, 1], "texture": "#1"},
				"up": {"uv": [0, 0, 1, 1], "texture": "#1"},
				"down": {"uv": [0, 0, 1, 1], "texture": "#1"}
			}
		},
		{
			"name": "Harlon City Server",
			"from": [3.05, 0.75, 11.95],
			"to": [3.65, 1, 12.55],
			"rotation": {"angle": 0, "axis": "y", "origin": [0, -0.75, -3]},
			"faces": {
				"north": {"uv": [0, 0, 1, 1], "texture": "#1"},
				"east": {"uv": [0, 0, 1, 1], "texture": "#1"},
				"south": {"uv": [0, 0, 1, 1], "texture": "#1"},
				"west": {"uv": [0, 0, 1, 1], "texture": "#1"},
				"up": {"uv": [0, 0, 1, 1], "texture": "#1"},
				"down": {"uv": [0, 0, 1, 1], "texture": "#1"}
			}
		},
		{
			"name": "Harlon City Server",
			"from": [8.95, 3.9266, 8.14931],
			"to": [9.35, 4.1766, 8.89931],
			"rotation": {"angle": -22.5, "axis": "x", "origin": [8.025, 4.0016, 5.22431]},
			"faces": {
				"north": {"uv": [0, 0, 1, 1], "texture": "#1"},
				"east": {"uv": [0, 0, 1, 1], "texture": "#1"},
				"south": {"uv": [0, 0, 1, 1], "texture": "#1"},
				"west": {"uv": [0, 0, 1, 1], "texture": "#1"},
				"up": {"uv": [0, 0, 1, 1], "texture": "#1"},
				"down": {"uv": [0, 0, 1, 1], "texture": "#1"}
			}
		},
		{
			"name": "Harlon City Server",
			"from": [8.65, 3.9266, 5.89931],
			"to": [9.05, 4.1766, 6.64931],
			"rotation": {"angle": -22.5, "axis": "x", "origin": [8.025, 4.0016, 5.22431]},
			"faces": {
				"north": {"uv": [0, 0, 1, 1], "texture": "#1"},
				"east": {"uv": [0, 0, 1, 1], "texture": "#1"},
				"south": {"uv": [0, 0, 1, 1], "texture": "#1"},
				"west": {"uv": [0, 0, 1, 1], "texture": "#1"},
				"up": {"uv": [0, 0, 1, 1], "texture": "#1"},
				"down": {"uv": [0, 0, 1, 1], "texture": "#1"}
			}
		},
		{
			"name": "Harlon City Server",
			"from": [8.75, 3.9266, 6.64931],
			"to": [9.15, 4.1766, 7.39931],
			"rotation": {"angle": -22.5, "axis": "x", "origin": [8.025, 4.0016, 5.22431]},
			"faces": {
				"north": {"uv": [0, 0, 1, 1], "texture": "#1"},
				"east": {"uv": [0, 0, 1, 1], "texture": "#1"},
				"south": {"uv": [0, 0, 1, 1], "texture": "#1"},
				"west": {"uv": [0, 0, 1, 1], "texture": "#1"},
				"up": {"uv": [0, 0, 1, 1], "texture": "#1"},
				"down": {"uv": [0, 0, 1, 1], "texture": "#1"}
			}
		},
		{
			"name": "Harlon City Server",
			"from": [8.85, 3.9266, 7.39931],
			"to": [9.25, 4.1766, 8.14931],
			"rotation": {"angle": -22.5, "axis": "x", "origin": [8.025, 4.0016, 5.22431]},
			"faces": {
				"north": {"uv": [0, 0, 1, 1], "texture": "#1"},
				"east": {"uv": [0, 0, 1, 1], "texture": "#1"},
				"south": {"uv": [0, 0, 1, 1], "texture": "#1"},
				"west": {"uv": [0, 0, 1, 1], "texture": "#1"},
				"up": {"uv": [0, 0, 1, 1], "texture": "#1"},
				"down": {"uv": [0, 0, 1, 1], "texture": "#1"}
			}
		},
		{
			"name": "Harlon City Server",
			"from": [9.05, 3.9266, 8.89931],
			"to": [9.45, 4.1766, 9.64931],
			"rotation": {"angle": -22.5, "axis": "x", "origin": [8.025, 4.0016, 5.22431]},
			"faces": {
				"north": {"uv": [0, 0, 1, 1], "texture": "#1"},
				"east": {"uv": [0, 0, 1, 1], "texture": "#1"},
				"south": {"uv": [0, 0, 1, 1], "texture": "#1"},
				"west": {"uv": [0, 0, 1, 1], "texture": "#1"},
				"up": {"uv": [0, 0, 1, 1], "texture": "#1"},
				"down": {"uv": [0, 0, 1, 1], "texture": "#1"}
			}
		},
		{
			"name": "Harlon City Server",
			"from": [9.15, 3.9266, 9.64931],
			"to": [9.55, 4.1766, 10.39931],
			"rotation": {"angle": -22.5, "axis": "x", "origin": [8.025, 4.0016, 5.22431]},
			"faces": {
				"north": {"uv": [0, 0, 1, 1], "texture": "#1"},
				"east": {"uv": [0, 0, 1, 1], "texture": "#1"},
				"south": {"uv": [0, 0, 1, 1], "texture": "#1"},
				"west": {"uv": [0, 0, 1, 1], "texture": "#1"},
				"up": {"uv": [0, 0, 1, 1], "texture": "#1"},
				"down": {"uv": [0, 0, 1, 1], "texture": "#1"}
			}
		},
		{
			"name": "Harlon City Server",
			"from": [9.35, 3.9266, 11.14931],
			"to": [9.75, 4.1766, 11.89931],
			"rotation": {"angle": -22.5, "axis": "x", "origin": [8.025, 4.0016, 5.22431]},
			"faces": {
				"north": {"uv": [0, 0, 1, 1], "texture": "#1"},
				"east": {"uv": [0, 0, 1, 1], "texture": "#1"},
				"south": {"uv": [0, 0, 1, 1], "texture": "#1"},
				"west": {"uv": [0, 0, 1, 1], "texture": "#1"},
				"up": {"uv": [0, 0, 1, 1], "texture": "#1"},
				"down": {"uv": [0, 0, 1, 1], "texture": "#1"}
			}
		},
		{
			"name": "Harlon City Server",
			"from": [9.25, 3.9266, 10.39931],
			"to": [9.65, 4.1766, 11.14931],
			"rotation": {"angle": -22.5, "axis": "x", "origin": [8.025, 4.0016, 5.22431]},
			"faces": {
				"north": {"uv": [0, 0, 1, 1], "texture": "#1"},
				"east": {"uv": [0, 0, 1, 1], "texture": "#1"},
				"south": {"uv": [0, 0, 1, 1], "texture": "#1"},
				"west": {"uv": [0, 0, 1, 1], "texture": "#1"},
				"up": {"uv": [0, 0, 1, 1], "texture": "#1"},
				"down": {"uv": [0, 0, 1, 1], "texture": "#1"}
			}
		},
		{
			"name": "Harlon City Server",
			"from": [9.45, 3.9266, 11.89931],
			"to": [9.85, 4.1766, 12.64931],
			"rotation": {"angle": -22.5, "axis": "x", "origin": [8.225, 4.0016, 5.22431]},
			"faces": {
				"north": {"uv": [0, 0, 1, 1], "texture": "#1"},
				"east": {"uv": [0, 0, 1, 1], "texture": "#1"},
				"south": {"uv": [0, 0, 1, 1], "texture": "#1"},
				"west": {"uv": [0, 0, 1, 1], "texture": "#1"},
				"up": {"uv": [0, 0, 1, 1], "texture": "#1"},
				"down": {"uv": [0, 0, 1, 1], "texture": "#1"}
			}
		},
		{
			"name": "Harlon City Server",
			"from": [8.55, 3.7766, 8.14931],
			"to": [8.75, 3.8266, 8.89931],
			"rotation": {"angle": -22.5, "axis": "x", "origin": [8.025, 4.0016, 5.22431]},
			"faces": {
				"north": {"uv": [0, 0, 1, 1], "texture": "#1"},
				"east": {"uv": [0, 0, 1, 1], "texture": "#1"},
				"south": {"uv": [0, 0, 1, 1], "texture": "#1"},
				"west": {"uv": [0, 0, 1, 1], "texture": "#1"},
				"up": {"uv": [0, 0, 1, 1], "texture": "#1"},
				"down": {"uv": [0, 0, 1, 1], "texture": "#1"}
			}
		},
		{
			"name": "Harlon City Server",
			"from": [8.25, 3.7766, 5.69931],
			"to": [8.45, 3.8266, 6.64931],
			"rotation": {"angle": -22.5, "axis": "x", "origin": [8.025, 4.0016, 5.22431]},
			"faces": {
				"north": {"uv": [0, 0, 1, 1], "texture": "#1"},
				"east": {"uv": [0, 0, 1, 1], "texture": "#1"},
				"south": {"uv": [0, 0, 1, 1], "texture": "#1"},
				"west": {"uv": [0, 0, 1, 1], "texture": "#1"},
				"up": {"uv": [0, 0, 1, 1], "texture": "#1"},
				"down": {"uv": [0, 0, 1, 1], "texture": "#1"}
			}
		},
		{
			"name": "Harlon City Server",
			"from": [8.35, 3.7766, 6.64931],
			"to": [8.55, 3.8266, 7.39931],
			"rotation": {"angle": -22.5, "axis": "x", "origin": [8.025, 4.0016, 5.22431]},
			"faces": {
				"north": {"uv": [0, 0, 1, 1], "texture": "#1"},
				"east": {"uv": [0, 0, 1, 1], "texture": "#1"},
				"south": {"uv": [0, 0, 1, 1], "texture": "#1"},
				"west": {"uv": [0, 0, 1, 1], "texture": "#1"},
				"up": {"uv": [0, 0, 1, 1], "texture": "#1"},
				"down": {"uv": [0, 0, 1, 1], "texture": "#1"}
			}
		},
		{
			"name": "Harlon City Server",
			"from": [8.45, 3.7766, 7.39931],
			"to": [8.65, 3.8266, 8.14931],
			"rotation": {"angle": -22.5, "axis": "x", "origin": [8.025, 4.0016, 5.22431]},
			"faces": {
				"north": {"uv": [0, 0, 1, 1], "texture": "#1"},
				"east": {"uv": [0, 0, 1, 1], "texture": "#1"},
				"south": {"uv": [0, 0, 1, 1], "texture": "#1"},
				"west": {"uv": [0, 0, 1, 1], "texture": "#1"},
				"up": {"uv": [0, 0, 1, 1], "texture": "#1"},
				"down": {"uv": [0, 0, 1, 1], "texture": "#1"}
			}
		},
		{
			"name": "Harlon City Server",
			"from": [8.65, 3.7766, 8.89931],
			"to": [8.85, 3.8266, 9.64931],
			"rotation": {"angle": -22.5, "axis": "x", "origin": [8.025, 4.0016, 5.22431]},
			"faces": {
				"north": {"uv": [0, 0, 1, 1], "texture": "#1"},
				"east": {"uv": [0, 0, 1, 1], "texture": "#1"},
				"south": {"uv": [0, 0, 1, 1], "texture": "#1"},
				"west": {"uv": [0, 0, 1, 1], "texture": "#1"},
				"up": {"uv": [0, 0, 1, 1], "texture": "#1"},
				"down": {"uv": [0, 0, 1, 1], "texture": "#1"}
			}
		},
		{
			"name": "Harlon City Server",
			"from": [8.75, 3.7766, 9.64931],
			"to": [8.95, 3.8266, 10.39931],
			"rotation": {"angle": -22.5, "axis": "x", "origin": [8.025, 4.0016, 5.22431]},
			"faces": {
				"north": {"uv": [0, 0, 1, 1], "texture": "#1"},
				"east": {"uv": [0, 0, 1, 1], "texture": "#1"},
				"south": {"uv": [0, 0, 1, 1], "texture": "#1"},
				"west": {"uv": [0, 0, 1, 1], "texture": "#1"},
				"up": {"uv": [0, 0, 1, 1], "texture": "#1"},
				"down": {"uv": [0, 0, 1, 1], "texture": "#1"}
			}
		},
		{
			"name": "Harlon City Server",
			"from": [8.95, 3.7766, 11.14931],
			"to": [9.15, 3.8266, 11.89931],
			"rotation": {"angle": -22.5, "axis": "x", "origin": [8.025, 4.0016, 5.22431]},
			"faces": {
				"north": {"uv": [0, 0, 1, 1], "texture": "#1"},
				"east": {"uv": [0, 0, 1, 1], "texture": "#1"},
				"south": {"uv": [0, 0, 1, 1], "texture": "#1"},
				"west": {"uv": [0, 0, 1, 1], "texture": "#1"},
				"up": {"uv": [0, 0, 1, 1], "texture": "#1"},
				"down": {"uv": [0, 0, 1, 1], "texture": "#1"}
			}
		},
		{
			"name": "Harlon City Server",
			"from": [8.85, 3.7766, 10.39931],
			"to": [9.05, 3.8266, 11.14931],
			"rotation": {"angle": -22.5, "axis": "x", "origin": [8.025, 4.0016, 5.22431]},
			"faces": {
				"north": {"uv": [0, 0, 1, 1], "texture": "#1"},
				"east": {"uv": [0, 0, 1, 1], "texture": "#1"},
				"south": {"uv": [0, 0, 1, 1], "texture": "#1"},
				"west": {"uv": [0, 0, 1, 1], "texture": "#1"},
				"up": {"uv": [0, 0, 1, 1], "texture": "#1"},
				"down": {"uv": [0, 0, 1, 1], "texture": "#1"}
			}
		},
		{
			"name": "Harlon City Server",
			"from": [9, 3.7766, 11.89931],
			"to": [9.2, 3.8266, 12.64931],
			"rotation": {"angle": -22.5, "axis": "x", "origin": [7.925, 4.0016, 5.22431]},
			"faces": {
				"north": {"uv": [0, 0, 1, 1], "texture": "#1"},
				"east": {"uv": [0, 0, 1, 1], "texture": "#1"},
				"south": {"uv": [0, 0, 1, 1], "texture": "#1"},
				"west": {"uv": [0, 0, 1, 1], "texture": "#1"},
				"up": {"uv": [0, 0, 1, 1], "texture": "#1"},
				"down": {"uv": [0, 0, 1, 1], "texture": "#1"}
			}
		},
		{
			"name": "Harlon City Server",
			"from": [6.65, 3.9266, 8.14931],
			"to": [7.05, 4.1766, 8.89931],
			"rotation": {"angle": -22.5, "axis": "x", "origin": [7.975, 4.0016, 5.22431]},
			"faces": {
				"north": {"uv": [1, 0, 0, 1], "texture": "#1"},
				"east": {"uv": [1, 0, 0, 1], "texture": "#1"},
				"south": {"uv": [1, 0, 0, 1], "texture": "#1"},
				"west": {"uv": [1, 0, 0, 1], "texture": "#1"},
				"up": {"uv": [1, 0, 0, 1], "texture": "#1"},
				"down": {"uv": [1, 0, 0, 1], "texture": "#1"}
			}
		},
		{
			"name": "Harlon City Server",
			"from": [6.95, 3.9266, 5.89931],
			"to": [7.35, 4.1766, 6.64931],
			"rotation": {"angle": -22.5, "axis": "x", "origin": [7.975, 4.0016, 5.22431]},
			"faces": {
				"north": {"uv": [1, 0, 0, 1], "texture": "#1"},
				"east": {"uv": [1, 0, 0, 1], "texture": "#1"},
				"south": {"uv": [1, 0, 0, 1], "texture": "#1"},
				"west": {"uv": [1, 0, 0, 1], "texture": "#1"},
				"up": {"uv": [1, 0, 0, 1], "texture": "#1"},
				"down": {"uv": [1, 0, 0, 1], "texture": "#1"}
			}
		},
		{
			"name": "Harlon City Server",
			"from": [6.85, 3.9266, 6.64931],
			"to": [7.25, 4.1766, 7.39931],
			"rotation": {"angle": -22.5, "axis": "x", "origin": [7.975, 4.0016, 5.22431]},
			"faces": {
				"north": {"uv": [1, 0, 0, 1], "texture": "#1"},
				"east": {"uv": [1, 0, 0, 1], "texture": "#1"},
				"south": {"uv": [1, 0, 0, 1], "texture": "#1"},
				"west": {"uv": [1, 0, 0, 1], "texture": "#1"},
				"up": {"uv": [1, 0, 0, 1], "texture": "#1"},
				"down": {"uv": [1, 0, 0, 1], "texture": "#1"}
			}
		},
		{
			"name": "Harlon City Server",
			"from": [6.75, 3.9266, 7.39931],
			"to": [7.15, 4.1766, 8.14931],
			"rotation": {"angle": -22.5, "axis": "x", "origin": [7.975, 4.0016, 5.22431]},
			"faces": {
				"north": {"uv": [1, 0, 0, 1], "texture": "#1"},
				"east": {"uv": [1, 0, 0, 1], "texture": "#1"},
				"south": {"uv": [1, 0, 0, 1], "texture": "#1"},
				"west": {"uv": [1, 0, 0, 1], "texture": "#1"},
				"up": {"uv": [1, 0, 0, 1], "texture": "#1"},
				"down": {"uv": [1, 0, 0, 1], "texture": "#1"}
			}
		},
		{
			"name": "Harlon City Server",
			"from": [6.55, 3.9266, 8.89931],
			"to": [6.95, 4.1766, 9.64931],
			"rotation": {"angle": -22.5, "axis": "x", "origin": [7.975, 4.0016, 5.22431]},
			"faces": {
				"north": {"uv": [1, 0, 0, 1], "texture": "#1"},
				"east": {"uv": [1, 0, 0, 1], "texture": "#1"},
				"south": {"uv": [1, 0, 0, 1], "texture": "#1"},
				"west": {"uv": [1, 0, 0, 1], "texture": "#1"},
				"up": {"uv": [1, 0, 0, 1], "texture": "#1"},
				"down": {"uv": [1, 0, 0, 1], "texture": "#1"}
			}
		},
		{
			"name": "Harlon City Server",
			"from": [6.45, 3.9266, 9.64931],
			"to": [6.85, 4.1766, 10.39931],
			"rotation": {"angle": -22.5, "axis": "x", "origin": [7.975, 4.0016, 5.22431]},
			"faces": {
				"north": {"uv": [1, 0, 0, 1], "texture": "#1"},
				"east": {"uv": [1, 0, 0, 1], "texture": "#1"},
				"south": {"uv": [1, 0, 0, 1], "texture": "#1"},
				"west": {"uv": [1, 0, 0, 1], "texture": "#1"},
				"up": {"uv": [1, 0, 0, 1], "texture": "#1"},
				"down": {"uv": [1, 0, 0, 1], "texture": "#1"}
			}
		},
		{
			"name": "Harlon City Server",
			"from": [6.25, 3.9266, 11.14931],
			"to": [6.65, 4.1766, 11.89931],
			"rotation": {"angle": -22.5, "axis": "x", "origin": [7.975, 4.0016, 5.22431]},
			"faces": {
				"north": {"uv": [1, 0, 0, 1], "texture": "#1"},
				"east": {"uv": [1, 0, 0, 1], "texture": "#1"},
				"south": {"uv": [1, 0, 0, 1], "texture": "#1"},
				"west": {"uv": [1, 0, 0, 1], "texture": "#1"},
				"up": {"uv": [1, 0, 0, 1], "texture": "#1"},
				"down": {"uv": [1, 0, 0, 1], "texture": "#1"}
			}
		},
		{
			"name": "Harlon City Server",
			"from": [6.35, 3.9266, 10.39931],
			"to": [6.75, 4.1766, 11.14931],
			"rotation": {"angle": -22.5, "axis": "x", "origin": [7.975, 4.0016, 5.22431]},
			"faces": {
				"north": {"uv": [1, 0, 0, 1], "texture": "#1"},
				"east": {"uv": [1, 0, 0, 1], "texture": "#1"},
				"south": {"uv": [1, 0, 0, 1], "texture": "#1"},
				"west": {"uv": [1, 0, 0, 1], "texture": "#1"},
				"up": {"uv": [1, 0, 0, 1], "texture": "#1"},
				"down": {"uv": [1, 0, 0, 1], "texture": "#1"}
			}
		},
		{
			"name": "Harlon City Server",
			"from": [6.15, 3.9266, 11.89931],
			"to": [6.55, 4.1766, 12.64931],
			"rotation": {"angle": -22.5, "axis": "x", "origin": [7.775, 4.0016, 5.22431]},
			"faces": {
				"north": {"uv": [1, 0, 0, 1], "texture": "#1"},
				"east": {"uv": [1, 0, 0, 1], "texture": "#1"},
				"south": {"uv": [1, 0, 0, 1], "texture": "#1"},
				"west": {"uv": [1, 0, 0, 1], "texture": "#1"},
				"up": {"uv": [1, 0, 0, 1], "texture": "#1"},
				"down": {"uv": [1, 0, 0, 1], "texture": "#1"}
			}
		},
		{
			"name": "Harlon City Server",
			"from": [7.25, 3.7766, 8.14931],
			"to": [7.45, 3.8266, 8.89931],
			"rotation": {"angle": -22.5, "axis": "x", "origin": [7.975, 4.0016, 5.22431]},
			"faces": {
				"north": {"uv": [1, 0, 0, 1], "texture": "#1"},
				"east": {"uv": [1, 0, 0, 1], "texture": "#1"},
				"south": {"uv": [1, 0, 0, 1], "texture": "#1"},
				"west": {"uv": [1, 0, 0, 1], "texture": "#1"},
				"up": {"uv": [1, 0, 0, 1], "texture": "#1"},
				"down": {"uv": [1, 0, 0, 1], "texture": "#1"}
			}
		},
		{
			"name": "Harlon City Server",
			"from": [7.55, 3.7766, 5.69931],
			"to": [7.75, 3.8266, 6.64931],
			"rotation": {"angle": -22.5, "axis": "x", "origin": [7.975, 4.0016, 5.22431]},
			"faces": {
				"north": {"uv": [1, 0, 0, 1], "texture": "#1"},
				"east": {"uv": [1, 0, 0, 1], "texture": "#1"},
				"south": {"uv": [1, 0, 0, 1], "texture": "#1"},
				"west": {"uv": [1, 0, 0, 1], "texture": "#1"},
				"up": {"uv": [1, 0, 0, 1], "texture": "#1"},
				"down": {"uv": [1, 0, 0, 1], "texture": "#1"}
			}
		},
		{
			"name": "Harlon City Server",
			"from": [7.45, 3.7766, 6.64931],
			"to": [7.65, 3.8266, 7.39931],
			"rotation": {"angle": -22.5, "axis": "x", "origin": [7.975, 4.0016, 5.22431]},
			"faces": {
				"north": {"uv": [1, 0, 0, 1], "texture": "#1"},
				"east": {"uv": [1, 0, 0, 1], "texture": "#1"},
				"south": {"uv": [1, 0, 0, 1], "texture": "#1"},
				"west": {"uv": [1, 0, 0, 1], "texture": "#1"},
				"up": {"uv": [1, 0, 0, 1], "texture": "#1"},
				"down": {"uv": [1, 0, 0, 1], "texture": "#1"}
			}
		},
		{
			"name": "Harlon City Server",
			"from": [7.35, 3.7766, 7.39931],
			"to": [7.55, 3.8266, 8.14931],
			"rotation": {"angle": -22.5, "axis": "x", "origin": [7.975, 4.0016, 5.22431]},
			"faces": {
				"north": {"uv": [1, 0, 0, 1], "texture": "#1"},
				"east": {"uv": [1, 0, 0, 1], "texture": "#1"},
				"south": {"uv": [1, 0, 0, 1], "texture": "#1"},
				"west": {"uv": [1, 0, 0, 1], "texture": "#1"},
				"up": {"uv": [1, 0, 0, 1], "texture": "#1"},
				"down": {"uv": [1, 0, 0, 1], "texture": "#1"}
			}
		},
		{
			"name": "Harlon City Server",
			"from": [7.15, 3.7766, 8.89931],
			"to": [7.35, 3.8266, 9.64931],
			"rotation": {"angle": -22.5, "axis": "x", "origin": [7.975, 4.0016, 5.22431]},
			"faces": {
				"north": {"uv": [1, 0, 0, 1], "texture": "#1"},
				"east": {"uv": [1, 0, 0, 1], "texture": "#1"},
				"south": {"uv": [1, 0, 0, 1], "texture": "#1"},
				"west": {"uv": [1, 0, 0, 1], "texture": "#1"},
				"up": {"uv": [1, 0, 0, 1], "texture": "#1"},
				"down": {"uv": [1, 0, 0, 1], "texture": "#1"}
			}
		},
		{
			"name": "Harlon City Server",
			"from": [7.05, 3.7766, 9.64931],
			"to": [7.25, 3.8266, 10.39931],
			"rotation": {"angle": -22.5, "axis": "x", "origin": [7.975, 4.0016, 5.22431]},
			"faces": {
				"north": {"uv": [1, 0, 0, 1], "texture": "#1"},
				"east": {"uv": [1, 0, 0, 1], "texture": "#1"},
				"south": {"uv": [1, 0, 0, 1], "texture": "#1"},
				"west": {"uv": [1, 0, 0, 1], "texture": "#1"},
				"up": {"uv": [1, 0, 0, 1], "texture": "#1"},
				"down": {"uv": [1, 0, 0, 1], "texture": "#1"}
			}
		},
		{
			"name": "Harlon City Server",
			"from": [6.85, 3.7766, 11.14931],
			"to": [7.05, 3.8266, 11.89931],
			"rotation": {"angle": -22.5, "axis": "x", "origin": [7.975, 4.0016, 5.22431]},
			"faces": {
				"north": {"uv": [1, 0, 0, 1], "texture": "#1"},
				"east": {"uv": [1, 0, 0, 1], "texture": "#1"},
				"south": {"uv": [1, 0, 0, 1], "texture": "#1"},
				"west": {"uv": [1, 0, 0, 1], "texture": "#1"},
				"up": {"uv": [1, 0, 0, 1], "texture": "#1"},
				"down": {"uv": [1, 0, 0, 1], "texture": "#1"}
			}
		},
		{
			"name": "Harlon City Server",
			"from": [6.95, 3.7766, 10.39931],
			"to": [7.15, 3.8266, 11.14931],
			"rotation": {"angle": -22.5, "axis": "x", "origin": [7.975, 4.0016, 5.22431]},
			"faces": {
				"north": {"uv": [1, 0, 0, 1], "texture": "#1"},
				"east": {"uv": [1, 0, 0, 1], "texture": "#1"},
				"south": {"uv": [1, 0, 0, 1], "texture": "#1"},
				"west": {"uv": [1, 0, 0, 1], "texture": "#1"},
				"up": {"uv": [1, 0, 0, 1], "texture": "#1"},
				"down": {"uv": [1, 0, 0, 1], "texture": "#1"}
			}
		},
		{
			"name": "Harlon City Server",
			"from": [6.8, 3.7766, 11.89931],
			"to": [7, 3.8266, 12.64931],
			"rotation": {"angle": -22.5, "axis": "x", "origin": [8.075, 4.0016, 5.22431]},
			"faces": {
				"north": {"uv": [1, 0, 0, 1], "texture": "#1"},
				"east": {"uv": [1, 0, 0, 1], "texture": "#1"},
				"south": {"uv": [1, 0, 0, 1], "texture": "#1"},
				"west": {"uv": [1, 0, 0, 1], "texture": "#1"},
				"up": {"uv": [1, 0, 0, 1], "texture": "#1"},
				"down": {"uv": [1, 0, 0, 1], "texture": "#1"}
			}
		},
		{
			"name": "Harlon City Server",
			"from": [12.15, -1, 11.75],
			"to": [13.15, -0.75, 12.75],
			"rotation": {"angle": 0, "axis": "y", "origin": [0, -0.75, -3]},
			"faces": {
				"north": {"uv": [0, 0, 1, 1], "texture": "#1"},
				"east": {"uv": [0, 0, 1, 1], "texture": "#1"},
				"south": {"uv": [0, 0, 1, 1], "texture": "#1"},
				"west": {"uv": [0, 0, 1, 1], "texture": "#1"},
				"up": {"uv": [0, 0, 1, 1], "texture": "#1"},
				"down": {"uv": [0, 0, 1, 1], "texture": "#1"}
			}
		},
		{
			"name": "Harlon City Server",
			"from": [12.35, -0.75, 11.95],
			"to": [12.95, -0.5, 12.55],
			"rotation": {"angle": 0, "axis": "y", "origin": [0, -0.75, -3]},
			"faces": {
				"north": {"uv": [0, 0, 1, 1], "texture": "#1"},
				"east": {"uv": [0, 0, 1, 1], "texture": "#1"},
				"south": {"uv": [0, 0, 1, 1], "texture": "#1"},
				"west": {"uv": [0, 0, 1, 1], "texture": "#1"},
				"up": {"uv": [0, 0, 1, 1], "texture": "#1"},
				"down": {"uv": [0, 0, 1, 1], "texture": "#1"}
			}
		},
		{
			"name": "Harlon City Server",
			"from": [2.85, -1, 11.75],
			"to": [3.85, -0.75, 12.75],
			"rotation": {"angle": 0, "axis": "y", "origin": [0, -0.75, -3]},
			"faces": {
				"north": {"uv": [0, 0, 1, 1], "texture": "#1"},
				"east": {"uv": [0, 0, 1, 1], "texture": "#1"},
				"south": {"uv": [0, 0, 1, 1], "texture": "#1"},
				"west": {"uv": [0, 0, 1, 1], "texture": "#1"},
				"up": {"uv": [0, 0, 1, 1], "texture": "#1"},
				"down": {"uv": [0, 0, 1, 1], "texture": "#1"}
			}
		},
		{
			"name": "Harlon City Server",
			"from": [3.05, -0.75, 11.95],
			"to": [3.65, -0.5, 12.55],
			"rotation": {"angle": 0, "axis": "y", "origin": [0, -0.75, -3]},
			"faces": {
				"north": {"uv": [0, 0, 1, 1], "texture": "#1"},
				"east": {"uv": [0, 0, 1, 1], "texture": "#1"},
				"south": {"uv": [0, 0, 1, 1], "texture": "#1"},
				"west": {"uv": [0, 0, 1, 1], "texture": "#1"},
				"up": {"uv": [0, 0, 1, 1], "texture": "#1"},
				"down": {"uv": [0, 0, 1, 1], "texture": "#1"}
			}
		}
	],
	"display": {
		"thirdperson_righthand": {
			"scale": [4, 4, 4]
		},
		"head": {
			"scale": [4, 4, 4]
		}
	},
	"groups": [
		0,
		1,
		2,
		3,
		4,
		5,
		6,
		7,
		8,
		9,
		10,
		11,
		12,
		13,
		14,
		15,
		16,
		17,
		18,
		19,
		20,
		21,
		22,
		23,
		24,
		25,
		26,
		27,
		28,
		29,
		30,
		31,
		32,
		33,
		34,
		35,
		36,
		37,
		38,
		39,
		40,
		41,
		42,
		{
			"name": "Electric A",
			"origin": [0, 0, 0],
			"color": 0,
			"children": [43, 44, 45, 46, 47, 48, 49, 50]
		},
		{
			"name": "Electric B",
			"origin": [0, 0, 0],
			"color": 0,
			"children": [51, 52, 53, 54, 55, 56]
		},
		{
			"name": "Electric C",
			"origin": [0, 0, 0],
			"color": 0,
			"children": [57, 58, 59, 60, 61, 62]
		},
		{
			"name": "Arm 1",
			"origin": [8.025, 5.0016, 3.32431],
			"color": 0,
			"children": [63, 64, 65, 66, 67, 68, 69, 70, 71, 72, 73, 74, 75, 76, 77, 78, 79, 80]
		},
		{
			"name": "Arm 1",
			"origin": [8.025, 5.0016, 3.32431],
			"color": 0,
			"children": [81, 82, 83, 84, 85, 86, 87, 88, 89, 90, 91, 92, 93, 94, 95, 96, 97, 98]
		},
		{
			"name": "Electric B",
			"origin": [0, 0, 0],
			"color": 0,
			"children": [99, 100]
		},
		{
			"name": "Electric C",
			"origin": [0, 0, 0],
			"color": 0,
			"children": [101, 102]
		}
	]
}